incident_date,county_name,crime_type,incident_count,cleared_count,population,crime_rate_per_100k,clearance_rate
2020-01-01,Cook,Violent Crime,33694,11220,5173363,651.2978115009521,0.3329969727547931
2020-01-01,Cook,Property Crime,78852,14902,5173363,1524.192290392149,0.18898696291787145
2020-01-01,Cook,Burglary,22196,6664,5173363,429.04393138467185,0.30023427644620654
2020-01-01,Cook,Larceny-Theft,56413,22140,5173363,1090.4512209949312,0.39246273022175737
2020-01-01,Cook,Motor Vehicle Theft,17022,3327,5173363,329.03161831095167,0.1954529432499119
2020-01-01,Cook,Aggravated Assault,27962,7862,5173363,540.4994778058295,0.28116729847650385
2020-01-01,Cook,Robbery,11233,3403,5173363,217.13148681041713,0.3029466749755186
2020-01-01,Cook,Rape,5534,1336,5173363,106.97103605527005,0.24141669678352007
2020-02-01,Cook,Violent Crime,35867,7170,5173363,693.3014366090297,0.1999052053419578
2020-02-01,Cook,Property Crime,83755,13535,5173363,1618.966231443647,0.1616022924004537
2020-02-01,Cook,Burglary,23974,3985,5173363,463.4122909991044,0.1662217402185701
2020-02-01,Cook,Larceny-Theft,60057,10475,5173363,1160.8889613970643,0.17441763657858367
2020-02-01,Cook,Motor Vehicle Theft,18017,3252,5173363,348.2647554405133,0.180496198035189
2020-02-01,Cook,Aggravated Assault,29906,11284,5173363,578.0765819061991,0.3773155888450478
2020-02-01,Cook,Robbery,11884,2708,5173363,229.71517753538657,0.2278694042409963
2020-02-01,Cook,Rape,5986,1174,5173363,115.70809935432715,0.19612429001002338
2020-03-01,Cook,Violent Crime,39199,11739,5173363,757.7082837604862,0.29947192530421696
2020-03-01,Cook,Property Crime,91059,18120,5173363,1760.1509888248709,0.1989918624188713
2020-03-01,Cook,Burglary,25479,6297,5173363,492.50361901919507,0.24714470740609915
2020-03-01,Cook,Larceny-Theft,64493,15425,5173363,1246.635892358607,0.2391732436078334
2020-03-01,Cook,Motor Vehicle Theft,19309,3576,5173363,373.23883902985347,0.1851986120461961
2020-03-01,Cook,Aggravated Assault,32506,12895,5173363,628.3340256618374,0.39669599458561494
2020-03-01,Cook,Robbery,13029,1972,5173363,251.84778257392725,0.151354670350756
2020-03-01,Cook,Rape,6548,2175,5173363,126.57143911996897,0.33216249236408063
2020-04-01,Cook,Violent Crime,41881,10035,5173363,809.5507699730331,0.23960745922972232
2020-04-01,Cook,Property Crime,96891,29631,5173363,1872.8823011259794,0.30581787782146946
2020-04-01,Cook,Burglary,27725,6314,5173363,535.9183185096426,0.22773669972948601
2020-04-01,Cook,Larceny-Theft,69382,21466,5173363,1341.1392164052668,0.30938860223112624
2020-04-01,Cook,Motor Vehicle Theft,21059,3788,5173363,407.06596463461,0.17987558763474049
2020-04-01,Cook,Aggravated Assault,34877,10125,5173363,674.1649484097675,0.2903059322762852
2020-04-01,Cook,Robbery,14002,3930,5173363,270.6556644101719,0.28067418940151406
2020-04-01,Cook,Rape,6935,1227,5173363,134.05206632513512,0.17692862292718098
2020-05-01,Cook,Violent Crime,43726,16479,5173363,845.2142252534763,0.37686959703608836
2020-05-01,Cook,Property Crime,102051,34583,5173363,1972.6239971948614,0.33887957981793415
2020-05-01,Cook,Burglary,29084,6469,5173363,562.1874977649935,0.22242470086645577
2020-05-01,Cook,Larceny-Theft,72764,25615,5173363,1406.5125528597162,0.352028475619812
2020-05-01,Cook,Motor Vehicle Theft,21977,7712,5173363,424.81070823756227,0.35091231742276013
2020-05-01,Cook,Aggravated Assault,36342,10351,5173363,702.4830849874637,0.2848219690715976
2020-05-01,Cook,Robbery,14732,3381,5173363,284.76640823387027,0.22950040727667662
2020-05-01,Cook,Rape,7184,1844,5173363,138.86518305404047,0.2566815144766147
2020-06-01,Cook,Violent Crime,44837,6803,5173363,866.6896175659817,0.15172736802194617
2020-06-01,Cook,Property Crime,104124,21400,5173363,2012.6946436969529,0.20552418270523606
2020-06-01,Cook,Burglary,29512,11383,5173363,570.460646198614,0.3857075088099756
2020-06-01,Cook,Larceny-Theft,74226,24179,5173363,1434.7727000792327,0.32574839005200334
2020-06-01,Cook,Motor Vehicle Theft,22251,8691,5173363,430.10706961796416,0.39058918700283135
2020-06-01,Cook,Aggravated Assault,37038,8341,5173363,715.9366160851268,0.22520114477023598
2020-06-01,Cook,Robbery,14795,4473,5173363,285.98418475564154,0.3023318688746198
2020-06-01,Cook,Rape,7437,1633,5173363,143.75561892718528,0.21957778674196585
2020-07-01,Cook,Violent Crime,44174,8226,5173363,853.8739694082941,0.18621813736587134
2020-07-01,Cook,Property Crime,102285,21532,5173363,1977.1471671328688,0.2105098499291196
2020-07-01,Cook,Burglary,29313,6138,5173363,566.6140187727017,0.2093951489100399
2020-07-01,Cook,Larceny-Theft,73252,22567,5173363,1415.9454884569282,0.3080734996996669
2020-07-01,Cook,Motor Vehicle Theft,21977,3792,5173363,424.81070823756227,0.17254402329708332
2020-07-01,Cook,Aggravated Assault,36745,7225,5173363,710.2729887695876,0.1966253912096884
2020-07-01,Cook,Robbery,14676,4080,5173363,283.6839402145181,0.27800490596892885
2020-07-01,Cook,Rape,7234,1400,5173363,139.83167235703354,0.19353055017970694
2020-08-01,Cook,Violent Crime,41825,16068,5173363,808.4683019536808,0.384172145845786
2020-08-01,Cook,Property Crime,96934,17289,5173363,1873.7134819265532,0.17835847071203087
2020-08-01,Cook,Burglary,28104,6027,5173363,543.2443074263298,0.2144534585824082
2020-08-01,Cook,Larceny-Theft,69639,20111,5173363,1346.106971422651,0.28878932781918176
2020-08-01,Cook,Motor Vehicle Theft,20867,3615,5173363,403.35464571111675,0.17324004408875257
2020-08-01,Cook,Aggravated Assault,35036,10800,5173363,677.2383843932854,0.3082543669368649
2020-08-01,Cook,Robbery,13848,4590,5173363,267.6788773569533,0.33145580589254764
2020-08-01,Cook,Rape,7076,2440,5173363,136.7775661595755,0.3448275862068966
2020-09-01,Cook,Violent Crime,38881,7403,5173363,751.5614117934505,0.1904014814433785
2020-09-01,Cook,Property Crime,90986,13857,5173363,1758.739914442501,0.15229815576022684
2020-09-01,Cook,Burglary,25625,3876,5173363,495.32576778393474,0.15125853658536587
2020-09-01,Cook,Larceny-Theft,64381,20793,5173363,1244.4709563199026,0.32296795638464765
2020-09-01,Cook,Motor Vehicle Theft,19461,6384,5173363,376.17696651095235,0.3280406967781717
2020-09-01,Cook,Aggravated Assault,32189,10835,5173363,622.2064834808615,0.3366056727453478
2020-09-01,Cook,Robbery,12983,4081,5173363,250.95861241517366,0.314334129245937
2020-09-01,Cook,Rape,6482,1568,5173363,125.29567324001815,0.24190064794816415
2020-10-01,Cook,Violent Crime,35756,14061,5173363,691.1558303563852,0.3932486855352948
2020-10-01,Cook,Property Crime,83656,25748,5173363,1617.0525826237208,0.3077842593478053
2020-10-01,Cook,Burglary,24070,7082,5173363,465.2679504608511,0.29422517656834235
2020-10-01,Cook,Larceny-Theft,59812,19774,5173363,1156.1531638123981,0.3306025546713034
2020-10-01,Cook,Motor Vehicle Theft,17857,5560,5173363,345.1719896709355,0.3113624908999272
2020-10-01,Cook,Aggravated Assault,29844,11402,5173363,576.8781351704878,0.3820533440557566
2020-10-01,Cook,Robbery,11941,4667,5173363,230.81697534079862,0.39083828825056527
2020-10-01,Cook,Rape,6074,1495,5173363,117.40912052759492,0.24613105037866315
2020-11-01,Cook,Violent Crime,33978,6536,5173363,656.7874707419526,0.19235976219907
2020-11-01,Cook,Property Crime,78818,25537,5173363,1523.535077666114,0.32399959400137024
2020-11-01,Cook,Burglary,22536,6845,5173363,435.61605864502457,0.3037362442314519
2020-11-01,Cook,Larceny-Theft,56279,18864,5173363,1087.86102966291,0.335187192380817
2020-11-01,Cook,Motor Vehicle Theft,16955,4067,5173363,327.736522644941,0.23987024476555588
2020-11-01,Cook,Aggravated Assault,28031,9881,5173363,541.83323304396,0.35250258642217547
2020-11-01,Cook,Robbery,11389,3164,5173363,220.14693343575544,0.2778119237861094
2020-11-01,Cook,Rape,5627,1758,5173363,108.7687061588371,0.3124222498667141
2020-12-01,Cook,Violent Crime,33089,12325,5173363,639.6032909347363,0.37248028045574055
2020-12-01,Cook,Property Crime,76823,13328,5173363,1484.9721544766915,0.17348971011285683
2020-12-01,Cook,Burglary,22020,5866,5173363,425.6418890381363,0.26639418710263396
2020-12-01,Cook,Larceny-Theft,54995,16372,5173363,1063.0415843620485,0.2976997908900809
2020-12-01,Cook,Motor Vehicle Theft,16090,5722,5173363,311.01625770316133,0.35562461155997516
2020-12-01,Cook,Aggravated Assault,27417,7692,5173363,529.9647444032055,0.2805558595032279
2020-12-01,Cook,Robbery,11081,3387,5173363,214.19335932931827,0.30565833408537135
2020-12-01,Cook,Rape,5374,1519,5173363,103.87827028569231,0.28265723855601044
2021-01-01,Cook,Violent Crime,33781,11199,5173363,652.97950288816,0.33151771705988575
2021-01-01,Cook,Property Crime,78628,17117,5173363,1519.8624183147404,0.21769598616269015
2021-01-01,Cook,Burglary,22481,3514,5173363,434.5529204117322,0.1563097726969441
2021-01-01,Cook,Larceny-Theft,56403,10904,5173363,1090.2579231343325,0.19332305019236565
2021-01-01,Cook,Motor Vehicle Theft,16731,4806,5173363,323.40665056753215,0.2872512103281334
2021-01-01,Cook,Aggravated Assault,28240,6212,5173363,545.8731583304709,0.21997167138810197
2021-01-01,Cook,Robbery,11269,2872,5173363,217.82735910857213,0.2548584612654184
2021-01-01,Cook,Rape,5569,1890,5173363,107.64757856736517,0.3393787035374394
2021-02-01,Cook,Violent Crime,35438,12894,5173363,685.0089583893495,0.3638467182120887
2021-02-01,Cook,Property Crime,83918,14640,5173363,1622.1169865714044,0.17445601658762125
2021-02-01,Cook,Burglary,23923,4624,5173363,462.42647191005153,0.1932867951343895
2021-02-01,Cook,Larceny-Theft,59771,18168,5173363,1155.360642583944,0.303960114436767
2021-02-01,Cook,Motor Vehicle Theft,17997,4385,5173363,347.87815971931605,0.24365171973106628
2021-02-01,Cook,Aggravated Assault,29971,10913,5173363,579.3330180000901,0.3641186480264255
2021-02-01,Cook,Robbery,12014,2014,5173363,232.22804972316845,0.16763775595139005
2021-02-01,Cook,Rape,6013,1782,5173363,116.23000357794339,0.2963578912356561
2021-03-01,Cook,Violent Crime,39202,9684,5173363,757.7662731186658,0.24702821284628335
2021-03-01,Cook,Property Crime,90658,25964,5173363,1752.3997446148667,0.28639502305367426
2021-03-01,Cook,Burglary,26199,10225,5173363,506.42106498229487,0.39028207183480285
2021-03-01,Cook,Larceny-Theft,65065,10887,5173363,1257.6925299848474,0.16732498270959809
2021-03-01,Cook,Motor Vehicle Theft,19190,3331,5173363,370.9385944887301,0.17357998957790516
2021-03-01,Cook,Aggravated Assault,32430,7450,5173363,626.8649619212879,0.22972556275053962
2021-03-01,Cook,Robbery,13064,4619,5173363,252.5243250860224,0.3535670545009186
2021-03-01,Cook,Rape,6414,2079,5173363,123.98124778794761,0.32413470533208605
2021-04-01,Cook,Violent Crime,41786,13946,5173363,807.7144402973462,0.33374814531182695
2021-04-01,Cook,Property Crime,97624,18974,5173363,1887.0510343078572,0.1943579447676801
2021-04-01,Cook,Burglary,27934,11107,5173363,539.9582437961535,0.39761580869191665
2021-04-01,Cook,Larceny-Theft,69452,23898,5173363,1342.492301429457,0.3440937625986293
2021-04-01,Cook,Motor Vehicle Theft,20788,7579,5173363,401.8275926123877,0.36458533769482393
2021-04-01,Cook,Aggravated Assault,34721,11757,5173363,671.1495017844292,0.3386135191958757
2021-04-01,Cook,Robbery,13728,3793,5173363,265.35930302977,0.27629662004662003
2021-04-01,Cook,Rape,7040,2632,5173363,136.08169386142052,0.37386363636363634
2021-05-01,Cook,Violent Crime,43774,16474,5173363,846.1420549843497,0.3763421208936812
2021-05-01,Cook,Property Crime,101784,39442,5173363,1967.4629443168785,0.38750687730881084
2021-05-01,Cook,Burglary,29618,9121,5173363,572.5096035209592,0.30795462218920927
2021-05-01,Cook,Larceny-Theft,73028,16954,5173363,1411.6156163795195,0.23215752861915978
2021-05-01,Cook,Motor Vehicle Theft,21995,7651,5173363,425.15864438663976,0.34785178449647647
2021-05-01,Cook,Aggravated Assault,36707,10043,5173363,709.5384568993129,0.2735990410548397
2021-05-01,Cook,Robbery,14362,3739,5173363,277.6143873917218,0.2603397855451887
2021-05-01,Cook,Rape,7428,1331,5173363,143.58165085264653,0.17918686052773292
2021-06-01,Cook,Violent Crime,44363,13510,5173363,857.5272989736076,0.3045330568266348
2021-06-01,Cook,Property Crime,103628,33704,5173363,2003.1070698112621,0.325240282549118
2021-06-01,Cook,Burglary,29433,9611,5173363,568.9335930998849,0.32653823939115956
2021-06-01,Cook,Larceny-Theft,73902,29313,5173363,1428.5098493958378,0.3966469107737274
2021-06-01,Cook,Motor Vehicle Theft,22256,7860,5173363,430.2037185482635,0.3531631919482387
2021-06-01,Cook,Aggravated Assault,37332,6379,5173363,721.6195731867259,0.17087217400621452
2021-06-01,Cook,Robbery,14978,3835,5173363,289.5215356045961,0.2560421952196555
2021-06-01,Cook,Rape,7572,2068,5173363,146.36514004526651,0.2731114632857897
2021-07-01,Cook,Violent Crime,43398,7784,5173363,838.8740554258419,0.1793631042905203
2021-07-01,Cook,Property Crime,102432,30303,5173363,1979.9886456836687,0.2958352858481724
2021-07-01,Cook,Burglary,29689,6573,5173363,573.8820183312093,0.22139512950924584
2021-07-01,Cook,Larceny-Theft,73415,28690,5173363,1419.0962435846857,0.39079207246475517
2021-07-01,Cook,Motor Vehicle Theft,21932,3694,5173363,423.9408678648686,0.16842969177457595
2021-07-01,Cook,Aggravated Assault,36563,10265,5173363,706.7549677066929,0.28074829745918006
2021-07-01,Cook,Robbery,14658,3864,5173363,283.3360040654406,0.2636103151862464
2021-07-01,Cook,Rape,7338,2753,5173363,141.84197010725904,0.3751703461433633
2021-08-01,Cook,Violent Crime,41219,15976,5173363,796.7544516014051,0.38758824813799464
2021-08-01,Cook,Property Crime,97771,29823,5173363,1889.8925128586568,0.30502909860797167
2021-08-01,Cook,Burglary,27696,7365,5173363,535.3577547139066,0.26592287694974004
2021-08-01,Cook,Larceny-Theft,69405,11759,5173363,1341.5838014846436,0.16942583387364024
2021-08-01,Cook,Motor Vehicle Theft,20940,4761,5173363,404.76572009348655,0.22736389684813754
2021-08-01,Cook,Aggravated Assault,34946,6662,5173363,675.498703647898,0.19063698277342186
2021-08-01,Cook,Robbery,14094,5460,5173363,272.43400472767905,0.3873988931460196
2021-08-01,Cook,Rape,7008,1783,5173363,135.46314070750498,0.2544235159817352
2021-09-01,Cook,Violent Crime,39175,6319,5173363,757.2443688950495,0.1613018506700702
2021-09-01,Cook,Property Crime,90180,22114,5173363,1743.160106878253,0.24522066977156798
2021-09-01,Cook,Burglary,26047,6608,5173363,503.48293750119603,0.25369524321418974
2021-09-01,Cook,Larceny-Theft,64495,23616,5173363,1246.6745519307267,0.36616791999379794
2021-09-01,Cook,Motor Vehicle Theft,19564,5138,5173363,378.16793447511805,0.262625230014312
2021-09-01,Cook,Aggravated Assault,32100,9679,5173363,620.4861325215339,0.30152647975077884
2021-09-01,Cook,Robbery,12838,3909,5173363,248.15579343649384,0.3044866801682505
2021-09-01,Cook,Rape,6434,2045,5173363,124.36784350914483,0.31784271059993785
2021-10-01,Cook,Violent Crime,35901,10053,5173363,693.958649335065,0.28002005515166706
2021-10-01,Cook,Property Crime,84088,24405,5173363,1625.4030502015808,0.2902316620683094
2021-10-01,Cook,Burglary,24134,4428,5173363,466.50505676868215,0.18347559459683435
2021-10-01,Cook,Larceny-Theft,59901,12174,5173363,1157.873514771726,0.20323533830820856
2021-10-01,Cook,Motor Vehicle Theft,17777,4224,5173363,343.62560678614665,0.23761039545480114
2021-10-01,Cook,Aggravated Assault,29953,7768,5173363,578.9850818510126,0.2593396320902748
2021-10-01,Cook,Robbery,12133,3379,5173363,234.52829426429193,0.2784966619962087
2021-10-01,Cook,Rape,6050,1848,5173363,116.94520566215824,0.3054545454545455
2021-11-01,Cook,Violent Crime,33540,9157,5173363,648.3210244477335,0.27301729278473463
2021-11-01,Cook,Property Crime,78568,31034,5173363,1518.7026311511486,0.3949954179818756
2021-11-01,Cook,Burglary,22503,6938,5173363,434.9781757050491,0.3083144469626272
2021-11-01,Cook,Larceny-Theft,56078,10218,5173363,1083.9757426648778,0.1822104925282642
2021-11-01,Cook,Motor Vehicle Theft,16710,3086,5173363,323.0007250602751,0.18467983243566727
2021-11-01,Cook,Aggravated Assault,28201,6667,5173363,545.1192966741364,0.2364100563809794
2021-11-01,Cook,Robbery,11411,3616,5173363,220.5721887290724,0.3168872140916659
2021-11-01,Cook,Rape,5546,888,5173363,107.20299348798838,0.16011539848539488
2021-12-01,Cook,Violent Crime,32783,6368,5173363,633.6883764004189,0.19424701827166518
2021-12-01,Cook,Property Crime,76503,20288,5173363,1478.7866229375359,0.26519221468439147
2021-12-01,Cook,Burglary,21850,6027,5173363,422.35582540795997,0.27583524027459955
2021-12-01,Cook,Larceny-Theft,55098,19276,5173363,1065.032552326214,0.3498493593233874
2021-12-01,Cook,Motor Vehicle Theft,16537,6092,5173363,319.65667207191916,0.3683860434177904
2021-12-01,Cook,Aggravated Assault,27771,6087,5173363,536.8074886683962,0.21918548125742682
2021-12-01,Cook,Robbery,11096,2176,5173363,214.48330612021618,0.19610670511896178
2021-12-01,Cook,Rape,5429,1471,5173363,104.94140851898466,0.27095229324000736
2022-01-01,Cook,Violent Crime,33822,8984,5173363,653.7720241166143,0.2656259239548223
2022-01-01,Cook,Property Crime,78984,16832,5173363,1526.7438221520508,0.21310645193963335
2022-01-01,Cook,Burglary,22602,6281,5173363,436.89182452497533,0.277895761437041
2022-01-01,Cook,Larceny-Theft,56288,14739,5173363,1088.0349977374485,0.2618497725980671
2022-01-01,Cook,Motor Vehicle Theft,16892,3670,5173363,326.5187461231698,0.21726260951929907
2022-01-01,Cook,Aggravated Assault,28074,6471,5173363,542.664413844534,0.23049796965163497
2022-01-01,Cook,Robbery,11157,2007,5173363,215.66242306986769,0.17988706641570315
2022-01-01,Cook,Rape,5734,1833,5173363,110.83699326724222,0.319672131147541
2022-02-01,Cook,Violent Crime,36062,6192,5173363,697.0707448907027,0.1717042870611724
2022-02-01,Cook,Property Crime,83774,28178,5173363,1619.3334973787842,0.33635734237352877
2022-02-01,Cook,Burglary,23897,5279,5173363,461.9238974724951,0.22090638992342135
2022-02-01,Cook,Larceny-Theft,59721,17480,5173363,1154.3941532809508,0.2926943621171782
2022-02-01,Cook,Motor Vehicle Theft,17985,3155,5173363,347.6462022865977,0.1754239644147901
2022-02-01,Cook,Aggravated Assault,29707,5649,5173363,574.2299544802868,0.19015720200626116
2022-02-01,Cook,Robbery,11853,2291,5173363,229.11595416753087,0.19328440057369442
2022-02-01,Cook,Rape,6097,1714,5173363,117.85370560697172,0.28112186321141547
2022-03-01,Cook,Violent Crime,38750,6897,5173363,749.0292098196087,0.17798709677419355
2022-03-01,Cook,Property Crime,90446,33137,5173363,1748.301829970176,0.36637330561882225
2022-03-01,Cook,Burglary,26031,5016,5173363,503.1736609242382,0.19269332718681573
2022-03-01,Cook,Larceny-Theft,64792,18737,5173363,1252.4154983905055,0.28918693665884676
2022-03-01,Cook,Motor Vehicle Theft,19428,6651,5173363,375.53908357097697,0.3423409512044472
2022-03-01,Cook,Aggravated Assault,32153,8242,5173363,621.5106111827065,0.25633688924828163
2022-03-01,Cook,Robbery,12936,2311,5173363,250.0501124703602,0.17864873222016078
2022-03-01,Cook,Rape,6492,1917,5173363,125.48897110061675,0.29528650646950094
2022-04-01,Cook,Violent Crime,41474,11743,5173363,801.6835470466697,0.28314124511742295
2022-04-01,Cook,Property Crime,96631,17741,5173363,1867.8565567504156,0.18359532655152072
2022-04-01,Cook,Burglary,27720,5922,5173363,535.8216695793433,0.21363636363636362
2022-04-01,Cook,Larceny-Theft,69657,20821,5173363,1346.4549075717284,0.2989075039120261
2022-04-01,Cook,Motor Vehicle Theft,20844,4944,5173363,402.9100606317399,0.23719055843408174
2022-04-01,Cook,Aggravated Assault,35104,13734,5173363,678.5528098453559,0.39123746581586144
2022-04-01,Cook,Robbery,13746,5286,5173363,265.7072391788475,0.38454823221300743
2022-04-01,Cook,Rape,6866,2302,5173363,132.71831108700474,0.3352752694436353
2022-05-01,Cook,Violent Crime,43885,8116,5173363,848.2876612369942,0.18493790589039535
2022-05-01,Cook,Property Crime,102592,19586,5173363,1983.0814114532461,0.19091157205240175
2022-05-01,Cook,Burglary,29038,9184,5173363,561.2983276062399,0.31627522556649906
2022-05-01,Cook,Larceny-Theft,73085,26990,5173363,1412.7174141849314,0.3692960251761647
2022-05-01,Cook,Motor Vehicle Theft,21875,5682,5173363,422.8390700594565,0.25974857142857144
2022-05-01,Cook,Aggravated Assault,36466,8217,5173363,704.8799784588864,0.22533318707837438
2022-05-01,Cook,Robbery,14704,3059,5173363,284.2251742241942,0.2080386289445049
2022-05-01,Cook,Rape,7436,2125,5173363,143.7362891411254,0.285771920387305
2022-06-01,Cook,Violent Crime,44953,8056,5173363,868.9318727489256,0.1792093964807688
2022-06-01,Cook,Property Crime,104769,24487,5173363,2025.1623557055634,0.23372371598469013
2022-06-01,Cook,Burglary,29533,9008,5173363,570.866571705871,0.3050147292858836
2022-06-01,Cook,Larceny-Theft,74393,25825,5173363,1438.0007743512294,0.34714287634589275
2022-06-01,Cook,Motor Vehicle Theft,22135,4695,5173363,427.8648144350203,0.21210752202394398
2022-06-01,Cook,Aggravated Assault,37326,10916,5173363,721.5035944703668,0.29245030273803785
2022-06-01,Cook,Robbery,14971,3525,5173363,289.3862271021771,0.2354552134125977
2022-06-01,Cook,Rape,7526,2721,5173363,145.4759698865129,0.36154663832048894
2022-07-01,Cook,Violent Crime,43566,15218,5173363,842.1214594838985,0.3493090942478079
2022-07-01,Cook,Property Crime,101917,33690,5173363,1970.0338058628402,0.33056310527193694
2022-07-01,Cook,Burglary,29339,9490,5173363,567.116593210258,0.3234602406353318
2022-07-01,Cook,Larceny-Theft,73100,17282,5173363,1413.0073609758294,0.23641586867305062
2022-07-01,Cook,Motor Vehicle Theft,21768,6440,5173363,420.7707829510514,0.2958471150312385
2022-07-01,Cook,Aggravated Assault,36480,14111,5173363,705.1505954637245,0.38681469298245613
2022-07-01,Cook,Robbery,14473,4001,5173363,279.7599936443664,0.2764457956194293
2022-07-01,Cook,Rape,7334,2699,5173363,141.76465096301962,0.36801199890919006
2022-08-01,Cook,Violent Crime,42097,13646,5173363,813.7260037619629,0.3241561156376939
2022-08-01,Cook,Property Crime,97871,18412,5173363,1891.825491464643,0.18812518519275373
2022-08-01,Cook,Burglary,27843,7128,5173363,538.1992332647061,0.25600689580864133
2022-08-01,Cook,Larceny-Theft,69705,26584,5173363,1347.382737302602,0.3813786672405136
2022-08-01,Cook,Motor Vehicle Theft,20835,8255,5173363,402.73609255720123,0.39620830333573315
2022-08-01,Cook,Aggravated Assault,34968,13295,5173363,675.9239589412149,0.38020475863646763
2022-08-01,Cook,Robbery,14056,4186,5173363,271.6994728574044,0.29780876494023906
2022-08-01,Cook,Rape,6928,1619,5173363,133.91675782271608,0.233689376443418
2022-09-01,Cook,Violent Crime,38989,9099,5173363,753.6490286879153,0.23337351560696606
2022-09-01,Cook,Property Crime,90447,34366,5173363,1748.3211597562358,0.379957323073181
2022-09-01,Cook,Burglary,25795,8625,5173363,498.6118314141111,0.33436712541190156
2022-09-01,Cook,Larceny-Theft,64633,17005,5173363,1249.3420624069875,0.2631008927328145
2022-09-01,Cook,Motor Vehicle Theft,19229,5280,5173363,371.6924561450646,0.27458526184408966
2022-09-01,Cook,Aggravated Assault,32292,7769,5173363,624.1974514450271,0.2405859036293819
2022-09-01,Cook,Robbery,12959,1986,5173363,250.494697549737,0.15325256578439694
2022-09-01,Cook,Rape,6505,2538,5173363,125.74025831939494,0.3901614142966949
2022-10-01,Cook,Violent Crime,35665,6110,5173363,689.3968198249378,0.17131641665498387
2022-10-01,Cook,Property Crime,83822,28289,5173363,1620.2613271096577,0.3374889647109351
2022-10-01,Cook,Burglary,23786,4787,5173363,459.7782912198506,0.2012528378037501
2022-10-01,Cook,Larceny-Theft,59576,15967,5173363,1151.591334302271,0.26801060829864376
2022-10-01,Cook,Motor Vehicle Theft,17970,6179,5173363,347.35625549569977,0.34385086254869224
2022-10-01,Cook,Aggravated Assault,29886,7776,5173363,577.6899861850019,0.2601887171250753
2022-10-01,Cook,Robbery,11932,2252,5173363,230.6430072662599,0.1887361716392893
2022-10-01,Cook,Rape,5902,2281,5173363,114.08439732529885,0.3864791596069129
2022-11-01,Cook,Violent Crime,33693,10478,5173363,651.2784817148922,0.3109844774879055
2022-11-01,Cook,Property Crime,78700,14877,5173363,1521.2541629110503,0.18903430749682337
2022-11-01,Cook,Burglary,22603,3543,5173363,436.9111543110352,0.1567491041012255
2022-11-01,Cook,Larceny-Theft,56062,17826,5173363,1083.66646608792,0.31796939103135813
2022-11-01,Cook,Motor Vehicle Theft,17003,5325,5173363,328.6643523758143,0.3131800270540493
2022-11-01,Cook,Aggravated Assault,27999,5901,5173363,541.2146798900444,0.21075752705453765
2022-11-01,Cook,Robbery,11324,4048,5173363,218.89049734186446,0.35747085835393855
2022-11-01,Cook,Rape,5605,1127,5173363,108.34345086552015,0.20107047279214987
2022-12-01,Cook,Violent Crime,32869,5037,5173363,635.3507380015668,0.1532446986522255
2022-12-01,Cook,Property Crime,76494,11981,5173363,1478.6126548629973,0.15662666352916568
2022-12-01,Cook,Burglary,21834,5575,5173363,422.0465488310022,0.25533571494000185
2022-12-01,Cook,Larceny-Theft,55308,13022,5173363,1069.091807398785,0.23544514355970203
2022-12-01,Cook,Motor Vehicle Theft,16397,4879,5173363,316.95050202353866,0.2975544306885406
2022-12-01,Cook,Aggravated Assault,27368,6906,5173363,529.0175848862723,0.25233849751534637
2022-12-01,Cook,Robbery,11009,2461,5173363,212.8016147330083,0.22354437278590245
2022-12-01,Cook,Rape,5662,1047,5173363,109.44524867093223,0.18491699046273402
2023-01-01,Cook,Violent Crime,33996,12702,5173363,657.1354068910301,0.3736321920225909
2023-01-01,Cook,Property Crime,79039,12299,5173363,1527.806960385343,0.15560672579359558
2023-01-01,Cook,Burglary,22402,6908,5173363,433.0258673130032,0.30836532452459603
2023-01-01,Cook,Larceny-Theft,56093,20122,5173363,1084.2656894557756,0.35872568769721713
2023-01-01,Cook,Motor Vehicle Theft,16741,2588,5173363,323.5999484281308,0.154590526252912
2023-01-01,Cook,Aggravated Assault,28411,8356,5173363,549.1785517467071,0.2941114357115202
2023-01-01,Cook,Robbery,11181,3498,5173363,216.12633793530438,0.31285215991414006
2023-01-01,Cook,Rape,5708,871,5173363,110.33441882968584,0.15259285213735108
2023-02-01,Cook,Violent Crime,35653,13137,5173363,689.1648623922196,0.36846829158836564
2023-02-01,Cook,Property Crime,83824,26510,5173363,1620.2999866817772,0.3162578736400076
2023-02-01,Cook,Burglary,23764,6052,5173363,459.35303592653366,0.2546709308197273
2023-02-01,Cook,Larceny-Theft,59735,9661,5173363,1154.664770285789,0.16173097848832343
2023-02-01,Cook,Motor Vehicle Theft,17798,3038,5173363,344.03153229340376,0.1706933363299247
2023-02-01,Cook,Aggravated Assault,29959,7409,5173363,579.1010605673717,0.2473046496879068
2023-02-01,Cook,Robbery,11895,3922,5173363,229.92780518204503,0.32971836906263136
2023-02-01,Cook,Rape,5935,1596,5173363,114.72228026527425,0.26891322662173545
2023-03-01,Cook,Violent Crime,38894,12957,5173363,751.8126990122287,0.3331362163829897
2023-03-01,Cook,Property Crime,90266,19458,5173363,1744.822468479401,0.21556289189728137
2023-03-01,Cook,Burglary,25910,7101,5173363,500.83475681099515,0.27406406792744115
2023-03-01,Cook,Larceny-Theft,64737,22187,5173363,1251.352360157213,0.3427251803450886
2023-03-01,Cook,Motor Vehicle Theft,19197,6374,5173363,371.0739029911491,0.33203104651768506
2023-03-01,Cook,Aggravated Assault,32331,8364,5173363,624.9513131013617,0.2586990813770066
2023-03-01,Cook,Robbery,12846,4494,5173363,248.31043172497272,0.34983652498832324
2023-03-01,Cook,Rape,6513,1937,5173363,125.89489660787382,0.29740518962075846
2023-04-01,Cook,Violent Crime,41628,15790,5173363,804.6603340998881,0.3793120015374267
2023-04-01,Cook,Property Crime,96933,25348,5173363,1873.6941521404938,0.26150021148628433
2023-04-01,Cook,Burglary,27638,10177,5173363,534.2366271224347,0.3682249077357262
2023-04-01,Cook,Larceny-Theft,69701,21934,5173363,1347.3054181583623,0.314687020272306
2023-04-01,Cook,Motor Vehicle Theft,20937,4447,5173363,404.707730735307,0.21239910206810908
2023-04-01,Cook,Aggravated Assault,34753,13794,5173363,671.7680549383448,0.3969153742122982
2023-04-01,Cook,Robbery,14153,4619,5173363,273.57446210521084,0.32636190207023247
2023-04-01,Cook,Rape,7101,2073,5173363,137.26081081107202,0.29193071398394593
2023-05-01,Cook,Violent Crime,44190,14333,5173363,854.1832459852518,0.32434940031681375
2023-05-01,Cook,Property Crime,102103,40102,5173363,1973.6291460699742,0.39276025190249064
2023-05-01,Cook,Burglary,29590,10815,5173363,571.9683695112831,0.3654950996958432
2023-05-01,Cook,Larceny-Theft,73379,26213,5173363,1418.4003712865306,0.3572275446653675
2023-05-01,Cook,Motor Vehicle Theft,21797,3688,5173363,421.33134674678735,0.16919759599944947
2023-05-01,Cook,Aggravated Assault,36644,12136,5173363,708.3206803775416,0.33118655168649713
2023-05-01,Cook,Robbery,14380,4096,5173363,277.9623235407993,0.2848400556328234
2023-05-01,Cook,Rape,7385,2263,5173363,142.75047005207253,0.3064319566689235
2023-06-01,Cook,Violent Crime,44916,9353,5173363,868.2166706647107,0.2082331463175706
2023-06-01,Cook,Property Crime,104140,36417,5173363,2013.0039202739108,0.3496927213366622
2023-06-01,Cook,Burglary,29888,8068,5173363,577.7286457571216,0.26994111349036404
2023-06-01,Cook,Larceny-Theft,74467,29490,5173363,1439.4311785196594,0.396014341923268
2023-06-01,Cook,Motor Vehicle Theft,22433,5728,5173363,433.6250906808588,0.25533811795123257
2023-06-01,Cook,Aggravated Assault,37321,6628,5173363,721.4069455400675,0.1775943838589534
2023-06-01,Cook,Robbery,14822,3321,5173363,286.50608897925775,0.22405883146673863
2023-06-01,Cook,Rape,7366,1137,5173363,142.38320411693513,0.1543578604398588
2023-07-01,Cook,Violent Crime,43771,8953,5173363,846.0840656261701,0.2045418199264353
2023-07-01,Cook,Property Crime,101778,37635,5173363,1967.3469656005193,0.36977539350350763
2023-07-01,Cook,Burglary,29592,8976,5173363,572.0070290834028,0.3033252230332522
2023-07-01,Cook,Larceny-Theft,73184,20357,5173363,1414.6310630048579,0.2781618933100131
2023-07-01,Cook,Motor Vehicle Theft,21797,4471,5173363,421.33134674678735,0.2051199706381612
2023-07-01,Cook,Aggravated Assault,36342,8632,5173363,702.4830849874637,0.23752132518848715
2023-07-01,Cook,Robbery,14781,5893,5173363,285.71356775080346,0.3986875042284013
2023-07-01,Cook,Rape,7216,2450,5173363,139.483736207956,0.33952328159645234
2023-08-01,Cook,Violent Crime,41828,14805,5173363,808.5262913118604,0.35394950750693316
2023-08-01,Cook,Property Crime,97058,27588,5173363,1876.1103753979762,0.2842424117537967
2023-08-01,Cook,Burglary,27851,4814,5173363,538.3538715531851,0.1728483716922193
2023-08-01,Cook,Larceny-Theft,69871,12742,5173363,1350.5914817885387,0.18236464341429207
2023-08-01,Cook,Motor Vehicle Theft,21061,7698,5173363,407.1046242067298,0.3655097098903186
2023-08-01,Cook,Aggravated Assault,34943,10053,5173363,675.4407142897184,0.28769710671665283
2023-08-01,Cook,Robbery,13710,3333,5173363,265.0113668806925,0.24310722100656454
2023-08-01,Cook,Rape,6891,1887,5173363,133.20155573850124,0.2738354375272094
2023-09-01,Cook,Violent Crime,38463,12339,5173363,743.4815612204286,0.3208018095312378
2023-09-01,Cook,Property Crime,90001,24641,5173363,1739.7000751735382,0.2737858468239242
2023-09-01,Cook,Burglary,25858,9209,5173363,499.82960793588234,0.35613736561218967
2023-09-01,Cook,Larceny-Theft,64555,18813,5173363,1247.8343390943182,0.2914259158856789
2023-09-01,Cook,Motor Vehicle Theft,19303,6743,5173363,373.12286031349436,0.3493239392840491
2023-09-01,Cook,Aggravated Assault,32416,11890,5173363,626.5943449164499,0.36679417571569595
2023-09-01,Cook,Robbery,13004,4218,5173363,251.36453792243074,0.32436173485081515
2023-09-01,Cook,Rape,6509,2201,5173363,125.81757746363438,0.3381471808265479
2023-10-01,Cook,Violent Crime,35675,13127,5173363,689.5901176855365,0.3679607568325158
2023-10-01,Cook,Property Crime,83367,28001,5173363,1611.4662744524212,0.33587630597238716
2023-10-01,Cook,Burglary,23753,8504,5173363,459.14040827987515,0.35801793457668507
2023-10-01,Cook,Larceny-Theft,59822,13266,5173363,1156.3464616729968,0.22175788171575675
2023-10-01,Cook,Motor Vehicle Theft,17990,5540,5173363,347.742851216897,0.3079488604780434
2023-10-01,Cook,Aggravated Assault,29783,8488,5173363,575.6990182208363,0.28499479568881575
2023-10-01,Cook,Robbery,12058,4102,5173363,233.07856030980236,0.34018908608392767
2023-10-01,Cook,Rape,5991,1410,5173363,115.80474828462647,0.23535302954431647
2023-11-01,Cook,Violent Crime,33830,5941,5173363,653.9266624050932,0.17561336092225835
2023-11-01,Cook,Property Crime,79329,13244,5173363,1533.4125983427027,0.16695029560438177
2023-11-01,Cook,Burglary,22418,3740,5173363,433.33514388996093,0.16683022571148184
2023-11-01,Cook,Larceny-Theft,56322,17191,5173363,1088.6922104634837,0.3052270871062817
2023-11-01,Cook,Motor Vehicle Theft,16978,5765,5173363,328.1811077243178,0.33955707386028977
2023-11-01,Cook,Aggravated Assault,27525,6355,5173363,532.0523612976704,0.23088101725703905
2023-11-01,Cook,Robbery,11250,3609,5173363,217.46009317343479,0.3208
2023-11-01,Cook,Rape,5615,2241,5173363,108.53674872611879,0.39910952804986644
2023-12-01,Cook,Violent Crime,32942,6288,5173363,636.7618123839367,0.19088094226215774
2023-12-01,Cook,Property Crime,77211,15843,5173363,1492.4721114679173,0.20519097019854685
2023-12-01,Cook,Burglary,21736,6817,5173363,420.1522297971359,0.31362716231137283
2023-12-01,Cook,Larceny-Theft,54808,10290,5173363,1059.4269143688546,0.18774631440665596
2023-12-01,Cook,Motor Vehicle Theft,16465,4197,5173363,318.2649274756092,0.254904342544792
2023-12-01,Cook,Aggravated Assault,27550,6021,5173363,532.5356059491669,0.2185480943738657
2023-12-01,Cook,Robbery,11147,2265,5173363,215.46912520926912,0.20319368439938998
2023-12-01,Cook,Rape,5469,1467,5173363,105.71459996137908,0.2682391662095447
2024-01-01,Cook,Violent Crime,34317,12599,5173363,663.3402682162454,0.36713582189585336
2024-01-01,Cook,Property Crime,79013,28539,5173363,1527.3043859477868,0.3611937276144432
2024-01-01,Cook,Burglary,22626,4136,5173363,437.35573939041205,0.18279855034031645
2024-01-01,Cook,Larceny-Theft,56346,15234,5173363,1089.1561253289206,0.2703652433180705
2024-01-01,Cook,Motor Vehicle Theft,16701,5367,5173363,322.8267569857363,0.3213580025148195
2024-01-01,Cook,Aggravated Assault,28100,7668,5173363,543.1669882820904,0.27288256227758007
2024-01-01,Cook,Robbery,11046,2399,5173363,213.51681681722314,0.217182690566721
2024-01-01,Cook,Rape,5697,1502,5173363,110.12179118302737,0.2636475337897139
2024-02-01,Cook,Violent Crime,35832,10749,5173363,692.6248940969347,0.2999832551908908
2024-02-01,Cook,Property Crime,83565,30503,5173363,1615.2935720922735,0.36502124095015853
2024-02-01,Cook,Burglary,24061,6499,5173363,465.09398238631235,0.2701051494119114
2024-02-01,Cook,Larceny-Theft,59457,23584,5173363,1149.2910897611478,0.3966564071513867
2024-02-01,Cook,Motor Vehicle Theft,17781,5415,5173363,343.7029259303861,0.3045385523873798
2024-02-01,Cook,Aggravated Assault,30012,4575,5173363,580.1255392285443,0.1524390243902439
2024-02-01,Cook,Robbery,11908,2047,5173363,230.1790924008232,0.17190124286194156
2024-02-01,Cook,Rape,5948,1009,5173363,114.97356748405244,0.16963685272360457
2024-03-01,Cook,Violent Crime,38742,11308,5173363,748.8745715311297,0.2918796138557638
2024-03-01,Cook,Property Crime,90701,18143,5173363,1753.2309254154404,0.20003087066294747
2024-03-01,Cook,Burglary,25691,7941,5173363,496.60153366388556,0.30909657078354286
2024-03-01,Cook,Larceny-Theft,64822,24895,5173363,1252.9953919723011,0.3840517108389127
2024-03-01,Cook,Motor Vehicle Theft,19092,6248,5173363,369.0442754548637,0.3272574900481877
2024-03-01,Cook,Aggravated Assault,32567,11412,5173363,629.5131426114889,0.3504160653422176
2024-03-01,Cook,Robbery,12880,2189,5173363,248.967644451008,0.1699534161490683
2024-03-01,Cook,Rape,6585,2333,5173363,127.28664120418382,0.354290053151101
2024-04-01,Cook,Violent Crime,41683,11737,5173363,805.7234723331806,0.2815776215723436
2024-04-01,Cook,Property Crime,97541,16102,5173363,1885.446662064889,0.16507929998667228
2024-04-01,Cook,Burglary,27678,10184,5173363,535.0098185648292,0.3679456608136426
2024-04-01,Cook,Larceny-Theft,69392,24108,5173363,1341.3325142658655,0.3474175697486742
2024-04-01,Cook,Motor Vehicle Theft,20922,6043,5173363,404.4177839444091,0.2888347194340885
2024-04-01,Cook,Aggravated Assault,34880,13920,5173363,674.2229377679471,0.39908256880733944
2024-04-01,Cook,Robbery,13791,2317,5173363,266.5770795515412,0.16800812123848888
2024-04-01,Cook,Rape,6943,2303,5173363,134.206704613614,0.3317009938067118
2024-05-01,Cook,Violent Crime,43994,10403,5173363,850.3946079175191,0.23646406328135655
2024-05-01,Cook,Property Crime,102176,16350,5173363,1975.040220452344,0.1600180081428124
2024-05-01,Cook,Burglary,29445,7645,5173363,569.1655505326032,0.2596366106299881
2024-05-01,Cook,Larceny-Theft,73250,26982,5173363,1415.9068288848086,0.36835494880546077
2024-05-01,Cook,Motor Vehicle Theft,22145,4854,5173363,428.0581122956189,0.21919169112666517
2024-05-01,Cook,Aggravated Assault,36584,7414,5173363,707.16089321395,0.20265689919090313
2024-05-01,Cook,Robbery,14656,4884,5173363,283.29734449332085,0.33324235807860264
2024-05-01,Cook,Rape,7197,2715,5173363,139.11647027281867,0.3772405168820342
2024-06-01,Cook,Violent Crime,44402,17443,5173363,858.2811606299423,0.3928426647448313
2024-06-01,Cook,Property Crime,103782,28339,5173363,2006.0838568644806,0.27306276618296044
2024-06-01,Cook,Burglary,29614,7738,5173363,572.4322843767197,0.26129533328830956
2024-06-01,Cook,Larceny-Theft,74378,22182,5173363,1437.7108275603316,0.29823334857081396
2024-06-01,Cook,Motor Vehicle Theft,22144,8688,5173363,428.0387825095591,0.39234104046242774
2024-06-01,Cook,Aggravated Assault,37043,8567,5173363,716.0332650154261,0.23127176524579543
2024-06-01,Cook,Robbery,14976,5877,5173363,289.4828760324764,0.39242788461538464
2024-06-01,Cook,Rape,7425,1250,5173363,143.52366149446695,0.16835016835016836
2024-07-01,Cook,Violent Crime,43614,10216,5173363,843.049289214772,0.23423671298206997
2024-07-01,Cook,Property Crime,102638,21777,5173363,1983.9705816119997,0.21217287944036323
2024-07-01,Cook,Burglary,29284,5615,5173363,566.0534549769657,0.19174293129353914
2024-07-01,Cook,Larceny-Theft,72773,24313,5173363,1406.686520934255,0.33409368859329697
2024-07-01,Cook,Motor Vehicle Theft,21991,7939,5173363,425.08132524240034,0.36101132281387843
2024-07-01,Cook,Aggravated Assault,36719,13478,5173363,709.7704143320312,0.36705792641411805
2024-07-01,Cook,Robbery,14502,3153,5173363,280.32055744010233,0.21741828713280928
2024-07-01,Cook,Rape,7128,2738,5173363,137.78271503468827,0.3841189674523008
2024-08-01,Cook,Violent Crime,41172,10830,5173363,795.8459516565916,0.263042844651705
2024-08-01,Cook,Property Crime,97923,27105,5173363,1892.8306403397557,0.2767991176740909
2024-08-01,Cook,Burglary,27383,10861,5173363,529.3075316771701,0.3966329474491473
2024-08-01,Cook,Larceny-Theft,70268,27260,5173363,1358.2654068543036,0.3879433027836284
2024-08-01,Cook,Motor Vehicle Theft,20913,5514,5173363,404.24381586987033,0.2636637498206857
2024-08-01,Cook,Aggravated Assault,34767,11011,5173363,672.0386719431829,0.31670837288233095
2024-08-01,Cook,Robbery,13757,3122,5173363,265.91986682550595,0.2269390128661772
2024-08-01,Cook,Rape,7002,2229,5173363,135.3471619911458,0.318337617823479
2024-09-01,Cook,Violent Crime,39420,12541,5173363,761.9801664797154,0.31813800101471335
2024-09-01,Cook,Property Crime,90486,17580,5173363,1749.0750214125705,0.1942841986605663
2024-09-01,Cook,Burglary,25958,10023,5173363,501.7625865418684,0.38612373834655983
2024-09-01,Cook,Larceny-Theft,64803,19730,5173363,1252.6281260371638,0.30446121321543756
2024-09-01,Cook,Motor Vehicle Theft,19579,3085,5173363,378.45788126601593,0.1575667807344604
2024-09-01,Cook,Aggravated Assault,32670,10425,5173363,631.5041105756545,0.31910009182736454
2024-09-01,Cook,Robbery,12833,3188,5173363,248.0591445061945,0.2484220369360243
2024-09-01,Cook,Rape,6502,2044,5173363,125.68226896121537,0.3143648108274377
2024-10-01,Cook,Violent Crime,36136,10542,5173363,698.5011490591323,0.2917312375470445
2024-10-01,Cook,Property Crime,83952,21074,5173363,1622.7741992974397,0.2510243948923194
2024-10-01,Cook,Burglary,23849,8393,5173363,460.99606774162186,0.3519225124743176
2024-10-01,Cook,Larceny-Theft,60013,15537,5173363,1160.0384508104303,0.2588939063202973
2024-10-01,Cook,Motor Vehicle Theft,18082,5173,5173363,349.52119153440424,0.28608560999889393
2024-10-01,Cook,Aggravated Assault,29842,9664,5173363,576.839475598368,0.3238388847932444
2024-10-01,Cook,Robbery,11928,2497,5173363,230.56568812202045,0.20933936955063714
2024-10-01,Cook,Rape,5953,1001,5173363,115.07021641435175,0.16815051234671594
2024-11-01,Cook,Violent Crime,33814,10308,5173363,653.6173858281354,0.3048441473945703
2024-11-01,Cook,Property Crime,78744,28807,5173363,1522.1046734976842,0.3658310474448847
2024-11-01,Cook,Burglary,22515,3521,5173363,435.2101331377674,0.15638463246724407
2024-11-01,Cook,Larceny-Theft,56157,14022,5173363,1085.5027957636066,0.2496928254714461
2024-11-01,Cook,Motor Vehicle Theft,16909,5106,5173363,326.8473524861874,0.30196936542669583
2024-11-01,Cook,Aggravated Assault,28270,9315,5173363,546.4530519122667,0.32950123806154935
2024-11-01,Cook,Robbery,11512,2290,5173363,222.5244971211183,0.19892286309937457
2024-11-01,Cook,Rape,5739,2190,5173363,110.93364219754152,0.3815995818086775
2024-12-01,Cook,Violent Crime,32902,8931,5173363,635.9886209415423,0.2714424655036168
2024-12-01,Cook,Property Crime,76750,17408,5173363,1483.5610800943216,0.226814332247557
2024-12-01,Cook,Burglary,22129,5041,5173363,427.74883571866116,0.2278006236160694
2024-12-01,Cook,Larceny-Theft,55041,12007,5173363,1063.930754520802,0.21814647262949438
2024-12-01,Cook,Motor Vehicle Theft,16458,3214,5173363,318.1296189731902,0.19528496779681614
2024-12-01,Cook,Aggravated Assault,27571,7755,5173363,532.941531456424,0.2812738021834536
2024-12-01,Cook,Robbery,11058,3227,5173363,213.74877424994148,0.2918249231325737
2024-12-01,Cook,Rape,5493,1579,5173363,106.17851482681576,0.287456763153104
2020-01-01,DuPage,Violent Crime,3835,1152,932877,411.0938526729676,0.30039113428943937
2020-01-01,DuPage,Property Crime,8990,1861,932877,963.6854590690948,0.20700778642936596
2020-01-01,DuPage,Burglary,2495,630,932877,267.45219359036616,0.25250501002004005
2020-01-01,DuPage,Larceny-Theft,6442,1535,932877,690.5519162762079,0.23828003725551072
2020-01-01,DuPage,Motor Vehicle Theft,1870,408,932877,200.4551511078095,0.21818181818181817
2020-01-01,DuPage,Aggravated Assault,3235,1025,932877,346.7766918897132,0.3168469860896445
2020-01-01,DuPage,Robbery,1215,319,932877,130.24225058609014,0.2625514403292181
2020-01-01,DuPage,Rape,641,214,932877,68.7121667701101,0.3338533541341654
2020-02-01,DuPage,Violent Crime,4131,718,932877,442.82365199270646,0.1738077947228274
2020-02-01,DuPage,Property Crime,9484,1972,932877,1016.6399214473076,0.2079291438211725
2020-02-01,DuPage,Burglary,2685,736,932877,287.81929450506334,0.27411545623836125
2020-02-01,DuPage,Larceny-Theft,6800,1747,932877,728.9278222102164,0.25691176470588234
2020-02-01,DuPage,Motor Vehicle Theft,2055,817,932877,220.28627568264625,0.3975669099756691
2020-02-01,DuPage,Aggravated Assault,3300,1092,932877,353.7443843078991,0.33090909090909093
2020-02-01,DuPage,Robbery,1359,230,932877,145.67836917407118,0.1692420897718911
2020-02-01,DuPage,Rape,632,125,932877,67.74740935836128,0.19778481012658228
2020-03-01,DuPage,Violent Crime,4346,1037,932877,465.8706346067059,0.23861021629084214
2020-03-01,DuPage,Property Crime,10032,1674,932877,1075.3829282960132,0.16686602870813397
2020-03-01,DuPage,Burglary,2972,847,932877,318.5843364130534,0.28499327052489903
2020-03-01,DuPage,Larceny-Theft,7417,2100,932877,795.0673025489963,0.2831333423216934
2020-03-01,DuPage,Motor Vehicle Theft,2166,687,932877,232.18495042754833,0.3171745152354571
2020-03-01,DuPage,Aggravated Assault,3660,974,932877,392.3346807778517,0.26612021857923496
2020-03-01,DuPage,Robbery,1382,538,932877,148.14386033742926,0.38929088277858176
2020-03-01,DuPage,Rape,701,140,932877,75.14388284843554,0.19971469329529243
2020-04-01,DuPage,Violent Crime,4716,1238,932877,505.5328837563795,0.2625106022052587
2020-04-01,DuPage,Property Crime,11069,3500,932877,1186.5444211830713,0.3161983919053212
2020-04-01,DuPage,Burglary,3093,581,932877,331.5549638376763,0.18784351762043325
2020-04-01,DuPage,Larceny-Theft,7858,2202,932877,842.3404157246882,0.28022397556630185
2020-04-01,DuPage,Motor Vehicle Theft,2372,803,932877,254.26717562979897,0.3385328836424958
2020-04-01,DuPage,Aggravated Assault,3842,1327,932877,411.84421954877223,0.3453930244664237
2020-04-01,DuPage,Robbery,1594,359,932877,170.86925714751249,0.22521957340025095
2020-04-01,DuPage,Rape,765,131,932877,82.00437999864934,0.17124183006535948
2020-05-01,DuPage,Violent Crime,5088,1151,932877,545.4095234419972,0.2262185534591195
2020-05-01,DuPage,Property Crime,11516,3456,932877,1234.460705966596,0.3001042028482112
2020-05-01,DuPage,Burglary,3302,905,932877,353.9587748438433,0.274076317383404
2020-05-01,DuPage,Larceny-Theft,8123,1991,932877,870.7471617372923,0.24510648775083096
2020-05-01,DuPage,Motor Vehicle Theft,2542,893,932877,272.4903711850544,0.35129819040125887
2020-05-01,DuPage,Aggravated Assault,4183,712,932877,448.39780592725515,0.1702127659574468
2020-05-01,DuPage,Robbery,1638,530,932877,175.58584893828447,0.3235653235653236
2020-05-01,DuPage,Rape,812,251,932877,87.04255759333759,0.3091133004926108
2020-06-01,DuPage,Violent Crime,5111,1868,932877,547.8750146053553,0.3654862062218744
2020-06-01,DuPage,Property Crime,11944,3601,932877,1280.3402806586505,0.3014902880107167
2020-06-01,DuPage,Burglary,3405,938,932877,364.99988744496864,0.27547723935389135
2020-06-01,DuPage,Larceny-Theft,8369,2024,932877,897.1171976584264,0.241844903811686
2020-06-01,DuPage,Motor Vehicle Theft,2424,445,932877,259.8413295643477,0.18358085808580857
2020-06-01,DuPage,Aggravated Assault,4162,1081,932877,446.14670529984124,0.2597308986064392
2020-06-01,DuPage,Robbery,1619,330,932877,173.54913884681474,0.2038295243977764
2020-06-01,DuPage,Rape,849,159,932877,91.00878250830496,0.1872791519434629
2020-07-01,DuPage,Violent Crime,4808,1273,932877,515.3948484098117,0.26476705490848584
2020-07-01,DuPage,Property Crime,11325,4483,932877,1213.9864097839265,0.39584988962472406
2020-07-01,DuPage,Burglary,3253,586,932877,348.70620671321086,0.18014140793114047
2020-07-01,DuPage,Larceny-Theft,8196,2647,932877,878.5724162992548,0.322962420693021
2020-07-01,DuPage,Motor Vehicle Theft,2376,948,932877,254.69595670168738,0.398989898989899
2020-07-01,DuPage,Aggravated Assault,4189,949,932877,449.04097753508773,0.22654571496777273
2020-07-01,DuPage,Robbery,1664,426,932877,178.37292590555884,0.25600961538461536
2020-07-01,DuPage,Rape,788,206,932877,84.46987116200742,0.2614213197969543
2020-08-01,DuPage,Violent Crime,4642,1176,932877,497.60043392644474,0.25333907798362776
2020-08-01,DuPage,Property Crime,11099,3799,932877,1189.760279222234,0.34228308856653755
2020-08-01,DuPage,Burglary,3136,674,932877,336.1643603604763,0.2149234693877551
2020-08-01,DuPage,Larceny-Theft,7918,2247,932877,848.7721318030137,0.28378378378378377
2020-08-01,DuPage,Motor Vehicle Theft,2311,486,932877,247.7282642835015,0.21029857204673302
2020-08-01,DuPage,Aggravated Assault,4086,724,932877,437.99986493396233,0.17719040626529614
2020-08-01,DuPage,Robbery,1575,568,932877,168.83254705604276,0.36063492063492064
2020-08-01,DuPage,Rape,742,139,932877,79.53888883529126,0.18733153638814015
2020-09-01,DuPage,Violent Crime,4346,1169,932877,465.8706346067059,0.2689829728485964
2020-09-01,DuPage,Property Crime,10184,2697,932877,1091.676609027771,0.2648271798900236
2020-09-01,DuPage,Burglary,2968,1154,932877,318.15555534116504,0.3888140161725067
2020-09-01,DuPage,Larceny-Theft,7377,2375,932877,790.7794918301128,0.3219465907550495
2020-09-01,DuPage,Motor Vehicle Theft,2182,785,932877,233.90007471510177,0.35976168652612284
2020-09-01,DuPage,Aggravated Assault,3644,1147,932877,390.6195564902983,0.31476399560922064
2020-09-01,DuPage,Robbery,1516,460,932877,162.50802624568942,0.3034300791556728
2020-09-01,DuPage,Rape,678,127,932877,72.67839168507744,0.1873156342182891
2020-10-01,DuPage,Violent Crime,4097,1311,932877,439.17901288165535,0.31999023675860383
2020-10-01,DuPage,Property Crime,9207,3029,932877,986.9468322190385,0.3289888128597806
2020-10-01,DuPage,Burglary,2606,398,932877,279.3508683352682,0.15272448196469685
2020-10-01,DuPage,Larceny-Theft,6718,1595,932877,720.137810236505,0.23742185174158975
2020-10-01,DuPage,Motor Vehicle Theft,2064,405,932877,221.25103309439507,0.19622093023255813
2020-10-01,DuPage,Aggravated Assault,3315,1044,932877,355.3523133274805,0.31493212669683257
2020-10-01,DuPage,Robbery,1380,214,932877,147.92946980148508,0.15507246376811595
2020-10-01,DuPage,Rape,659,201,932877,70.64168159360773,0.30500758725341426
2020-11-01,DuPage,Violent Crime,3790,683,932877,406.2700656142235,0.18021108179419526
2020-11-01,DuPage,Property Crime,8924,2775,932877,956.6105713829369,0.3109592111160914
2020-11-01,DuPage,Burglary,2545,997,932877,272.8119569889707,0.39174852652259334
2020-11-01,DuPage,Larceny-Theft,6427,2538,932877,688.9439872566265,0.3948965302629532
2020-11-01,DuPage,Motor Vehicle Theft,1918,646,932877,205.60052397046985,0.3368091762252346
2020-11-01,DuPage,Aggravated Assault,3232,588,932877,346.45510608579696,0.18193069306930693
2020-11-01,DuPage,Robbery,1253,258,932877,134.31567076902957,0.20590582601755786
2020-11-01,DuPage,Rape,626,162,932877,67.10423775052874,0.25878594249201275
2020-12-01,DuPage,Violent Crime,3743,786,932877,401.23188801953523,0.20999198503873898
2020-12-01,DuPage,Property Crime,8561,3182,932877,917.698689109068,0.37168555075341664
2020-12-01,DuPage,Burglary,2503,886,932877,268.30975573414287,0.3539752297243308
2020-12-01,DuPage,Larceny-Theft,6303,2393,932877,675.6517740280873,0.3796604791369189
2020-12-01,DuPage,Motor Vehicle Theft,1829,484,932877,196.0601451209538,0.2646254784034992
2020-12-01,DuPage,Aggravated Assault,3166,1089,932877,339.380218399639,0.3439671509791535
2020-12-01,DuPage,Robbery,1257,359,932877,134.74445184091792,0.2856006364359586
2020-12-01,DuPage,Rape,559,102,932877,59.92215479639867,0.18246869409660108
2021-01-01,DuPage,Violent Crime,3853,783,932877,413.02336749646526,0.20321827147677135
2021-01-01,DuPage,Property Crime,8894,2963,932877,953.3947133437741,0.3331459410838768
2021-01-01,DuPage,Burglary,2547,705,932877,273.02634752491485,0.2767962308598351
2021-01-01,DuPage,Larceny-Theft,6304,2031,932877,675.7589692960594,0.3221763959390863
2021-01-01,DuPage,Motor Vehicle Theft,1963,667,932877,210.42431102921392,0.33978604177279675
2021-01-01,DuPage,Aggravated Assault,3112,474,932877,333.5916739291461,0.15231362467866325
2021-01-01,DuPage,Robbery,1243,494,932877,133.24371808930866,0.39742558326629124
2021-01-01,DuPage,Rape,597,208,932877,63.995574979338116,0.34840871021775544
2021-02-01,DuPage,Violent Crime,3992,1330,932877,427.9235097445858,0.3331663326653307
2021-02-01,DuPage,Property Crime,9486,2265,932877,1016.8543119832517,0.2387729285262492
2021-02-01,DuPage,Burglary,2747,415,932877,294.46540111933297,0.1510738987986895
2021-02-01,DuPage,Larceny-Theft,6818,2293,932877,730.857337033714,0.33631563508360224
2021-02-01,DuPage,Motor Vehicle Theft,2009,376,932877,215.35529335593012,0.1871577899452464
2021-02-01,DuPage,Aggravated Assault,3343,1334,932877,358.353780830699,0.39904277594974574
2021-02-01,DuPage,Robbery,1336,441,932877,143.2128780107131,0.3300898203592814
2021-02-01,DuPage,Rape,712,176,932877,76.32303079612853,0.24719101123595505
2021-03-01,DuPage,Violent Crime,4364,658,932877,467.80014943020353,0.15077910174152154
2021-03-01,DuPage,Property Crime,10255,3574,932877,1099.2874730537897,0.3485129205265724
2021-03-01,DuPage,Burglary,2835,766,932877,303.898584700877,0.27019400352733686
2021-03-01,DuPage,Larceny-Theft,7335,2163,932877,786.2772905752848,0.2948875255623722
2021-03-01,DuPage,Motor Vehicle Theft,2198,661,932877,235.61519900265523,0.30072793448589624
2021-03-01,DuPage,Aggravated Assault,3681,800,932877,394.58578140526566,0.21733224667209997
2021-03-01,DuPage,Robbery,1501,254,932877,160.90009722610804,0.1692205196535643
2021-03-01,DuPage,Rape,674,233,932877,72.24961061318909,0.3456973293768546
2021-04-01,DuPage,Violent Crime,4751,1327,932877,509.28471813540267,0.2793096190275731
2021-04-01,DuPage,Property Crime,10969,2545,932877,1175.8248943858623,0.23201750387455555
2021-04-01,DuPage,Burglary,3129,641,932877,335.4139934846716,0.2048577820389901
2021-04-01,DuPage,Larceny-Theft,7873,3145,932877,843.9483447442697,0.39946653118252257
2021-04-01,DuPage,Motor Vehicle Theft,2447,624,932877,262.3068207277058,0.255006129955047
2021-04-01,DuPage,Aggravated Assault,3948,708,932877,423.20691795381384,0.17933130699088146
2021-04-01,DuPage,Robbery,1559,383,932877,167.11742276848932,0.2456703014753047
2021-04-01,DuPage,Rape,790,154,932877,84.68426169795161,0.1949367088607595
2021-05-01,DuPage,Violent Crime,4921,770,932877,527.507913690658,0.15647226173541964
2021-05-01,DuPage,Property Crime,11475,2578,932877,1230.0656999797402,0.22466230936819173
2021-05-01,DuPage,Burglary,3417,879,932877,366.28623066063375,0.257243195785777
2021-05-01,DuPage,Larceny-Theft,8368,1644,932877,897.0100023904545,0.19646271510516253
2021-05-01,DuPage,Motor Vehicle Theft,2522,682,932877,270.3464658256126,0.2704203013481364
2021-05-01,DuPage,Aggravated Assault,4042,1341,932877,433.2832731431904,0.3317664522513607
2021-05-01,DuPage,Robbery,1649,548,932877,176.76499688597747,0.3323226197695573
2021-05-01,DuPage,Rape,848,256,932877,90.90158724033286,0.3018867924528302
2021-06-01,DuPage,Violent Crime,4948,1554,932877,530.4021859259045,0.3140662894098626
2021-06-01,DuPage,Property Crime,12022,1974,932877,1288.7015115604738,0.16419896855764432
2021-06-01,DuPage,Burglary,3320,702,932877,355.8882896673409,0.21144578313253012
2021-06-01,DuPage,Larceny-Theft,8539,1861,932877,915.340393213682,0.217941210914627
2021-06-01,DuPage,Motor Vehicle Theft,2558,880,932877,274.2054954726078,0.34401876465989056
2021-06-01,DuPage,Aggravated Assault,4072,645,932877,436.4991311823531,0.15839882121807466
2021-06-01,DuPage,Robbery,1628,411,932877,174.51389625856356,0.2524570024570025
2021-06-01,DuPage,Rape,827,128,932877,88.65048661291897,0.154776299879081
2021-07-01,DuPage,Violent Crime,4983,1445,932877,534.1540203049277,0.28998595223760787
2021-07-01,DuPage,Property Crime,11760,2995,932877,1260.6163513517859,0.2546768707482993
2021-07-01,DuPage,Burglary,3258,1287,932877,349.2421830530713,0.39502762430939226
2021-07-01,DuPage,Larceny-Theft,8182,1632,932877,877.0716825476455,0.19946223417257394
2021-07-01,DuPage,Motor Vehicle Theft,2484,976,932877,266.27304564267314,0.392914653784219
2021-07-01,DuPage,Aggravated Assault,4144,739,932877,444.2171904763436,0.17833011583011582
2021-07-01,DuPage,Robbery,1602,340,932877,171.72681929128922,0.21223470661672908
2021-07-01,DuPage,Rape,859,241,932877,92.08073518802586,0.28055878928987193
2021-08-01,DuPage,Violent Crime,4613,1525,932877,494.49177115525407,0.330587470192933
2021-08-01,DuPage,Property Crime,10788,3084,932877,1156.4225508829138,0.28587319243604004
2021-08-01,DuPage,Burglary,3044,825,932877,326.3023957070439,0.27102496714848884
2021-08-01,DuPage,Larceny-Theft,7952,2111,932877,852.4167709140648,0.26546780684104626
2021-08-01,DuPage,Motor Vehicle Theft,2342,670,932877,251.05131759063627,0.2860802732707088
2021-08-01,DuPage,Aggravated Assault,3799,1335,932877,407.23482302597233,0.35140826533298236
2021-08-01,DuPage,Robbery,1565,542,932877,167.76059437632185,0.3463258785942492
2021-08-01,DuPage,Rape,758,144,932877,81.25401312284471,0.18997361477572558
2021-09-01,DuPage,Violent Crime,4347,1216,932877,465.977829874678,0.2797331492983667
2021-09-01,DuPage,Property Crime,10126,3745,932877,1085.4592834853897,0.36984001580090853
2021-09-01,DuPage,Burglary,2990,785,932877,320.513851236551,0.2625418060200669
2021-09-01,DuPage,Larceny-Theft,7012,1865,932877,751.6532190202996,0.2659726183685111
2021-09-01,DuPage,Motor Vehicle Theft,2265,621,932877,242.7972819567853,0.27417218543046357
2021-09-01,DuPage,Aggravated Assault,3561,1266,932877,381.72234924861476,0.35551811288963775
2021-09-01,DuPage,Robbery,1447,565,932877,155.11155275561515,0.39046302695231516
2021-09-01,DuPage,Rape,705,156,932877,75.5726639203239,0.22127659574468084
2021-10-01,DuPage,Violent Crime,4110,1268,932877,440.5725513652925,0.30851581508515813
2021-10-01,DuPage,Property Crime,9545,3615,932877,1023.1788327936052,0.3787323205866946
2021-10-01,DuPage,Burglary,2706,876,932877,290.07039513247724,0.3237250554323725
2021-10-01,DuPage,Larceny-Theft,6829,2487,932877,732.036484981407,0.3641821642993118
2021-10-01,DuPage,Motor Vehicle Theft,2097,830,932877,224.7884769374741,0.39580352885073916
2021-10-01,DuPage,Aggravated Assault,3305,647,932877,354.28036064775955,0.19576399394856278
2021-10-01,DuPage,Robbery,1404,263,932877,150.50215623281525,0.18732193732193733
2021-10-01,DuPage,Rape,671,114,932877,71.92802480927283,0.16989567809239942
2021-11-01,DuPage,Violent Crime,3896,1076,932877,417.6327640192651,0.27618069815195073
2021-11-01,DuPage,Property Crime,8929,3308,932877,957.1465477227973,0.3704782170455818
2021-11-01,DuPage,Burglary,2530,387,932877,271.2040279693893,0.15296442687747036
2021-11-01,DuPage,Larceny-Theft,6365,2099,932877,682.2978806423569,0.32977219167321287
2021-11-01,DuPage,Motor Vehicle Theft,1968,655,932877,210.9602873690744,0.3328252032520325
2021-11-01,DuPage,Aggravated Assault,3119,1106,932877,334.3420408049507,0.354600833600513
2021-11-01,DuPage,Robbery,1274,291,932877,136.56677139644347,0.22841444270015698
2021-11-01,DuPage,Rape,633,167,932877,67.85460462633338,0.2638230647709321
2021-12-01,DuPage,Violent Crime,3698,1320,932877,396.4081009607912,0.35694970254191455
2021-12-01,DuPage,Property Crime,8643,2834,932877,926.4887010827795,0.3278954066874928
2021-12-01,DuPage,Burglary,2535,532,932877,271.7400043092498,0.20986193293885602
2021-12-01,DuPage,Larceny-Theft,6109,1604,932877,654.8558920415018,0.26256343100343754
2021-12-01,DuPage,Motor Vehicle Theft,1894,578,932877,203.02783753913968,0.3051742344244984
2021-12-01,DuPage,Aggravated Assault,3079,824,932877,330.05423008606704,0.2676193569340695
2021-12-01,DuPage,Robbery,1194,276,932877,127.99114995867623,0.23115577889447236
2021-12-01,DuPage,Rape,634,122,932877,67.96179989430547,0.19242902208201892
2022-01-01,DuPage,Violent Crime,3886,1396,932877,416.5608113395443,0.35923829130211016
2022-01-01,DuPage,Property Crime,8831,2857,932877,946.6414114615324,0.32351942022421015
2022-01-01,DuPage,Burglary,2543,516,932877,272.5975664530265,0.20290994887927644
2022-01-01,DuPage,Larceny-Theft,6387,2349,932877,684.6561765377429,0.3677782996712071
2022-01-01,DuPage,Motor Vehicle Theft,1941,613,932877,208.06601513382793,0.315816589386914
2022-01-01,DuPage,Aggravated Assault,3135,995,932877,336.05716509250414,0.31738437001594894
2022-01-01,DuPage,Robbery,1276,334,932877,136.78116193238765,0.2617554858934169
2022-01-01,DuPage,Rape,632,181,932877,67.74740935836128,0.28639240506329117
2022-02-01,DuPage,Violent Crime,4030,716,932877,431.9969299275253,0.17766749379652605
2022-02-01,DuPage,Property Crime,9432,3159,932877,1011.065767512759,0.3349236641221374
2022-02-01,DuPage,Burglary,2789,1016,932877,298.9676023741608,0.36428827536751524
2022-02-01,DuPage,Larceny-Theft,6702,2268,932877,718.4226859489514,0.3384064458370636
2022-02-01,DuPage,Motor Vehicle Theft,2069,808,932877,221.78700943425554,0.39052682455292415
2022-02-01,DuPage,Aggravated Assault,3416,1220,932877,366.1790353926616,0.35714285714285715
2022-02-01,DuPage,Robbery,1326,236,932877,142.1409253309922,0.1779788838612368
2022-02-01,DuPage,Rape,691,120,932877,74.07193016871463,0.1736613603473227
2022-03-01,DuPage,Violent Crime,4328,1156,932877,463.94111978320825,0.26709796672828096
2022-03-01,DuPage,Property Crime,10161,2279,932877,1089.211117864413,0.22428894793819507
2022-03-01,DuPage,Burglary,2888,467,932877,309.5799339033978,0.16170360110803325
2022-03-01,DuPage,Larceny-Theft,7432,2355,932877,796.6752315685777,0.3168729817007535
2022-03-01,DuPage,Motor Vehicle Theft,2202,432,932877,236.04398007454358,0.19618528610354224
2022-03-01,DuPage,Aggravated Assault,3545,1235,932877,380.0072249610613,0.34837799717912554
2022-03-01,DuPage,Robbery,1462,523,932877,156.71948177519653,0.35772913816689467
2022-03-01,DuPage,Rape,738,128,932877,79.1101077634029,0.17344173441734417
2022-04-01,DuPage,Violent Crime,4819,1721,932877,516.5739963575048,0.35712803486200456
2022-04-01,DuPage,Property Crime,11129,3109,932877,1192.9761372613968,0.27936023002965227
2022-04-01,DuPage,Burglary,3128,809,932877,335.3067982166995,0.2586317135549872
2022-04-01,DuPage,Larceny-Theft,7923,2956,932877,849.3081081428742,0.3730910008835037
2022-04-01,DuPage,Motor Vehicle Theft,2347,722,932877,251.58729393049674,0.3076267575628462
2022-04-01,DuPage,Aggravated Assault,3940,824,932877,422.34935581003714,0.20913705583756345
2022-04-01,DuPage,Robbery,1571,386,932877,168.4037659841544,0.24570337364735836
2022-04-01,DuPage,Rape,784,303,932877,84.04109009011907,0.3864795918367347
2022-05-01,DuPage,Violent Crime,4969,1374,932877,532.6532865533185,0.2765143892131213
2022-05-01,DuPage,Property Crime,11590,2475,932877,1242.3931557965304,0.21354616048317515
2022-05-01,DuPage,Burglary,3276,528,932877,351.17169787656894,0.16117216117216118
2022-05-01,DuPage,Larceny-Theft,8136,3196,932877,872.1407002209294,0.3928220255653884
2022-05-01,DuPage,Motor Vehicle Theft,2450,487,932877,262.6284065316221,0.19877551020408163
2022-05-01,DuPage,Aggravated Assault,4145,836,932877,444.3243857443157,0.2016887816646562
2022-05-01,DuPage,Robbery,1652,250,932877,177.08658268989373,0.1513317191283293
2022-05-01,DuPage,Rape,800,141,932877,85.7562143776725,0.17625
2022-06-01,DuPage,Violent Crime,5004,1466,932877,536.4051209323416,0.2929656274980016
2022-06-01,DuPage,Property Crime,11757,4502,932877,1260.2947655478697,0.38292081313260184
2022-06-01,DuPage,Burglary,3341,1016,932877,358.13939029475483,0.30410056869200836
2022-06-01,DuPage,Larceny-Theft,8267,2288,932877,886.1832803252734,0.27676303374863914
2022-06-01,DuPage,Motor Vehicle Theft,2585,841,932877,277.0997677078543,0.3253384912959381
2022-06-01,DuPage,Aggravated Assault,4154,1061,932877,445.28914315606454,0.25541646605681273
2022-06-01,DuPage,Robbery,1669,548,932877,178.90890224541928,0.32834032354703413
2022-06-01,DuPage,Rape,848,301,932877,90.90158724033286,0.35495283018867924
2022-07-01,DuPage,Violent Crime,4792,790,932877,513.6797241222583,0.16485809682804675
2022-07-01,DuPage,Property Crime,11580,2068,932877,1241.3212031168096,0.1785837651122625
2022-07-01,DuPage,Burglary,3280,794,932877,351.6004789484573,0.2420731707317073
2022-07-01,DuPage,Larceny-Theft,8126,2744,932877,871.0687475412085,0.33768151612109276
2022-07-01,DuPage,Motor Vehicle Theft,2383,568,932877,255.446323577492,0.23835501468736886
2022-07-01,DuPage,Aggravated Assault,4257,1360,932877,456.33025575718983,0.31947380784590085
2022-07-01,DuPage,Robbery,1633,249,932877,175.04987259842403,0.1524800979791794
2022-07-01,DuPage,Rape,836,253,932877,89.61524402466777,0.3026315789473684
2022-08-01,DuPage,Violent Crime,4799,864,932877,514.430090998063,0.18003750781412795
2022-08-01,DuPage,Property Crime,11148,3160,932877,1195.0128473528664,0.2834589163975601
2022-08-01,DuPage,Burglary,3070,784,932877,329.08947267431824,0.2553745928338762
2022-08-01,DuPage,Larceny-Theft,7794,2293,932877,835.4799185744744,0.29420066717988197
2022-08-01,DuPage,Motor Vehicle Theft,2235,647,932877,239.58142391762257,0.28948545861297537
2022-08-01,DuPage,Aggravated Assault,3895,1219,932877,417.52556875129306,0.3129653401797176
2022-08-01,DuPage,Robbery,1615,415,932877,173.12035777492636,0.25696594427244585
2022-08-01,DuPage,Rape,799,181,932877,85.64901910970042,0.2265331664580726
2022-09-01,DuPage,Violent Crime,4440,1552,932877,475.94698979608245,0.34954954954954953
2022-09-01,DuPage,Property Crime,10326,3915,932877,1106.8983370798078,0.3791400348634515
2022-09-01,DuPage,Burglary,2909,859,932877,311.8310345308117,0.2952904778274321
2022-09-01,DuPage,Larceny-Theft,7269,2372,932877,779.2024028891268,0.32631723758426195
2022-09-01,DuPage,Motor Vehicle Theft,2216,424,932877,237.54471382615287,0.19133574007220217
2022-09-01,DuPage,Aggravated Assault,3638,1355,932877,389.9763848824657,0.3724573941726223
2022-09-01,DuPage,Robbery,1443,225,932877,154.6827716837268,0.15592515592515593
2022-09-01,DuPage,Rape,741,174,932877,79.43169356731917,0.23481781376518218
2022-10-01,DuPage,Violent Crime,3935,896,932877,421.8133794701767,0.22770012706480305
2022-10-01,DuPage,Property Crime,9504,2291,932877,1018.7838268067495,0.2410563973063973
2022-10-01,DuPage,Burglary,2694,498,932877,288.7840519168122,0.18485523385300667
2022-10-01,DuPage,Larceny-Theft,6749,1865,932877,723.4608635436397,0.27633723514594755
2022-10-01,DuPage,Motor Vehicle Theft,2151,343,932877,230.57702140796698,0.15946071594607159
2022-10-01,DuPage,Aggravated Assault,3311,1122,932877,354.92353225559214,0.3388704318936877
2022-10-01,DuPage,Robbery,1346,504,932877,144.284830690434,0.37444279346210996
2022-10-01,DuPage,Rape,661,198,932877,70.8560721295519,0.29954614220877457
2022-11-01,DuPage,Violent Crime,3792,891,932877,406.4844561501677,0.23496835443037975
2022-11-01,DuPage,Property Crime,8904,2568,932877,954.466666023495,0.2884097035040431
2022-11-01,DuPage,Burglary,2547,912,932877,273.02634752491485,0.3580683156654888
2022-11-01,DuPage,Larceny-Theft,6338,1361,932877,679.4036084071105,0.21473650994004417
2022-11-01,DuPage,Motor Vehicle Theft,1863,438,932877,199.7047842320049,0.23510466988727857
2022-11-01,DuPage,Aggravated Assault,3185,939,932877,341.4169284911087,0.2948194662480377
2022-11-01,DuPage,Robbery,1226,375,932877,131.42139853378313,0.30587275693311583
2022-11-01,DuPage,Rape,634,252,932877,67.96179989430547,0.39747634069400634
2022-12-01,DuPage,Violent Crime,3806,1112,932877,407.98518990177695,0.29217025748817654
2022-12-01,DuPage,Property Crime,8720,2169,932877,934.7427367166305,0.24873853211009175
2022-12-01,DuPage,Burglary,2488,972,932877,266.70182671456155,0.39067524115755625
2022-12-01,DuPage,Larceny-Theft,6332,1794,932877,678.760436799278,0.28332280480101074
2022-12-01,DuPage,Motor Vehicle Theft,1917,666,932877,205.49332870249776,0.3474178403755869
2022-12-01,DuPage,Aggravated Assault,3029,663,932877,324.6944666874625,0.21888412017167383
2022-12-01,DuPage,Robbery,1288,241,932877,138.06750514805273,0.18711180124223603
2022-12-01,DuPage,Rape,618,167,932877,66.246675606752,0.2702265372168285
2023-01-01,DuPage,Violent Crime,3889,948,932877,416.8823971434605,0.24376446387246078
2023-01-01,DuPage,Property Crime,8833,3007,932877,946.8558019974766,0.34042794067700666
2023-01-01,DuPage,Burglary,2524,689,932877,270.5608563615568,0.27297939778129954
2023-01-01,DuPage,Larceny-Theft,6369,2516,932877,682.7266617142453,0.3950384675773277
2023-01-01,DuPage,Motor Vehicle Theft,1894,646,932877,203.02783753913968,0.34107708553326294
2023-01-01,DuPage,Aggravated Assault,3188,637,932877,341.73851429502497,0.19981179422835635
2023-01-01,DuPage,Robbery,1219,316,932877,130.6710316579785,0.25922887612797374
2023-01-01,DuPage,Rape,631,193,932877,67.6402140903892,0.3058637083993661
2023-02-01,DuPage,Violent Crime,4167,1121,932877,446.6826816397017,0.2690184785217183
2023-02-01,DuPage,Property Crime,9507,3072,932877,1019.1054126106658,0.3231303250236668
2023-02-01,DuPage,Burglary,2635,631,932877,282.4595311064588,0.2394686907020873
2023-02-01,DuPage,Larceny-Theft,6832,1384,932877,732.3580707853232,0.202576112412178
2023-02-01,DuPage,Motor Vehicle Theft,2138,854,932877,229.18348292432978,0.39943872778297473
2023-02-01,DuPage,Aggravated Assault,3406,761,932877,365.1070827129407,0.22342924251321197
2023-02-01,DuPage,Robbery,1391,258,932877,149.10861774917808,0.1854780733285406
2023-02-01,DuPage,Rape,695,218,932877,74.500711240603,0.31366906474820144
2023-03-01,DuPage,Violent Crime,4434,1345,932877,475.30381818824986,0.30333784393324315
2023-03-01,DuPage,Property Crime,10056,1703,932877,1077.9556147273433,0.169351630867144
2023-03-01,DuPage,Burglary,2906,483,932877,311.5094487268954,0.16620784583620096
2023-03-01,DuPage,Larceny-Theft,7263,2557,932877,778.5592312812943,0.3520583780806829
2023-03-01,DuPage,Motor Vehicle Theft,2293,891,932877,245.79874946000385,0.3885739206279983
2023-03-01,DuPage,Aggravated Assault,3654,618,932877,391.6915091700192,0.16912972085385877
2023-03-01,DuPage,Robbery,1460,477,932877,156.50509123925235,0.3267123287671233
2023-03-01,DuPage,Rape,669,167,932877,71.71363427332864,0.24962630792227206
2023-04-01,DuPage,Violent Crime,4667,1027,932877,500.280315625747,0.2200557103064067
2023-04-01,DuPage,Property Crime,10959,2524,932877,1174.7529417061412,0.23031298476138334
2023-04-01,DuPage,Burglary,3135,972,932877,336.05716509250414,0.31004784688995213
2023-04-01,DuPage,Larceny-Theft,7811,1411,932877,837.30223813,0.1806426833952119
2023-04-01,DuPage,Motor Vehicle Theft,2423,635,932877,259.73413429637566,0.2620718118035493
2023-04-01,DuPage,Aggravated Assault,3939,661,932877,422.242160542065,0.1678090886011678
2023-04-01,DuPage,Robbery,1591,522,932877,170.5476713435962,0.32809553739786296
2023-04-01,DuPage,Rape,814,234,932877,87.25694812928178,0.28746928746928746
2023-05-01,DuPage,Violent Crime,4953,1703,932877,530.938162265765,0.3438320209973753
2023-05-01,DuPage,Property Crime,11474,2536,932877,1229.958504711768,0.22102143977688687
2023-05-01,DuPage,Burglary,3226,527,932877,345.8119344779644,0.1633601983880967
2023-05-01,DuPage,Larceny-Theft,8317,1247,932877,891.5430437238779,0.14993387038595649
2023-05-01,DuPage,Motor Vehicle Theft,2476,542,932877,265.41548349889644,0.21890145395799676
2023-05-01,DuPage,Aggravated Assault,4164,1498,932877,446.3610958357855,0.3597502401536984
2023-05-01,DuPage,Robbery,1679,294,932877,179.9808549251402,0.17510422870756404
2023-05-01,DuPage,Rape,813,293,932877,87.1497528613097,0.36039360393603936
2023-06-01,DuPage,Violent Crime,4998,1864,932877,535.761949324509,0.37294917967186875
2023-06-01,DuPage,Property Crime,11733,2866,932877,1257.7220791165396,0.24426830307679195
2023-06-01,DuPage,Burglary,3520,1132,932877,377.32734326175904,0.3215909090909091
2023-06-01,DuPage,Larceny-Theft,8394,2586,932877,899.7970793577288,0.3080771979985704
2023-06-01,DuPage,Motor Vehicle Theft,2549,488,932877,273.24073806085903,0.191447626520204
2023-06-01,DuPage,Aggravated Assault,4239,1659,932877,454.4007409336922,0.3913658881811748
2023-06-01,DuPage,Robbery,1704,300,932877,182.66073662444245,0.176056338028169
2023-06-01,DuPage,Rape,865,140,932877,92.7239067958584,0.16184971098265896
2023-07-01,DuPage,Violent Crime,4921,1353,932877,527.507913690658,0.2749441170493802
2023-07-01,DuPage,Property Crime,11528,2331,932877,1235.747049182261,0.20220333102012492
2023-07-01,DuPage,Burglary,3278,534,932877,351.3860884125131,0.16290420988407567
2023-07-01,DuPage,Larceny-Theft,8323,2959,932877,892.1862153317105,0.3555208458488526
2023-07-01,DuPage,Motor Vehicle Theft,2533,796,932877,271.5256137733056,0.314251875246743
2023-07-01,DuPage,Aggravated Assault,4119,840,932877,441.53730877704135,0.20393299344501092
2023-07-01,DuPage,Robbery,1671,374,932877,179.12329278136346,0.22381807301017353
2023-07-01,DuPage,Rape,789,264,932877,84.57706642997951,0.33460076045627374
2023-08-01,DuPage,Violent Crime,4671,1162,932877,500.70909669763535,0.24876900021408693
2023-08-01,DuPage,Property Crime,11053,4117,932877,1184.8292968955177,0.37247806025513436
2023-08-01,DuPage,Burglary,3104,510,932877,332.73411178536935,0.1643041237113402
2023-08-01,DuPage,Larceny-Theft,7722,1674,932877,827.7618592804839,0.21678321678321677
2023-08-01,DuPage,Motor Vehicle Theft,2408,589,932877,258.1262052767943,0.2446013289036545
2023-08-01,DuPage,Aggravated Assault,3894,705,932877,417.418373483321,0.1810477657935285
2023-08-01,DuPage,Robbery,1560,391,932877,167.22461803646138,0.25064102564102564
2023-08-01,DuPage,Rape,787,120,932877,84.36267589403533,0.15247776365946633
2023-09-01,DuPage,Violent Crime,4373,1223,932877,468.7649068419524,0.27967070660873544
2023-09-01,DuPage,Property Crime,10273,3528,932877,1101.216987877287,0.34342451085369413
2023-09-01,DuPage,Burglary,2966,1168,932877,317.9411648052208,0.3937963587322994
2023-09-01,DuPage,Larceny-Theft,7187,2461,932877,770.4123909154154,0.34242382078753303
2023-09-01,DuPage,Motor Vehicle Theft,2236,483,932877,239.6886191855947,0.21601073345259392
2023-09-01,DuPage,Aggravated Assault,3701,877,932877,396.7296867647074,0.23696298297757362
2023-09-01,DuPage,Robbery,1446,325,932877,155.00435748764306,0.22475795297372061
2023-09-01,DuPage,Rape,741,268,932877,79.43169356731917,0.3616734143049933
2023-10-01,DuPage,Violent Crime,4108,1086,932877,440.3581608293483,0.2643622200584226
2023-10-01,DuPage,Property Crime,9426,1568,932877,1010.4225959049263,0.16634839804795248
2023-10-01,DuPage,Burglary,2657,720,932877,284.8178270018448,0.27098231087692887
2023-10-01,DuPage,Larceny-Theft,6814,1120,932877,730.4285559618256,0.16436747872028176
2023-10-01,DuPage,Motor Vehicle Theft,2031,343,932877,217.71358925131608,0.1688823239783358
2023-10-01,DuPage,Aggravated Assault,3354,667,932877,359.532928778392,0.1988670244484198
2023-10-01,DuPage,Robbery,1305,450,932877,139.88982470357828,0.3448275862068966
2023-10-01,DuPage,Rape,681,240,932877,72.99997748899372,0.3524229074889868
2023-11-01,DuPage,Violent Crime,3835,1221,932877,411.0938526729676,0.3183833116036506
2023-11-01,DuPage,Property Crime,8824,3347,932877,945.8910445857277,0.3793064369900272
2023-11-01,DuPage,Burglary,2509,934,932877,268.95292734197545,0.37225986448784376
2023-11-01,DuPage,Larceny-Theft,6401,1195,932877,686.1569102893521,0.18668957975316358
2023-11-01,DuPage,Motor Vehicle Theft,1899,739,932877,203.56381387900015,0.38915218536071616
2023-11-01,DuPage,Aggravated Assault,3181,875,932877,340.98814741922035,0.27507073247406477
2023-11-01,DuPage,Robbery,1289,281,932877,138.17470041602482,0.21799844840961985
2023-11-01,DuPage,Rape,660,189,932877,70.74887686157982,0.2863636363636364
2023-12-01,DuPage,Violent Crime,3711,710,932877,397.80163944442836,0.19132309350579357
2023-12-01,DuPage,Property Crime,8673,1409,932877,929.7045591219421,0.16245820362043123
2023-12-01,DuPage,Burglary,2528,532,932877,270.9896374334451,0.21044303797468356
2023-12-01,DuPage,Larceny-Theft,6412,2486,932877,687.3360582370451,0.3877105427323768
2023-12-01,DuPage,Motor Vehicle Theft,1830,546,932877,196.16734038892585,0.2983606557377049
2023-12-01,DuPage,Aggravated Assault,3002,1186,932877,321.8001944522161,0.39506995336442374
2023-12-01,DuPage,Robbery,1206,454,932877,129.27749317434132,0.37645107794361526
2023-12-01,DuPage,Rape,622,211,932877,66.67545667864039,0.3392282958199357
2024-01-01,DuPage,Violent Crime,3742,1233,932877,401.12469275156315,0.32950293960448956
2024-01-01,DuPage,Property Crime,8820,2792,932877,945.4622635138394,0.3165532879818594
2024-01-01,DuPage,Burglary,2484,851,932877,266.27304564267314,0.3425925925925926
2024-01-01,DuPage,Larceny-Theft,6352,967,932877,680.9043421587197,0.15223551637279598
2024-01-01,DuPage,Motor Vehicle Theft,1887,390,932877,202.27747066333507,0.2066772655007949
2024-01-01,DuPage,Aggravated Assault,3198,736,932877,342.8104669747459,0.23014383989993747
2024-01-01,DuPage,Robbery,1312,228,932877,140.64019157938293,0.17378048780487804
2024-01-01,DuPage,Rape,630,170,932877,67.5330188224171,0.2698412698412698
2024-02-01,DuPage,Violent Crime,4082,907,932877,437.57108386207403,0.22219500244977952
2024-02-01,DuPage,Property Crime,9425,3754,932877,1010.3154006369543,0.3983023872679045
2024-02-01,DuPage,Burglary,2682,908,932877,287.4977087011471,0.33855331841909025
2024-02-01,DuPage,Larceny-Theft,6893,2028,932877,738.8969821316208,0.2942115189322501
2024-02-01,DuPage,Motor Vehicle Theft,2007,426,932877,215.1409028199859,0.21225710014947682
2024-02-01,DuPage,Aggravated Assault,3387,1064,932877,363.070372621471,0.31414230882787125
2024-02-01,DuPage,Robbery,1321,501,932877,141.60494899113175,0.3792581377744133
2024-02-01,DuPage,Rape,636,130,932877,68.17619043024965,0.20440251572327045
2024-03-01,DuPage,Violent Crime,4205,814,932877,450.7561018226411,0.19357907253269918
2024-03-01,DuPage,Property Crime,10349,4011,932877,1109.3638282431662,0.38757367861629144
2024-03-01,DuPage,Burglary,2933,865,932877,314.40372096214185,0.2949198772587794
2024-03-01,DuPage,Larceny-Theft,7304,1611,932877,782.95423726815,0.22056407447973714
2024-03-01,DuPage,Motor Vehicle Theft,2170,838,932877,232.61373149943668,0.3861751152073733
2024-03-01,DuPage,Aggravated Assault,3738,1289,932877,400.69591167967485,0.344836811128946
2024-03-01,DuPage,Robbery,1457,293,932877,156.18350543533606,0.2010981468771448
2024-03-01,DuPage,Rape,737,171,932877,79.0029124954308,0.23202170963364993
2024-04-01,DuPage,Violent Crime,4792,804,932877,513.6797241222583,0.167779632721202
2024-04-01,DuPage,Property Crime,10790,2985,932877,1156.636941418858,0.27664504170528265
2024-04-01,DuPage,Burglary,3125,1121,932877,334.98521241278326,0.35872
2024-04-01,DuPage,Larceny-Theft,7804,2675,932877,836.5518712541954,0.3427729369554075
2024-04-01,DuPage,Motor Vehicle Theft,2376,876,932877,254.69595670168738,0.3686868686868687
2024-04-01,DuPage,Aggravated Assault,3931,1007,932877,421.3845983982883,0.2561689137624014
2024-04-01,DuPage,Robbery,1462,499,932877,156.71948177519653,0.34131326949384405
2024-04-01,DuPage,Rape,786,309,932877,84.25548062606325,0.3931297709923664
2024-05-01,DuPage,Violent Crime,4890,1105,932877,524.1848603835232,0.22597137014314927
2024-05-01,DuPage,Property Crime,11459,3808,932877,1228.3505756921866,0.3323152107513745
2024-05-01,DuPage,Burglary,3468,1095,932877,371.75318932721035,0.3157439446366782
2024-05-01,DuPage,Larceny-Theft,8315,2125,932877,891.3286531879337,0.2555622369212267
2024-05-01,DuPage,Motor Vehicle Theft,2446,802,932877,262.19962545973374,0.32788225674570726
2024-05-01,DuPage,Aggravated Assault,4190,1017,932877,449.14817280305977,0.24272076372315035
2024-05-01,DuPage,Robbery,1712,678,932877,183.51829876821918,0.39602803738317754
2024-05-01,DuPage,Rape,847,252,932877,90.79439197236077,0.2975206611570248
2024-06-01,DuPage,Violent Crime,5070,1450,932877,543.4800086184996,0.2859960552268245
2024-06-01,DuPage,Property Crime,11821,4080,932877,1267.1552626980833,0.3451484645969038
2024-06-01,DuPage,Burglary,3372,541,932877,361.4624436018896,0.16043890865954924
2024-06-01,DuPage,Larceny-Theft,8331,1867,932877,893.0437774754871,0.2241027487696555
2024-06-01,DuPage,Motor Vehicle Theft,2551,448,932877,273.4551285968032,0.17561740493923952
2024-06-01,DuPage,Aggravated Assault,4200,1017,932877,450.2201254827807,0.24214285714285713
2024-06-01,DuPage,Robbery,1757,569,932877,188.34208582696326,0.32384746727376207
2024-06-01,DuPage,Rape,858,326,932877,91.97353992005377,0.37995337995337997
2024-07-01,DuPage,Violent Crime,4990,1823,932877,534.9043871807323,0.3653306613226453
2024-07-01,DuPage,Property Crime,11475,2281,932877,1230.0656999797402,0.19877995642701526
2024-07-01,DuPage,Burglary,3274,1292,932877,350.95730734062477,0.3946243127672572
2024-07-01,DuPage,Larceny-Theft,8359,2773,932877,896.0452449787057,0.3317382462016988
2024-07-01,DuPage,Motor Vehicle Theft,2483,680,932877,266.16585037470105,0.2738622633910592
2024-07-01,DuPage,Aggravated Assault,4102,1421,932877,439.7149892215158,0.3464163822525597
2024-07-01,DuPage,Robbery,1678,262,932877,179.8736596571681,0.15613825983313467
2024-07-01,DuPage,Rape,857,279,932877,91.86634465208168,0.32555425904317387
2024-08-01,DuPage,Violent Crime,4653,1648,932877,498.77958187413776,0.3541800988609499
2024-08-01,DuPage,Property Crime,11001,1792,932877,1179.2551429609691,0.16289428233796927
2024-08-01,DuPage,Burglary,3140,1148,932877,336.59314143236463,0.36560509554140125
2024-08-01,DuPage,Larceny-Theft,7756,2235,932877,831.406498391535,0.28816400206291903
2024-08-01,DuPage,Motor Vehicle Theft,2340,857,932877,250.8369270546921,0.3662393162393162
2024-08-01,DuPage,Aggravated Assault,3852,857,932877,412.91617222849317,0.22248182762201454
2024-08-01,DuPage,Robbery,1621,566,932877,173.76352938275892,0.3491671807526218
2024-08-01,DuPage,Rape,763,223,932877,81.78998946270515,0.29226736566186107
2024-09-01,DuPage,Violent Crime,4453,681,932877,477.3405282797196,0.15293060857848642
2024-09-01,DuPage,Property Crime,10272,2950,932877,1101.109792609315,0.28718847352024923
2024-09-01,DuPage,Burglary,2886,687,932877,309.3655433674536,0.23804573804573806
2024-09-01,DuPage,Larceny-Theft,7330,2442,932877,785.7413142354244,0.33315143246930423
2024-09-01,DuPage,Motor Vehicle Theft,2177,753,932877,233.36409837524133,0.34588883785025265
2024-09-01,DuPage,Aggravated Assault,3612,1160,932877,387.18930791519136,0.3211517165005537
2024-09-01,DuPage,Robbery,1441,350,932877,154.46838114778262,0.24288688410825815
2024-09-01,DuPage,Rape,787,250,932877,84.36267589403533,0.3176620076238882
2024-10-01,DuPage,Violent Crime,4076,1037,932877,436.9279122542415,0.2544160942100098
2024-10-01,DuPage,Property Crime,9528,2091,932877,1021.3565132380796,0.21945843828715364
2024-10-01,DuPage,Burglary,2666,1053,932877,285.78258441359367,0.39497374343585895
2024-10-01,DuPage,Larceny-Theft,6597,1285,932877,707.167182811882,0.19478550856449903
2024-10-01,DuPage,Motor Vehicle Theft,2169,544,932877,232.5065362314646,0.2508068234209313
2024-10-01,DuPage,Aggravated Assault,3418,873,932877,366.39342592860584,0.2554125219426565
2024-10-01,DuPage,Robbery,1334,288,932877,142.99848747476892,0.2158920539730135
2024-10-01,DuPage,Rape,651,141,932877,69.78411944983101,0.21658986175115208
2024-11-01,DuPage,Violent Crime,3772,1479,932877,404.34055079072584,0.3920996818663839
2024-11-01,DuPage,Property Crime,8921,1506,932877,956.2889855790206,0.16881515525165341
2024-11-01,DuPage,Burglary,2657,459,932877,284.8178270018448,0.17275122318404215
2024-11-01,DuPage,Larceny-Theft,6374,1989,932877,683.2626380541058,0.3120489488547223
2024-11-01,DuPage,Motor Vehicle Theft,1875,733,932877,200.99112744766998,0.39093333333333335
2024-11-01,DuPage,Aggravated Assault,3133,1023,932877,335.84277455656,0.3265240983083307
2024-11-01,DuPage,Robbery,1282,279,932877,137.4243335402202,0.21762870514820593
2024-11-01,DuPage,Rape,642,248,932877,68.81936203808219,0.3862928348909657
2024-12-01,DuPage,Violent Crime,3634,1403,932877,389.5476038105774,0.3860759493670886
2024-12-01,DuPage,Property Crime,8754,1756,932877,938.3873758276814,0.20059401416495318
2024-12-01,DuPage,Burglary,2494,798,932877,267.3449983223941,0.3199679230152366
2024-12-01,DuPage,Larceny-Theft,6185,1829,932877,663.0027324073806,0.29571544058205335
2024-12-01,DuPage,Motor Vehicle Theft,1829,712,932877,196.0601451209538,0.3892837616183707
2024-12-01,DuPage,Aggravated Assault,3086,608,932877,330.8045969618717,0.1970187945560596
2024-12-01,DuPage,Robbery,1188,306,932877,127.34797835084369,0.25757575757575757
2024-12-01,DuPage,Rape,581,219,932877,62.28045069178466,0.3769363166953528
2020-01-01,Lake,Violent Crime,3965,1311,714342,555.0562615665885,0.33064312736443885
2020-01-01,Lake,Property Crime,9390,1976,714342,1314.4964176822866,0.21043663471778487
2020-01-01,Lake,Burglary,2707,540,714342,378.95013872906816,0.1994828223125231
2020-01-01,Lake,Larceny-Theft,6795,1042,714342,951.2250434665748,0.15334805003679175
2020-01-01,Lake,Motor Vehicle Theft,1971,429,714342,275.9182576412979,0.2176560121765601
2020-01-01,Lake,Aggravated Assault,3298,873,714342,461.6836193307968,0.2647058823529412
2020-01-01,Lake,Robbery,1363,433,714342,190.80496456879197,0.3176815847395451
2020-01-01,Lake,Rape,698,248,714342,97.71230027073867,0.3553008595988539
2020-02-01,Lake,Violent Crime,4388,877,714342,614.2715953982826,0.19986326344576116
2020-02-01,Lake,Property Crime,9983,3339,714342,1397.5098762217538,0.3344685966142442
2020-02-01,Lake,Burglary,2846,690,714342,398.40860540189436,0.24244553759662685
2020-02-01,Lake,Larceny-Theft,7253,2064,714342,1015.3399912086927,0.28457190128222803
2020-02-01,Lake,Motor Vehicle Theft,2100,785,714342,293.97683462543154,0.3738095238095238
2020-02-01,Lake,Aggravated Assault,3582,944,714342,501.44048648966464,0.26353992183137914
2020-02-01,Lake,Robbery,1435,468,714342,200.8841703273782,0.32613240418118467
2020-02-01,Lake,Rape,705,220,714342,98.69222305282344,0.3120567375886525
2020-03-01,Lake,Violent Crime,4743,1689,714342,663.9676793468675,0.35610373181530675
2020-03-01,Lake,Property Crime,10692,1662,714342,1496.7620551500543,0.15544332210998876
2020-03-01,Lake,Burglary,3040,498,714342,425.56646536252947,0.16381578947368422
2020-03-01,Lake,Larceny-Theft,7681,1354,714342,1075.255269884733,0.17627913032157272
2020-03-01,Lake,Motor Vehicle Theft,2344,735,714342,328.13414302952924,0.31356655290102387
2020-03-01,Lake,Aggravated Assault,3796,721,714342,531.3981258276848,0.18993677555321392
2020-03-01,Lake,Robbery,1464,462,714342,204.94385042458654,0.3155737704918033
2020-03-01,Lake,Rape,806,258,714342,112.83110890861799,0.3200992555831266
2020-04-01,Lake,Violent Crime,4855,1104,714342,679.6464438602238,0.22739443872296602
2020-04-01,Lake,Property Crime,11481,3259,714342,1607.213351587895,0.2838602909154255
2020-04-01,Lake,Burglary,3280,1171,714342,459.16381789115013,0.3570121951219512
2020-04-01,Lake,Larceny-Theft,8341,3156,714342,1167.64798933844,0.37837189785397435
2020-04-01,Lake,Motor Vehicle Theft,2594,618,714342,363.13138524684257,0.2382420971472629
2020-04-01,Lake,Aggravated Assault,4130,1524,714342,578.1544414300153,0.36900726392251815
2020-04-01,Lake,Robbery,1591,458,714342,222.72244947098167,0.28786926461345064
2020-04-01,Lake,Rape,826,301,714342,115.63088828600307,0.3644067796610169
2020-05-01,Lake,Violent Crime,5246,1913,714342,734.3821306881017,0.36465878764773163
2020-05-01,Lake,Property Crime,12236,3703,714342,1712.905023084181,0.3026315789473684
2020-05-01,Lake,Burglary,3406,663,714342,476.80242796867606,0.1946564885496183
2020-05-01,Lake,Larceny-Theft,8734,1566,714342,1222.6636541040566,0.1792992901305244
2020-05-01,Lake,Motor Vehicle Theft,2548,840,714342,356.6918926788569,0.32967032967032966
2020-05-01,Lake,Aggravated Assault,4386,834,714342,613.991617460544,0.19015047879616964
2020-05-01,Lake,Robbery,1666,318,714342,233.22162213617568,0.1908763505402161
2020-05-01,Lake,Rape,911,217,714342,127.52995063988958,0.23819978046103182
2020-06-01,Lake,Violent Crime,5194,1453,714342,727.1027043069006,0.2797458606083943
2020-06-01,Lake,Property Crime,12404,2039,714342,1736.4231698542155,0.1643824572718478
2020-06-01,Lake,Burglary,3515,720,714342,492.06122557542466,0.20483641536273114
2020-06-01,Lake,Larceny-Theft,8850,2276,714342,1238.90237449289,0.25717514124293783
2020-06-01,Lake,Motor Vehicle Theft,2656,864,714342,371.81070131673624,0.3253012048192771
2020-06-01,Lake,Aggravated Assault,4346,1099,714342,608.3920587057739,0.2528762080073631
2020-06-01,Lake,Robbery,1822,515,714342,255.05990127977915,0.2826564215148189
2020-06-01,Lake,Rape,842,150,714342,117.87071178791112,0.17814726840855108
2020-07-01,Lake,Violent Crime,5174,1671,714342,724.3029249295156,0.3229609586393506
2020-07-01,Lake,Property Crime,12051,4506,714342,1687.0070638433692,0.3739108787652477
2020-07-01,Lake,Burglary,3417,870,714342,478.34230662623787,0.2546093064091308
2020-07-01,Lake,Larceny-Theft,8506,2468,714342,1190.746169201867,0.2901481307312485
2020-07-01,Lake,Motor Vehicle Theft,2623,559,714342,367.19106534405086,0.21311475409836064
2020-07-01,Lake,Aggravated Assault,4347,1544,714342,608.5320476746432,0.3551874856222682
2020-07-01,Lake,Robbery,1784,416,714342,249.74032046274752,0.23318385650224216
2020-07-01,Lake,Rape,895,175,714342,125.29012713798151,0.19553072625698323
2020-08-01,Lake,Violent Crime,5040,1343,714342,705.5444031010356,0.26646825396825397
2020-08-01,Lake,Property Crime,11371,3989,714342,1591.814565012277,0.35080467856828773
2020-08-01,Lake,Burglary,3392,565,714342,474.8425824045065,0.1665683962264151
2020-08-01,Lake,Larceny-Theft,8381,2392,714342,1173.2475480932103,0.28540746927574273
2020-08-01,Lake,Motor Vehicle Theft,2628,820,714342,367.89101018839716,0.3120243531202435
2020-08-01,Lake,Aggravated Assault,4014,1408,714342,561.915721041182,0.3507722969606378
2020-08-01,Lake,Robbery,1659,340,714342,232.2416993540909,0.2049427365883062
2020-08-01,Lake,Rape,813,135,714342,113.81103169070276,0.16605166051660517
2020-09-01,Lake,Violent Crime,4584,1515,714342,641.7094332966562,0.33049738219895286
2020-09-01,Lake,Property Crime,10803,1643,714342,1512.3008306945412,0.15208738313431455
2020-09-01,Lake,Burglary,3024,819,714342,423.3266418606214,0.2708333333333333
2020-09-01,Lake,Larceny-Theft,7757,1292,714342,1085.8944315187964,0.1665592368183576
2020-09-01,Lake,Motor Vehicle Theft,2344,809,714342,328.13414302952924,0.34513651877133106
2020-09-01,Lake,Aggravated Assault,3889,1086,714342,544.4170999325254,0.2792491643095912
2020-09-01,Lake,Robbery,1488,454,714342,208.3035856774486,0.30510752688172044
2020-09-01,Lake,Rape,789,156,714342,110.4512964378407,0.19771863117870722
2020-10-01,Lake,Violent Crime,4358,1643,714342,610.071926332205,0.37700780174391924
2020-10-01,Lake,Property Crime,10028,3144,714342,1403.8093798208702,0.31352213801356205
2020-10-01,Lake,Burglary,2919,899,714342,408.6278001293498,0.3079821856800274
2020-10-01,Lake,Larceny-Theft,7010,2306,714342,981.3226717734642,0.32895863052781743
2020-10-01,Lake,Motor Vehicle Theft,2100,479,714342,293.97683462543154,0.2280952380952381
2020-10-01,Lake,Aggravated Assault,3506,898,714342,490.80132485560137,0.25613234455219624
2020-10-01,Lake,Robbery,1481,291,714342,207.32366289536384,0.19648885887913572
2020-10-01,Lake,Rape,664,163,714342,92.95267532918406,0.24548192771084337
2020-11-01,Lake,Violent Crime,4077,1423,714342,570.7350260799449,0.3490311503556537
2020-11-01,Lake,Property Crime,9293,2007,714342,1300.917487701969,0.2159690089314538
2020-11-01,Lake,Burglary,2778,642,714342,388.8893555187851,0.23110151187904968
2020-11-01,Lake,Larceny-Theft,6628,2145,714342,927.8468856654097,0.3236270368135184
2020-11-01,Lake,Motor Vehicle Theft,1966,424,714342,275.21831279695164,0.21566632756866735
2020-11-01,Lake,Aggravated Assault,3370,1160,714342,471.762825089383,0.34421364985163205
2020-11-01,Lake,Robbery,1366,235,714342,191.22493147539973,0.1720351390922401
2020-11-01,Lake,Rape,684,176,714342,95.75245470656913,0.2573099415204678
2020-12-01,Lake,Violent Crime,3869,618,714342,541.6173205551403,0.1597311966916516
2020-12-01,Lake,Property Crime,9189,3441,714342,1286.3586349395669,0.37446947437153116
2020-12-01,Lake,Burglary,2685,1007,714342,375.8703814139446,0.3750465549348231
2020-12-01,Lake,Larceny-Theft,6624,1948,714342,927.2869297899326,0.2940821256038647
2020-12-01,Lake,Motor Vehicle Theft,1875,749,714342,262.47931662984956,0.3994666666666667
2020-12-01,Lake,Aggravated Assault,3236,1137,714342,453.00430326090304,0.35135970333745364
2020-12-01,Lake,Robbery,1277,322,714342,178.7659132460362,0.25215348472983556
2020-12-01,Lake,Rape,620,148,714342,86.79316069893692,0.23870967741935484
2021-01-01,Lake,Violent Crime,4067,928,714342,569.3351363912524,0.2281780181952299
2021-01-01,Lake,Property Crime,9402,1444,714342,1316.1762853087175,0.15358434375664753
2021-01-01,Lake,Burglary,2716,925,714342,380.21003944889145,0.34057437407952873
2021-01-01,Lake,Larceny-Theft,6713,2055,714342,939.7459480192961,0.30612244897959184
2021-01-01,Lake,Motor Vehicle Theft,2062,608,714342,288.6572538083999,0.2948593598448109
2021-01-01,Lake,Aggravated Assault,3333,824,714342,466.5832332412206,0.24722472247224722
2021-01-01,Lake,Robbery,1306,498,714342,182.82559334324455,0.38131699846860645
2021-01-01,Lake,Rape,716,201,714342,100.23210171038522,0.2807262569832402
2021-02-01,Lake,Violent Crime,4327,1290,714342,605.7322682972582,0.29812803327940834
2021-02-01,Lake,Property Crime,9732,3101,714342,1362.3726450355712,0.31863953966296754
2021-02-01,Lake,Burglary,2870,1106,714342,401.7683406547564,0.3853658536585366
2021-02-01,Lake,Larceny-Theft,7014,2263,714342,981.8826276489413,0.32264043341887655
2021-02-01,Lake,Motor Vehicle Theft,2159,472,714342,302.2361837887174,0.21861973135710977
2021-02-01,Lake,Aggravated Assault,3485,1044,714342,487.86155650934705,0.2995695839311334
2021-02-01,Lake,Robbery,1382,364,714342,193.4647549773078,0.2633863965267728
2021-02-01,Lake,Rape,724,139,714342,101.35201346133924,0.1919889502762431
2021-03-01,Lake,Violent Crime,4631,1665,714342,648.2889148335111,0.359533578060894
2021-03-01,Lake,Property Crime,10766,2696,714342,1507.121238846379,0.25041798253761843
2021-03-01,Lake,Burglary,3009,659,714342,421.2268073275826,0.21900963775340646
2021-03-01,Lake,Larceny-Theft,7835,2336,714342,1096.813571090598,0.29814932992980214
2021-03-01,Lake,Motor Vehicle Theft,2285,360,714342,319.87479386624335,0.1575492341356674
2021-03-01,Lake,Aggravated Assault,3828,1154,714342,535.8777728315008,0.3014629049111808
2021-03-01,Lake,Robbery,1590,500,714342,222.58246050211244,0.31446540880503143
2021-03-01,Lake,Rape,743,276,714342,104.01180386985504,0.3714670255720054
2021-04-01,Lake,Violent Crime,4888,1083,714342,684.2660798329092,0.2215630114566285
2021-04-01,Lake,Property Crime,11600,3088,714342,1623.872038883336,0.26620689655172414
2021-04-01,Lake,Burglary,3371,788,714342,471.9028140582522,0.23375852862652033
2021-04-01,Lake,Larceny-Theft,8352,3211,714342,1169.187867996002,0.3844588122605364
2021-04-01,Lake,Motor Vehicle Theft,2395,401,714342,335.2735804418612,0.1674321503131524
2021-04-01,Lake,Aggravated Assault,4071,1088,714342,569.8950922667293,0.26725620240727094
2021-04-01,Lake,Robbery,1623,311,714342,227.20209647479777,0.19162045594577942
2021-04-01,Lake,Rape,821,286,714342,114.9309434416568,0.34835566382460414
2021-05-01,Lake,Violent Crime,5172,1076,714342,724.0229469917771,0.20804331013147717
2021-05-01,Lake,Property Crime,12010,2868,714342,1681.2675161197299,0.23880099916736053
2021-05-01,Lake,Burglary,3502,709,714342,490.2413689801243,0.20245573957738436
2021-05-01,Lake,Larceny-Theft,8773,2067,714342,1228.1232238899574,0.23560925567080815
2021-05-01,Lake,Motor Vehicle Theft,2669,455,714342,373.6305579120365,0.17047583364556013
2021-05-01,Lake,Aggravated Assault,4338,1261,714342,607.27214695482,0.2906869525126787
2021-05-01,Lake,Robbery,1776,524,714342,248.6204087117935,0.29504504504504503
2021-05-01,Lake,Rape,868,265,714342,121.5104249785117,0.3052995391705069
2021-06-01,Lake,Violent Crime,5252,895,714342,735.2220645013173,0.1704112718964204
2021-06-01,Lake,Property Crime,12357,4394,714342,1729.8436883173608,0.3555879258719754
2021-06-01,Lake,Burglary,3409,902,714342,477.22239487528384,0.26459372249926666
2021-06-01,Lake,Larceny-Theft,8899,2819,714342,1245.7618339674834,0.3167771659737049
2021-06-01,Lake,Motor Vehicle Theft,2695,615,714342,377.27027110263714,0.22820037105751392
2021-06-01,Lake,Aggravated Assault,4425,1758,714342,619.451187246445,0.39728813559322035
2021-06-01,Lake,Robbery,1827,363,714342,255.75984612412543,0.1986863711001642
2021-06-01,Lake,Rape,883,241,714342,123.61025951155048,0.2729331823329558
2021-07-01,Lake,Violent Crime,5205,1251,714342,728.6425829644623,0.2403458213256484
2021-07-01,Lake,Property Crime,12289,2851,714342,1720.3244384342513,0.23199609406786556
2021-07-01,Lake,Burglary,3465,628,714342,485.061777131962,0.18124098124098123
2021-07-01,Lake,Larceny-Theft,8583,2530,714342,1201.5253198047992,0.2947687288826751
2021-07-01,Lake,Motor Vehicle Theft,2603,540,714342,364.3912859666658,0.20745293891663466
2021-07-01,Lake,Aggravated Assault,4350,1372,714342,608.952014581251,0.3154022988505747
2021-07-01,Lake,Robbery,1685,330,714342,235.8814125446915,0.19584569732937684
2021-07-01,Lake,Rape,848,165,714342,118.71064560112663,0.1945754716981132
2021-08-01,Lake,Violent Crime,5030,1920,714342,704.1445134123431,0.3817097415506958
2021-08-01,Lake,Property Crime,11432,3994,714342,1600.3538921133015,0.349370188943317
2021-08-01,Lake,Burglary,3282,949,714342,459.44379582888865,0.2891529555149299
2021-08-01,Lake,Larceny-Theft,8364,1620,714342,1170.867735622433,0.19368723098995697
2021-08-01,Lake,Motor Vehicle Theft,2503,511,714342,350.3923890797405,0.20415501398322014
2021-08-01,Lake,Aggravated Assault,4214,909,714342,589.9135148150326,0.2157095396298054
2021-08-01,Lake,Robbery,1689,570,714342,236.4413684201685,0.33747779751332146
2021-08-01,Lake,Rape,792,188,714342,110.87126334444845,0.23737373737373738
2021-09-01,Lake,Violent Crime,4503,1711,714342,630.3703268182468,0.3799689096158117
2021-09-01,Lake,Property Crime,10486,2116,714342,1467.924327562988,0.20179286667938204
2021-09-01,Lake,Burglary,3029,808,714342,424.0265867049677,0.26675470452294486
2021-09-01,Lake,Larceny-Theft,7674,1447,714342,1074.2753471026483,0.18855876987229606
2021-09-01,Lake,Motor Vehicle Theft,2303,689,714342,322.3945953058899,0.299174989144594
2021-09-01,Lake,Aggravated Assault,3823,736,714342,535.1778279871546,0.1925189641642689
2021-09-01,Lake,Robbery,1518,461,714342,212.50325474352624,0.30368906455862976
2021-09-01,Lake,Rape,813,223,714342,113.81103169070276,0.2742927429274293
2021-10-01,Lake,Violent Crime,4116,1184,714342,576.1945958658457,0.28765792031098153
2021-10-01,Lake,Property Crime,9932,1888,714342,1390.3704388094218,0.1900926298832058
2021-10-01,Lake,Burglary,2800,927,714342,391.9691128339087,0.33107142857142857
2021-10-01,Lake,Larceny-Theft,6987,1538,714342,978.1029254894714,0.22012308573064263
2021-10-01,Lake,Motor Vehicle Theft,2083,729,714342,291.5970221546542,0.3499759961593855
2021-10-01,Lake,Aggravated Assault,3535,641,714342,494.8610049528097,0.18132956152758134
2021-10-01,Lake,Robbery,1453,464,714342,203.40397176702476,0.3193392980041294
2021-10-01,Lake,Rape,716,176,714342,100.23210171038522,0.24581005586592178
2021-11-01,Lake,Violent Crime,3889,1387,714342,544.4170999325254,0.35664695294420157
2021-11-01,Lake,Property Crime,9365,1953,714342,1310.9966934605554,0.20854244527495996
2021-11-01,Lake,Burglary,2651,1034,714342,371.11075647239,0.3900414937759336
2021-11-01,Lake,Larceny-Theft,6725,1455,714342,941.4258156457271,0.21635687732342007
2021-11-01,Lake,Motor Vehicle Theft,2020,463,714342,282.7777171158913,0.22920792079207922
2021-11-01,Lake,Aggravated Assault,3423,750,714342,479.1822404394534,0.21910604732690622
2021-11-01,Lake,Robbery,1359,540,714342,190.24500869331496,0.3973509933774834
2021-11-01,Lake,Rape,654,111,714342,91.55278564049152,0.16972477064220184
2021-12-01,Lake,Violent Crime,3908,921,714342,547.0768903410411,0.2356704196519959
2021-12-01,Lake,Property Crime,9046,3456,714342,1266.3402123912635,0.3820473137298253
2021-12-01,Lake,Burglary,2510,478,714342,351.3723118618253,0.1904382470119522
2021-12-01,Lake,Larceny-Theft,6552,2568,714342,917.2077240313463,0.39194139194139194
2021-12-01,Lake,Motor Vehicle Theft,1952,413,714342,273.2584672327821,0.21157786885245902
2021-12-01,Lake,Aggravated Assault,3260,1101,714342,456.3640385137651,0.33773006134969324
2021-12-01,Lake,Robbery,1334,501,714342,186.74528447158366,0.37556221889055474
2021-12-01,Lake,Rape,679,111,714342,95.05250986222286,0.1634756995581738
2022-01-01,Lake,Violent Crime,4041,1012,714342,565.6954232006518,0.2504330611234843
2022-01-01,Lake,Property Crime,9493,3581,714342,1328.9152814758197,0.37722532392289054
2022-01-01,Lake,Burglary,2646,576,714342,370.4108116280437,0.21768707482993196
2022-01-01,Lake,Larceny-Theft,6604,1555,714342,924.4871504125475,0.2354633555420957
2022-01-01,Lake,Motor Vehicle Theft,1996,359,714342,279.4179818630292,0.17985971943887777
2022-01-01,Lake,Aggravated Assault,3383,750,714342,473.5826816846833,0.22169671888856046
2022-01-01,Lake,Robbery,1336,399,714342,187.02526240932215,0.2986526946107784
2022-01-01,Lake,Rape,664,118,714342,92.95267532918406,0.17771084337349397
2022-02-01,Lake,Violent Crime,4273,1008,714342,598.1728639783186,0.23589983618066931
2022-02-01,Lake,Property Crime,10019,3836,714342,1402.549479101047,0.3828725421698772
2022-02-01,Lake,Burglary,2898,910,714342,405.6880317830955,0.3140096618357488
2022-02-01,Lake,Larceny-Theft,7233,1675,714342,1012.5402118313077,0.2315774920503249
2022-02-01,Lake,Motor Vehicle Theft,2176,640,714342,304.61599625949475,0.29411764705882354
2022-02-01,Lake,Aggravated Assault,3547,1401,714342,496.5408725792407,0.39498167465463774
2022-02-01,Lake,Robbery,1388,414,714342,194.3046887905233,0.29827089337175794
2022-02-01,Lake,Rape,730,229,714342,102.19194727455476,0.3136986301369863
2022-03-01,Lake,Violent Crime,4616,891,714342,646.1890803004724,0.19302426343154247
2022-03-01,Lake,Property Crime,10776,4144,714342,1508.5211285350715,0.38455827765404604
2022-03-01,Lake,Burglary,3062,497,714342,428.64622267765304,0.16231221423905945
2022-03-01,Lake,Larceny-Theft,7490,1980,714342,1048.5173768307056,0.2643524699599466
2022-03-01,Lake,Motor Vehicle Theft,2264,482,714342,316.93502551998904,0.21289752650176677
2022-03-01,Lake,Aggravated Assault,3855,1371,714342,539.6574749909706,0.3556420233463035
2022-03-01,Lake,Robbery,1577,374,714342,220.76260390681213,0.23715916296766013
2022-03-01,Lake,Rape,757,175,714342,105.97164943402461,0.2311756935270806
2022-04-01,Lake,Violent Crime,4891,1304,714342,684.6860467395169,0.2666121447556737
2022-04-01,Lake,Property Crime,11557,2372,714342,1617.8525132219581,0.2052435753223155
2022-04-01,Lake,Burglary,3284,1168,714342,459.7237737666272,0.3556638246041413
2022-04-01,Lake,Larceny-Theft,8229,1858,714342,1151.9692248250838,0.22578685137926843
2022-04-01,Lake,Motor Vehicle Theft,2572,986,714342,360.051627931719,0.3833592534992224
2022-04-01,Lake,Aggravated Assault,4164,658,714342,582.91406637157,0.1580211335254563
2022-04-01,Lake,Robbery,1649,313,714342,230.8418096653984,0.18981200727713765
2022-04-01,Lake,Rape,831,138,714342,116.33083313034933,0.16606498194945848
2022-05-01,Lake,Violent Crime,5192,1574,714342,726.8227263691621,0.30315870570107856
2022-05-01,Lake,Property Crime,12374,2093,714342,1732.2235007881377,0.1691449814126394
2022-05-01,Lake,Burglary,3447,864,714342,482.5419756923154,0.2506527415143603
2022-05-01,Lake,Larceny-Theft,8783,2660,714342,1229.52311357865,0.30285779346464764
2022-05-01,Lake,Motor Vehicle Theft,2586,456,714342,362.01147349588854,0.17633410672853828
2022-05-01,Lake,Aggravated Assault,4313,1375,714342,603.7724227330887,0.31880361697194526
2022-05-01,Lake,Robbery,1755,436,714342,245.68064036553918,0.24843304843304842
2022-05-01,Lake,Rape,838,299,714342,117.3107559124341,0.3568019093078759
2022-06-01,Lake,Violent Crime,5117,982,714342,716.3235537039682,0.1919093218682822
2022-06-01,Lake,Property Crime,12520,2602,714342,1752.661890243049,0.20782747603833865
2022-06-01,Lake,Burglary,3534,1376,714342,494.72101598394045,0.38936049801924166
2022-06-01,Lake,Larceny-Theft,8754,3357,714342,1225.4634334814416,0.3834818368745716
2022-06-01,Lake,Motor Vehicle Theft,2737,841,714342,383.14980779514576,0.3072707343807088
2022-06-01,Lake,Aggravated Assault,4399,1244,714342,615.8114740558443,0.28279154353262104
2022-06-01,Lake,Robbery,1789,595,714342,250.44026530709377,0.3325880380100615
2022-06-01,Lake,Rape,915,327,714342,128.0899065153666,0.35737704918032787
2022-07-01,Lake,Violent Crime,5217,1345,714342,730.3224505908934,0.25781100249185357
2022-07-01,Lake,Property Crime,12115,2577,714342,1695.9663578510015,0.21271151465125876
2022-07-01,Lake,Burglary,3540,985,714342,495.56094979715596,0.2782485875706215
2022-07-01,Lake,Larceny-Theft,8628,1995,714342,1207.8248234039158,0.2312239221140473
2022-07-01,Lake,Motor Vehicle Theft,2470,374,714342,345.77275310705517,0.151417004048583
2022-07-01,Lake,Aggravated Assault,4321,1021,714342,604.8923344840426,0.23628789632029623
2022-07-01,Lake,Robbery,1757,679,714342,245.9606183032777,0.38645418326693226
2022-07-01,Lake,Rape,860,186,714342,120.39051322755766,0.21627906976744185
2022-08-01,Lake,Violent Crime,4976,1602,714342,696.5851090934034,0.32194533762057875
2022-08-01,Lake,Property Crime,11417,2229,714342,1598.2540575802627,0.1952351756153105
2022-08-01,Lake,Burglary,3324,753,714342,465.32333252139733,0.22653429602888087
2022-08-01,Lake,Larceny-Theft,8271,1571,714342,1157.8487615175925,0.1899407568613227
2022-08-01,Lake,Motor Vehicle Theft,2424,822,714342,339.3332605390695,0.33910891089108913
2022-08-01,Lake,Aggravated Assault,4226,1049,714342,591.5933824414636,0.24822527212494083
2022-08-01,Lake,Robbery,1590,501,714342,222.58246050211244,0.3150943396226415
2022-08-01,Lake,Rape,834,173,714342,116.7508000369571,0.20743405275779375
2022-09-01,Lake,Violent Crime,4553,1737,714342,637.3697752617094,0.38150669887985944
2022-09-01,Lake,Property Crime,10732,1715,714342,1502.3616139048243,0.15980245993291092
2022-09-01,Lake,Burglary,3085,484,714342,431.8659689616458,0.15688816855753646
2022-09-01,Lake,Larceny-Theft,7704,2672,714342,1078.475016168726,0.34683281412253375
2022-09-01,Lake,Motor Vehicle Theft,2277,676,714342,318.7548821152893,0.2968818620992534
2022-09-01,Lake,Aggravated Assault,3823,1093,714342,535.1778279871546,0.2859011247711222
2022-09-01,Lake,Robbery,1510,328,714342,211.3833429925722,0.21721854304635763
2022-09-01,Lake,Rape,811,233,714342,113.53105375296425,0.2872996300863132
2022-10-01,Lake,Violent Crime,4117,1474,714342,576.334584834715,0.3580276900655817
2022-10-01,Lake,Property Crime,10046,2074,714342,1406.3291812605169,0.2064503284889508
2022-10-01,Lake,Burglary,2760,646,714342,386.36955407913854,0.23405797101449274
2022-10-01,Lake,Larceny-Theft,7216,1463,714342,1010.1603993605305,0.2027439024390244
2022-10-01,Lake,Motor Vehicle Theft,2167,591,714342,303.35609553967146,0.2727272727272727
2022-10-01,Lake,Aggravated Assault,3543,880,714342,495.98091670376374,0.24837708156929156
2022-10-01,Lake,Robbery,1424,417,714342,199.3442916698164,0.2928370786516854
2022-10-01,Lake,Rape,737,138,714342,103.17187005663953,0.18724559023066487
2022-11-01,Lake,Violent Crime,3936,945,714342,550.9965814693802,0.24009146341463414
2022-11-01,Lake,Property Crime,9333,1532,714342,1306.5170464567393,0.16414871959712846
2022-11-01,Lake,Burglary,2704,839,714342,378.5301718224604,0.3102810650887574
2022-11-01,Lake,Larceny-Theft,6625,2477,714342,927.4269187588018,0.3738867924528302
2022-11-01,Lake,Motor Vehicle Theft,1978,500,714342,276.89818042338266,0.2527805864509606
2022-11-01,Lake,Aggravated Assault,3296,1175,714342,461.40364139305825,0.35649271844660196
2022-11-01,Lake,Robbery,1355,337,714342,189.68505281783794,0.24870848708487084
2022-11-01,Lake,Rape,639,153,714342,89.45295110745273,0.23943661971830985
2022-12-01,Lake,Violent Crime,3950,672,714342,552.9564270335497,0.17012658227848101
2022-12-01,Lake,Property Crime,9231,2718,714342,1292.2381716320754,0.29444263893402667
2022-12-01,Lake,Burglary,2677,714,714342,374.75046966299055,0.26671647366454987
2022-12-01,Lake,Larceny-Theft,6558,1684,714342,918.0476578445617,0.25678560536749007
2022-12-01,Lake,Motor Vehicle Theft,1937,702,714342,271.1586326997433,0.3624161073825503
2022-12-01,Lake,Aggravated Assault,3297,952,714342,461.5436303619275,0.28874734607218683
2022-12-01,Lake,Robbery,1337,474,714342,187.1652513781914,0.3545250560957367
2022-12-01,Lake,Rape,630,134,714342,88.19305038762946,0.2126984126984127
2023-01-01,Lake,Violent Crime,4091,742,714342,572.6948716441144,0.1813737472500611
2023-01-01,Lake,Property Crime,9471,3022,714342,1325.8355241606962,0.3190792946890508
2023-01-01,Lake,Burglary,2688,861,714342,376.29034832055237,0.3203125
2023-01-01,Lake,Larceny-Theft,6702,1467,714342,938.2060693617343,0.2188898836168308
2023-01-01,Lake,Motor Vehicle Theft,2043,660,714342,285.99746339988405,0.32305433186490456
2023-01-01,Lake,Aggravated Assault,3295,1109,714342,461.263652424189,0.3365705614567527
2023-01-01,Lake,Robbery,1305,238,714342,182.6856043743753,0.18237547892720307
2023-01-01,Lake,Rape,676,109,714342,94.6325429556151,0.16124260355029585
2023-02-01,Lake,Violent Crime,4310,1162,714342,603.3524558264809,0.2696055684454756
2023-02-01,Lake,Property Crime,10133,2698,714342,1418.5082215521415,0.26625875851179315
2023-02-01,Lake,Burglary,2804,863,714342,392.52906870938574,0.307774607703281
2023-02-01,Lake,Larceny-Theft,7089,1372,714342,992.3818003141353,0.19353928621808436
2023-02-01,Lake,Motor Vehicle Theft,2104,823,714342,294.5367905009085,0.3911596958174905
2023-02-01,Lake,Aggravated Assault,3566,980,714342,499.2006629877565,0.2748177229388671
2023-02-01,Lake,Robbery,1351,405,714342,189.12509694236095,0.2997779422649889
2023-02-01,Lake,Rape,698,175,714342,97.71230027073867,0.2507163323782235
2023-03-01,Lake,Violent Crime,4527,1011,714342,633.7300620711088,0.22332670642809807
2023-03-01,Lake,Property Crime,10763,4036,714342,1506.701271939771,0.374988386137694
2023-03-01,Lake,Burglary,3124,999,714342,437.3255387475467,0.31978233034571063
2023-03-01,Lake,Larceny-Theft,7872,1182,714342,1101.9931629387604,0.15015243902439024
2023-03-01,Lake,Motor Vehicle Theft,2272,716,714342,318.05493727094307,0.31514084507042256
2023-03-01,Lake,Aggravated Assault,3865,595,714342,541.0573646796632,0.1539456662354463
2023-03-01,Lake,Robbery,1563,494,714342,218.8027583426426,0.3160588611644274
2023-03-01,Lake,Rape,773,141,714342,108.21147293593265,0.18240620957309184
2023-04-01,Lake,Violent Crime,4845,1839,714342,678.2465541715313,0.37956656346749224
2023-04-01,Lake,Property Crime,11609,2908,714342,1625.1319396031593,0.250495305366526
2023-04-01,Lake,Burglary,3343,600,714342,467.9831229299132,0.17947950942267424
2023-04-01,Lake,Larceny-Theft,8221,1259,714342,1150.84931307413,0.15314438632769736
2023-04-01,Lake,Motor Vehicle Theft,2483,966,714342,347.59260970235545,0.3890455094643576
2023-04-01,Lake,Aggravated Assault,4141,709,714342,579.694320087577,0.17121468244385415
2023-04-01,Lake,Robbery,1657,500,714342,231.96172141635242,0.30175015087507545
2023-04-01,Lake,Rape,817,141,714342,114.37098756617978,0.17258261933904528
2023-05-01,Lake,Violent Crime,5169,1003,714342,723.6029800851693,0.19404140065776745
2023-05-01,Lake,Property Crime,12163,4851,714342,1702.6858283567256,0.3988325248705089
2023-05-01,Lake,Burglary,3486,807,714342,488.0015454782163,0.2314974182444062
2023-05-01,Lake,Larceny-Theft,8627,2744,714342,1207.6848344350467,0.3180711719021676
2023-05-01,Lake,Motor Vehicle Theft,2632,482,714342,368.45096606387415,0.1831306990881459
2023-05-01,Lake,Aggravated Assault,4366,1286,714342,611.191838083159,0.2945487860742098
2023-05-01,Lake,Robbery,1760,595,714342,246.38058520988545,0.3380681818181818
2023-05-01,Lake,Rape,907,301,714342,126.96999476441258,0.3318632855567806
2023-06-01,Lake,Violent Crime,5326,833,714342,745.581248197642,0.15640255351107774
2023-06-01,Lake,Property Crime,12298,3741,714342,1721.5843391540745,0.3041958041958042
2023-06-01,Lake,Burglary,3604,653,714342,504.5202438047882,0.1811875693673696
2023-06-01,Lake,Larceny-Theft,9095,2452,714342,1273.199671865857,0.2695986805937328
2023-06-01,Lake,Motor Vehicle Theft,2663,456,714342,372.790624098821,0.1712354487420203
2023-06-01,Lake,Aggravated Assault,4278,1267,714342,598.8728088226648,0.296166432912576
2023-06-01,Lake,Robbery,1772,548,714342,248.06045283631647,0.309255079006772
2023-06-01,Lake,Rape,914,250,714342,127.94991754649735,0.2735229759299781
2023-07-01,Lake,Violent Crime,5249,1191,714342,734.8020975947095,0.22690036197370927
2023-07-01,Lake,Property Crime,12189,4296,714342,1706.3255415473259,0.35244892936254
2023-07-01,Lake,Burglary,3486,840,714342,488.0015454782163,0.24096385542168675
2023-07-01,Lake,Larceny-Theft,8719,1721,714342,1220.5638195710178,0.1973850212180296
2023-07-01,Lake,Motor Vehicle Theft,2635,631,714342,368.87093297048193,0.2394686907020873
2023-07-01,Lake,Aggravated Assault,4447,1018,714342,622.5309445615686,0.22891837193613673
2023-07-01,Lake,Robbery,1649,536,714342,230.8418096653984,0.32504548211036993
2023-07-01,Lake,Rape,853,212,714342,119.4105904454729,0.2485345838218054
2023-08-01,Lake,Violent Crime,5010,1267,714342,701.344734034958,0.25289421157684633
2023-08-01,Lake,Property Crime,11771,2120,714342,1647.8101525599784,0.18010364455016567
2023-08-01,Lake,Burglary,3317,810,714342,464.34340973931256,0.24419656315948146
2023-08-01,Lake,Larceny-Theft,8078,2233,714342,1130.8308905258266,0.27642980935875217
2023-08-01,Lake,Motor Vehicle Theft,2422,967,714342,339.05328260133103,0.3992568125516102
2023-08-01,Lake,Aggravated Assault,4121,1030,714342,576.894540710192,0.2499393351128367
2023-08-01,Lake,Robbery,1595,404,714342,223.2824053464587,0.25329153605015675
2023-08-01,Lake,Rape,817,212,714342,114.37098756617978,0.2594859241126071
2023-09-01,Lake,Violent Crime,4639,1639,714342,649.4088265844651,0.3533089027807717
2023-09-01,Lake,Property Crime,10968,4262,714342,1535.399010557968,0.3885849744711889
2023-09-01,Lake,Burglary,3008,903,714342,421.0868183587134,0.3001994680851064
2023-09-01,Lake,Larceny-Theft,7703,1806,714342,1078.3350271998568,0.2344541087887836
2023-09-01,Lake,Motor Vehicle Theft,2242,427,714342,313.85526820486547,0.1904549509366637
2023-09-01,Lake,Aggravated Assault,3885,639,714342,543.8571440570483,0.16447876447876447
2023-09-01,Lake,Robbery,1542,567,714342,215.8629899963883,0.36770428015564205
2023-09-01,Lake,Rape,774,271,714342,108.35146190480191,0.35012919896640826
2023-10-01,Lake,Violent Crime,4271,1244,714342,597.89288604058,0.29126668227581365
2023-10-01,Lake,Property Crime,10108,2265,714342,1415.0084973304104,0.2240799366838148
2023-10-01,Lake,Burglary,2778,717,714342,388.8893555187851,0.2580993520518359
2023-10-01,Lake,Larceny-Theft,7130,2744,714342,998.1213480377745,0.38485273492286115
2023-10-01,Lake,Motor Vehicle Theft,2168,774,714342,303.4960845085407,0.3570110701107011
2023-10-01,Lake,Aggravated Assault,3451,1061,714342,483.10193156779246,0.30744711677774555
2023-10-01,Lake,Robbery,1462,320,714342,204.66387248684802,0.2188782489740082
2023-10-01,Lake,Rape,765,282,714342,107.09156118497863,0.3686274509803922
2023-11-01,Lake,Violent Crime,4053,1018,714342,567.3752908270828,0.25117197137922526
2023-11-01,Lake,Property Crime,9363,3595,714342,1310.716715522817,0.3839581330770052
2023-11-01,Lake,Burglary,2700,951,714342,377.9702159469834,0.3522222222222222
2023-11-01,Lake,Larceny-Theft,6871,2718,714342,961.864205100638,0.39557560762625527
2023-11-01,Lake,Motor Vehicle Theft,1931,424,714342,270.3186988865277,0.21957534955981356
2023-11-01,Lake,Aggravated Assault,3268,1016,714342,457.4839502647191,0.3108935128518972
2023-11-01,Lake,Robbery,1324,397,714342,185.3453947828911,0.2998489425981873
2023-11-01,Lake,Rape,708,144,714342,99.1121899594312,0.2033898305084746
2023-12-01,Lake,Violent Crime,3908,1387,714342,547.0768903410411,0.35491299897645856
2023-12-01,Lake,Property Crime,9244,2202,714342,1294.0580282273756,0.23820856771960192
2023-12-01,Lake,Burglary,2661,948,714342,372.51064616108255,0.35625704622322435
2023-12-01,Lake,Larceny-Theft,6561,1965,714342,918.4676247511696,0.2994970278920896
2023-12-01,Lake,Motor Vehicle Theft,1948,555,714342,272.69851135730505,0.2849075975359343
2023-12-01,Lake,Aggravated Assault,3282,1005,714342,459.44379582888865,0.3062157221206581
2023-12-01,Lake,Robbery,1313,216,714342,183.80551612532932,0.16450875856816452
2023-12-01,Lake,Rape,661,185,714342,92.53270842257629,0.27987897125567324
2024-01-01,Lake,Violent Crime,3957,672,714342,553.9363498156346,0.16982562547384383
2024-01-01,Lake,Property Crime,9343,1832,714342,1307.9169361454317,0.1960826287059831
2024-01-01,Lake,Burglary,2625,427,714342,367.4710432817894,0.16266666666666665
2024-01-01,Lake,Larceny-Theft,6661,1803,714342,932.466521638095,0.2706800780663564
2024-01-01,Lake,Motor Vehicle Theft,1990,370,714342,278.5780480498137,0.18592964824120603
2024-01-01,Lake,Aggravated Assault,3343,560,714342,467.9831229299132,0.16751420879449597
2024-01-01,Lake,Robbery,1345,496,714342,188.28516312914542,0.3687732342007435
2024-01-01,Lake,Rape,673,109,714342,94.21257604900734,0.16196136701337296
2024-02-01,Lake,Violent Crime,4164,817,714342,582.91406637157,0.19620557156580212
2024-02-01,Lake,Property Crime,9961,1607,714342,1394.4301189066302,0.16132918381688585
2024-02-01,Lake,Burglary,2810,540,714342,393.36900252260125,0.19217081850533807
2024-02-01,Lake,Larceny-Theft,6996,1956,714342,979.3628262092947,0.27958833619210977
2024-02-01,Lake,Motor Vehicle Theft,2096,832,714342,293.4168787499545,0.3969465648854962
2024-02-01,Lake,Aggravated Assault,3586,665,714342,502.0004423651417,0.18544339096486337
2024-02-01,Lake,Robbery,1408,238,714342,197.10446816790838,0.1690340909090909
2024-02-01,Lake,Rape,722,196,714342,101.07203552360073,0.27146814404432135
2024-03-01,Lake,Violent Crime,4593,1074,714342,642.9693340164795,0.23383409536250815
2024-03-01,Lake,Property Crime,10647,4143,714342,1490.4625515509379,0.3891236968160045
2024-03-01,Lake,Burglary,3089,706,714342,432.42592483712286,0.22855292975072838
2024-03-01,Lake,Larceny-Theft,7656,1333,714342,1071.7555456630016,0.17411180773249738
2024-03-01,Lake,Motor Vehicle Theft,2255,720,714342,315.67512480016575,0.31929046563192903
2024-03-01,Lake,Aggravated Assault,3850,1465,714342,538.9575301466244,0.38051948051948054
2024-03-01,Lake,Robbery,1465,347,714342,205.08383939345578,0.23686006825938566
2024-03-01,Lake,Rape,746,266,714342,104.43177077646281,0.35656836461126007
2024-04-01,Lake,Violent Crime,4895,1235,714342,685.2460026149939,0.2522982635342186
2024-04-01,Lake,Property Crime,11664,3880,714342,1632.831332890968,0.3326474622770919
2024-04-01,Lake,Burglary,3290,1178,714342,460.5637075798427,0.3580547112462006
2024-04-01,Lake,Larceny-Theft,8347,1376,714342,1168.4879231516557,0.16484964657960943
2024-04-01,Lake,Motor Vehicle Theft,2506,636,714342,350.8123559863483,0.25379090183559455
2024-04-01,Lake,Aggravated Assault,4138,1158,714342,579.2743531809693,0.27984533591106814
2024-04-01,Lake,Robbery,1673,306,714342,234.20154491826045,0.18290496114763896
2024-04-01,Lake,Rape,865,344,714342,121.09045807190394,0.3976878612716763
2024-05-01,Lake,Violent Crime,5142,1631,714342,719.8232779256995,0.31719175418125245
2024-05-01,Lake,Property Crime,12148,2908,714342,1700.5859938236867,0.2393809680605861
2024-05-01,Lake,Burglary,3488,663,714342,488.2815234159548,0.1900802752293578
2024-05-01,Lake,Larceny-Theft,8673,2537,714342,1214.1243270030322,0.2925170068027211
2024-05-01,Lake,Motor Vehicle Theft,2558,399,714342,358.09178236754946,0.15598123534010946
2024-05-01,Lake,Aggravated Assault,4313,1254,714342,603.7724227330887,0.2907488986784141
2024-05-01,Lake,Robbery,1706,497,714342,238.8211808909458,0.2913247362250879
2024-05-01,Lake,Rape,896,271,714342,125.43011610685079,0.30245535714285715
2024-06-01,Lake,Violent Crime,5299,1141,714342,741.8015460381722,0.21532364597093792
2024-06-01,Lake,Property Crime,12344,3436,714342,1728.0238317220603,0.2783538561244329
2024-06-01,Lake,Burglary,3497,958,714342,489.5414241357781,0.2739490992279096
2024-06-01,Lake,Larceny-Theft,8775,1368,714342,1228.403201827696,0.1558974358974359
2024-06-01,Lake,Motor Vehicle Theft,2663,515,714342,372.790624098821,0.19339091250469395
2024-06-01,Lake,Aggravated Assault,4412,1351,714342,617.6313306511447,0.30621033544877607
2024-06-01,Lake,Robbery,1773,497,714342,248.20044180518573,0.28031584884376765
2024-06-01,Lake,Rape,928,144,714342,129.9097631106669,0.15517241379310345
2024-07-01,Lake,Violent Crime,5298,1974,714342,741.661557069303,0.3725934314835787
2024-07-01,Lake,Property Crime,12184,3136,714342,1705.62559670298,0.2573867367038739
2024-07-01,Lake,Burglary,3517,1030,714342,492.3412035131631,0.29286323571225475
2024-07-01,Lake,Larceny-Theft,8585,1714,714342,1201.8052977425377,0.19965055329062317
2024-07-01,Lake,Motor Vehicle Theft,2565,740,714342,359.0717051496342,0.2884990253411306
2024-07-01,Lake,Aggravated Assault,4357,1323,714342,609.9319373633358,0.3036492999770484
2024-07-01,Lake,Robbery,1665,321,714342,233.08163316730642,0.1927927927927928
2024-07-01,Lake,Rape,870,192,714342,121.7904029162502,0.2206896551724138
2024-08-01,Lake,Violent Crime,4935,757,714342,690.845561369764,0.15339412360688956
2024-08-01,Lake,Property Crime,11609,4059,714342,1625.1319396031593,0.34964251873546387
2024-08-01,Lake,Burglary,3413,643,714342,477.7823507507608,0.18839730442426017
2024-08-01,Lake,Larceny-Theft,8387,2441,714342,1174.0874819064256,0.29104566591152975
2024-08-01,Lake,Motor Vehicle Theft,2501,957,714342,350.112411142002,0.3826469412235106
2024-08-01,Lake,Aggravated Assault,4089,663,714342,572.4148937063759,0.16214233308877476
2024-08-01,Lake,Robbery,1618,346,714342,226.50215163045152,0.2138442521631644
2024-08-01,Lake,Rape,801,292,714342,112.13116406427173,0.3645443196004994
2024-09-01,Lake,Violent Crime,4610,967,714342,645.3491464872568,0.20976138828633406
2024-09-01,Lake,Property Crime,10838,2472,714342,1517.2004446049652,0.2280863627975641
2024-09-01,Lake,Burglary,3059,1205,714342,428.22625577104526,0.39391958156260215
2024-09-01,Lake,Larceny-Theft,7720,1743,714342,1080.7148396706339,0.22577720207253887
2024-09-01,Lake,Motor Vehicle Theft,2347,757,714342,328.554109936137,0.32253941201533876
2024-09-01,Lake,Aggravated Assault,3761,1249,714342,526.4985119172609,0.33209252858282373
2024-09-01,Lake,Robbery,1545,426,714342,216.28295690299606,0.2757281553398058
2024-09-01,Lake,Rape,753,234,714342,105.4116935585476,0.3107569721115538
2024-10-01,Lake,Violent Crime,4312,1083,714342,603.6324337642194,0.2511595547309833
2024-10-01,Lake,Property Crime,9880,3416,714342,1383.0910124282207,0.345748987854251
2024-10-01,Lake,Burglary,2928,989,714342,409.8877008491731,0.33777322404371585
2024-10-01,Lake,Larceny-Theft,7232,1415,714342,1012.4002228624385,0.19565818584070796
2024-10-01,Lake,Motor Vehicle Theft,2245,527,714342,314.27523511147325,0.23474387527839644
2024-10-01,Lake,Aggravated Assault,3435,608,714342,480.8621080658844,0.17700145560407568
2024-10-01,Lake,Robbery,1392,490,714342,194.86464466600032,0.35201149425287354
2024-10-01,Lake,Rape,746,272,714342,104.43177077646281,0.3646112600536193
2024-11-01,Lake,Violent Crime,4088,763,714342,572.2749047375066,0.18664383561643835
2024-11-01,Lake,Property Crime,9413,3018,714342,1317.7161639662795,0.3206204185700627
2024-11-01,Lake,Burglary,2648,824,714342,370.6907895657822,0.311178247734139
2024-11-01,Lake,Larceny-Theft,6687,1524,714342,936.1062348286955,0.22790489008524
2024-11-01,Lake,Motor Vehicle Theft,2048,377,714342,286.69740824423036,0.18408203125
2024-11-01,Lake,Aggravated Assault,3477,1097,714342,486.741644758393,0.3155018694276675
2024-11-01,Lake,Robbery,1365,527,714342,191.0849425065305,0.3860805860805861
2024-11-01,Lake,Rape,654,119,714342,91.55278564049152,0.1819571865443425
2024-12-01,Lake,Violent Crime,3956,1263,714342,553.7963608467653,0.31926188068756317
2024-12-01,Lake,Property Crime,9071,1743,714342,1269.8399366129947,0.19215081027450115
2024-12-01,Lake,Burglary,2501,672,714342,350.112411142002,0.2686925229908037
2024-12-01,Lake,Larceny-Theft,6625,1272,714342,927.4269187588018,0.192
2024-12-01,Lake,Motor Vehicle Theft,2008,396,714342,281.0978494894602,0.19721115537848605
2024-12-01,Lake,Aggravated Assault,3303,994,714342,462.383564175143,0.3009385407205571
2024-12-01,Lake,Robbery,1302,465,714342,182.26563746776753,0.35714285714285715
2024-12-01,Lake,Rape,669,240,714342,93.65262017353032,0.35874439461883406
2020-01-01,Will,Violent Crime,4595,1699,696355,659.864580565947,0.3697497279651795
2020-01-01,Will,Property Crime,10700,2695,696355,1536.5725815137394,0.2518691588785047
2020-01-01,Will,Burglary,3115,1215,696355,447.32930760890633,0.3900481540930979
2020-01-01,Will,Larceny-Theft,7639,1662,696355,1096.9979392694818,0.21756774446917135
2020-01-01,Will,Motor Vehicle Theft,2249,558,696355,322.9674519462056,0.24811027123165852
2020-01-01,Will,Aggravated Assault,3720,1064,696355,534.2102806758047,0.2860215053763441
2020-01-01,Will,Robbery,1502,420,696355,215.6945810685642,0.2796271637816245
2020-01-01,Will,Rape,755,208,696355,108.42171019092274,0.27549668874172184
2020-02-01,Will,Violent Crime,4845,1917,696355,695.7658091059876,0.3956656346749226
2020-02-01,Will,Property Crime,11221,3543,696355,1611.3907417911842,0.31574725960253097
2020-02-01,Will,Burglary,3244,828,696355,465.85434153556736,0.25524044389642414
2020-02-01,Will,Larceny-Theft,8152,2894,696355,1170.667260233645,0.35500490677134444
2020-02-01,Will,Motor Vehicle Theft,2443,646,696355,350.8268052932771,0.264428980761359
2020-02-01,Will,Aggravated Assault,3989,1109,696355,572.8400025848885,0.2780145399849586
2020-02-01,Will,Robbery,1593,635,696355,228.76262825713894,0.39861895794099184
2020-02-01,Will,Rape,802,189,696355,115.17114115645037,0.23566084788029926
2020-03-01,Will,Violent Crime,5081,1293,696355,729.6565688477859,0.2544774650659319
2020-03-01,Will,Property Crime,12122,4591,696355,1740.7787694494907,0.3787328823626464
2020-03-01,Will,Burglary,3559,683,696355,511.0898894960186,0.19190783928069682
2020-03-01,Will,Larceny-Theft,8600,2846,696355,1235.002261777398,0.3309302325581395
2020-03-01,Will,Motor Vehicle Theft,2712,487,696355,389.45652720236086,0.17957227138643067
2020-03-01,Will,Aggravated Assault,4366,1064,696355,626.9790552232697,0.24370132844709116
2020-03-01,Will,Robbery,1760,312,696355,252.74464892188612,0.17727272727272728
2020-03-01,Will,Rape,848,167,696355,121.77696720781785,0.19693396226415094
2020-04-01,Will,Violent Crime,5430,1903,696355,779.7746838896827,0.35046040515653776
2020-04-01,Will,Property Crime,13081,4171,696355,1878.4958821290866,0.318859414417858
2020-04-01,Will,Burglary,3754,1375,696355,539.0928477572503,0.3662759722962174
2020-04-01,Will,Larceny-Theft,9371,2537,696355,1345.7216505948834,0.2707288443069043
2020-04-01,Will,Motor Vehicle Theft,2774,1104,696355,398.360031880291,0.3979812545061283
2020-04-01,Will,Aggravated Assault,4774,1559,696355,685.5698602006161,0.3265605362379556
2020-04-01,Will,Robbery,1857,465,696355,266.67432559542186,0.25040387722132473
2020-04-01,Will,Rape,913,213,696355,131.1112866282284,0.23329682365826945
2020-05-01,Will,Violent Crime,5999,1361,696355,861.4858800468152,0.22687114519086515
2020-05-01,Will,Property Crime,13712,2290,696355,1969.1105829641492,0.16700700116686115
2020-05-01,Will,Burglary,3881,864,696355,557.3306718555909,0.22262303530018038
2020-05-01,Will,Larceny-Theft,9837,3629,696355,1412.641540593519,0.36891328657110906
2020-05-01,Will,Motor Vehicle Theft,3043,707,696355,436.98975378937473,0.23233651002300362
2020-05-01,Will,Aggravated Assault,4828,796,696355,693.3245255652648,0.16487158243579123
2020-05-01,Will,Robbery,1945,447,696355,279.31155804151615,0.22982005141388176
2020-05-01,Will,Rape,951,171,696355,136.5682733663146,0.17981072555205047
2020-06-01,Will,Violent Crime,6052,1014,696355,869.0969404973038,0.16754791804362193
2020-06-01,Will,Property Crime,14241,5060,696355,2045.077582554875,0.3553121269573766
2020-06-01,Will,Burglary,4022,1564,696355,577.5789647521739,0.38886126305320734
2020-06-01,Will,Larceny-Theft,9959,1914,696355,1430.161340121059,0.19218797067978713
2020-06-01,Will,Motor Vehicle Theft,3077,855,696355,441.8723208708202,0.27786805329866754
2020-06-01,Will,Aggravated Assault,5132,1909,696355,736.9804194699543,0.3719797349961029
2020-06-01,Will,Robbery,1964,436,696355,282.0400514105593,0.2219959266802444
2020-06-01,Will,Rape,992,283,696355,142.45607484688125,0.2852822580645161
2020-07-01,Will,Violent Crime,5830,1118,696355,837.2166495537477,0.19176672384219554
2020-07-01,Will,Property Crime,13740,4796,696355,1973.1315205606336,0.3490538573508006
2020-07-01,Will,Burglary,3990,753,696355,572.9836074990486,0.1887218045112782
2020-07-01,Will,Larceny-Theft,9874,2412,696355,1417.9549224174452,0.24427790155965162
2020-07-01,Will,Motor Vehicle Theft,2945,643,696355,422.91647220167874,0.21833616298811545
2020-07-01,Will,Aggravated Assault,4900,954,696355,703.6640793847965,0.1946938775510204
2020-07-01,Will,Robbery,1958,362,696355,281.1784219255983,0.18488253319713993
2020-07-01,Will,Rape,1012,400,696355,145.3281731300845,0.3952569169960474
2020-08-01,Will,Violent Crime,5603,1320,696355,804.6183340393908,0.23558807781545602
2020-08-01,Will,Property Crime,13176,2457,696355,1892.138348974302,0.1864754098360656
2020-08-01,Will,Burglary,3839,1351,696355,551.299265460864,0.3519145610836155
2020-08-01,Will,Larceny-Theft,9200,2101,696355,1321.1652102734954,0.2283695652173913
2020-08-01,Will,Motor Vehicle Theft,2835,530,696355,407.11993164406084,0.18694885361552027
2020-08-01,Will,Aggravated Assault,4710,1156,696355,676.3791456943657,0.2454352441613588
2020-08-01,Will,Robbery,1821,381,696355,261.504548685656,0.20922570016474465
2020-08-01,Will,Rape,920,276,696355,132.11652102734953,0.3
2020-09-01,Will,Violent Crime,5278,1878,696355,757.9467369373381,0.3558165971959075
2020-09-01,Will,Property Crime,12115,4243,696355,1739.7735350503692,0.3502269913330582
2020-09-01,Will,Burglary,3430,1272,696355,492.5648555693576,0.37084548104956266
2020-09-01,Will,Larceny-Theft,8684,1357,696355,1247.0650745668515,0.15626439428834638
2020-09-01,Will,Motor Vehicle Theft,2647,433,696355,380.1222077819503,0.1635814129202871
2020-09-01,Will,Aggravated Assault,4384,1081,696355,629.5639436781527,0.24657846715328466
2020-09-01,Will,Robbery,1674,375,696355,240.3946263041121,0.22401433691756273
2020-09-01,Will,Rape,825,124,696355,118.47405418213411,0.1503030303030303
2020-10-01,Will,Violent Crime,4840,1098,696355,695.0477845351868,0.2268595041322314
2020-10-01,Will,Property Crime,11493,4499,696355,1650.4512784427484,0.3914556686678848
2020-10-01,Will,Burglary,3176,910,696355,456.0892073726763,0.2865239294710327
2020-10-01,Will,Larceny-Theft,8198,2325,696355,1177.2730862850126,0.2836057575018297
2020-10-01,Will,Motor Vehicle Theft,2374,900,696355,340.9180662162259,0.37910699241786017
2020-10-01,Will,Aggravated Assault,4004,1361,696355,574.9940762972909,0.3399100899100899
2020-10-01,Will,Robbery,1596,533,696355,229.19344299961944,0.33395989974937346
2020-10-01,Will,Rape,815,132,696355,117.03800504053248,0.1619631901840491
2020-11-01,Will,Violent Crime,4506,931,696355,647.0837432056925,0.2066134043497559
2020-11-01,Will,Property Crime,10707,2740,696355,1537.5778159128606,0.2559073503315588
2020-11-01,Will,Burglary,3012,786,696355,432.5380014504096,0.26095617529880477
2020-11-01,Will,Larceny-Theft,7591,2864,696355,1090.104903389794,0.3772888947437755
2020-11-01,Will,Motor Vehicle Theft,2287,807,696355,328.4244386842918,0.3528640139921294
2020-11-01,Will,Aggravated Assault,3768,1364,696355,541.1033165554926,0.3619957537154989
2020-11-01,Will,Robbery,1503,579,696355,215.83818598272433,0.3852295409181637
2020-11-01,Will,Rape,769,270,696355,110.43217898916501,0.3511053315994798
2020-12-01,Will,Violent Crime,4528,737,696355,650.2430513172161,0.1627650176678445
2020-12-01,Will,Property Crime,10357,2719,696355,1487.3160959568036,0.26252775900357245
2020-12-01,Will,Burglary,3008,928,696355,431.9635817937689,0.30851063829787234
2020-12-01,Will,Larceny-Theft,7331,2099,696355,1052.7676257081516,0.28631837402809984
2020-12-01,Will,Motor Vehicle Theft,2181,735,696355,313.2023177833146,0.33700137551581844
2020-12-01,Will,Aggravated Assault,3706,1452,696355,532.1998118775624,0.3917970858067998
2020-12-01,Will,Robbery,1476,552,696355,211.96085330039992,0.37398373983739835
2020-12-01,Will,Rape,744,158,696355,106.84205613516096,0.21236559139784947
2021-01-01,Will,Violent Crime,4546,915,696355,652.8279397720991,0.2012758468983722
2021-01-01,Will,Property Crime,10680,3072,696355,1533.700483230536,0.2876404494382023
2021-01-01,Will,Burglary,2973,892,696355,426.9374097981633,0.300033636057854
2021-01-01,Will,Larceny-Theft,7654,3014,696355,1099.1520129818844,0.3937810295270447
2021-01-01,Will,Motor Vehicle Theft,2288,714,696355,328.56804359845194,0.3120629370629371
2021-01-01,Will,Aggravated Assault,3681,662,696355,528.6096890235584,0.17984243412116271
2021-01-01,Will,Robbery,1499,448,696355,215.26376632608367,0.2988659106070714
2021-01-01,Will,Rape,751,273,696355,107.8472905342821,0.36351531291611183
2021-02-01,Will,Violent Crime,4811,827,696355,690.8832420245421,0.17189773435876118
2021-02-01,Will,Property Crime,11393,2226,696355,1636.0907870267322,0.19538312999210042
2021-02-01,Will,Burglary,3218,1051,696355,462.1206137674031,0.3266003729024239
2021-02-01,Will,Larceny-Theft,8081,1609,696355,1160.4713113282737,0.19910902116074744
2021-02-01,Will,Motor Vehicle Theft,2377,547,696355,341.3488809587064,0.23012200252419016
2021-02-01,Will,Aggravated Assault,4047,1281,696355,581.1690876061779,0.31653076352853965
2021-02-01,Will,Robbery,1607,530,696355,230.7730970553812,0.3298070939639079
2021-02-01,Will,Rape,860,184,696355,123.50022617773979,0.21395348837209302
2021-03-01,Will,Violent Crime,5078,915,696355,729.2257541053054,0.1801890508074045
2021-03-01,Will,Property Crime,12154,3538,696355,1745.3741267026157,0.29109758104327793
2021-03-01,Will,Burglary,3508,859,696355,503.7660388738503,0.24486887115165337
2021-03-01,Will,Larceny-Theft,8758,2906,696355,1257.6918382147037,0.33181091573418586
2021-03-01,Will,Motor Vehicle Theft,2708,806,696355,388.88210754572026,0.29763663220088626
2021-03-01,Will,Aggravated Assault,4299,1314,696355,617.3575259745388,0.30565247732030704
2021-03-01,Will,Robbery,1758,496,696355,252.4574390935658,0.2821387940841866
2021-03-01,Will,Rape,858,171,696355,123.21301634941949,0.1993006993006993
2021-04-01,Will,Violent Crime,5702,976,696355,818.8352205412469,0.1711680112241319
2021-04-01,Will,Property Crime,13114,3402,696355,1883.2348442963716,0.25941741650144884
2021-04-01,Will,Burglary,3712,878,696355,533.0614413625234,0.2365301724137931
2021-04-01,Will,Larceny-Theft,9566,2636,696355,1373.724608856115,0.27555927242316536
2021-04-01,Will,Motor Vehicle Theft,2788,443,696355,400.37050067853323,0.15889526542324248
2021-04-01,Will,Aggravated Assault,4686,1781,696355,672.9326277545217,0.38006828851899277
2021-04-01,Will,Robbery,1908,326,696355,273.9981762175902,0.1708595387840671
2021-04-01,Will,Rape,948,256,696355,136.1374586238341,0.270042194092827
2021-05-01,Will,Violent Crime,5901,1041,696355,847.4125984591192,0.17641077783426537
2021-05-01,Will,Property Crime,13936,2769,696355,2001.2780837360256,0.19869402985074627
2021-05-01,Will,Burglary,3945,652,696355,566.5213863618413,0.1652724968314322
2021-05-01,Will,Larceny-Theft,9882,1572,696355,1419.1037617307265,0.15907710989678203
2021-05-01,Will,Motor Vehicle Theft,2883,748,696355,414.01296752374867,0.2594519597641346
2021-05-01,Will,Aggravated Assault,5011,1279,696355,719.6042248565745,0.25523847535422073
2021-05-01,Will,Robbery,1857,546,696355,266.67432559542186,0.2940226171243942
2021-05-01,Will,Rape,992,227,696355,142.45607484688125,0.2288306451612903
2021-06-01,Will,Violent Crime,5908,1033,696355,848.4178328582404,0.17484766418415706
2021-06-01,Will,Property Crime,14085,3117,696355,2022.6752159458897,0.2212992545260916
2021-06-01,Will,Burglary,4038,1092,696355,579.8766433787364,0.2704309063893016
2021-06-01,Will,Larceny-Theft,10115,2321,696355,1452.5637067300443,0.22946119624320316
2021-06-01,Will,Motor Vehicle Theft,3109,843,696355,446.4676781239454,0.27114827918945
2021-06-01,Will,Aggravated Assault,5134,1471,696355,737.2676292982745,0.2865212310089599
2021-06-01,Will,Robbery,1973,716,696355,283.3324956380007,0.36289913836796756
2021-06-01,Will,Rape,1009,176,696355,144.89735838760402,0.17443012884043607
2021-07-01,Will,Violent Crime,5889,1000,696355,845.6893394891973,0.16980811682798438
2021-07-01,Will,Property Crime,13868,4076,696355,1991.5129495731344,0.2939140467262763
2021-07-01,Will,Burglary,3861,1318,696355,554.4585735723876,0.34136234136234134
2021-07-01,Will,Larceny-Theft,9834,3069,696355,1412.2107258510387,0.31208053691275167
2021-07-01,Will,Motor Vehicle Theft,3040,555,696355,436.5589390468941,0.1825657894736842
2021-07-01,Will,Aggravated Assault,4891,1844,696355,702.3716351573551,0.3770190145164588
2021-07-01,Will,Robbery,2008,452,696355,288.3586676336064,0.2250996015936255
2021-07-01,Will,Rape,954,256,696355,136.9990881087951,0.26834381551362685
2021-08-01,Will,Violent Crime,5565,890,696355,799.1613473013047,0.15992812219227315
2021-08-01,Will,Property Crime,13076,2445,696355,1877.7778575582859,0.18698378709085348
2021-08-01,Will,Burglary,3673,1257,696355,527.4608497102771,0.3422270623468554
2021-08-01,Will,Larceny-Theft,9361,1453,696355,1344.2856014532817,0.15521845956628566
2021-08-01,Will,Motor Vehicle Theft,2869,492,696355,412.0024987255064,0.17148832345765075
2021-08-01,Will,Aggravated Assault,4698,1160,696355,674.6558867244437,0.24691358024691357
2021-08-01,Will,Robbery,1923,738,696355,276.15224992999265,0.3837753510140406
2021-08-01,Will,Rape,954,366,696355,136.9990881087951,0.3836477987421384
2021-09-01,Will,Violent Crime,5188,1687,696355,745.0222946629234,0.3251734772552043
2021-09-01,Will,Property Crime,12308,2476,696355,1767.4892834832808,0.20116997075073123
2021-09-01,Will,Burglary,3546,588,696355,509.2230256119364,0.1658206429780034
2021-09-01,Will,Larceny-Theft,8697,1966,696355,1248.9319384509338,0.22605496148097046
2021-09-01,Will,Motor Vehicle Theft,2600,672,696355,373.3727768164227,0.25846153846153846
2021-09-01,Will,Aggravated Assault,4449,1721,696355,638.8982630985632,0.3868285007866936
2021-09-01,Will,Robbery,1709,579,696355,245.42079829971783,0.3387946167349327
2021-09-01,Will,Rape,864,225,696355,124.07464583438046,0.2604166666666667
2021-10-01,Will,Violent Crime,4895,805,696355,702.9460548139957,0.1644535240040858
2021-10-01,Will,Property Crime,11239,2157,696355,1613.9756302460669,0.19192098941186939
2021-10-01,Will,Burglary,3205,526,696355,460.253749883321,0.1641185647425897
2021-10-01,Will,Larceny-Theft,8094,1521,696355,1162.3381752123557,0.18791697553743514
2021-10-01,Will,Motor Vehicle Theft,2435,620,696355,349.67796597999586,0.2546201232032854
2021-10-01,Will,Aggravated Assault,4074,1125,696355,585.0464202885023,0.2761413843888071
2021-10-01,Will,Robbery,1633,395,696355,234.5068248235455,0.24188609920391918
2021-10-01,Will,Rape,807,265,696355,115.88916572725118,0.32837670384138784
2021-11-01,Will,Violent Crime,4572,1673,696355,656.5616675402632,0.36592300962379704
2021-11-01,Will,Property Crime,10618,2617,696355,1524.796978552606,0.24646826144283293
2021-11-01,Will,Burglary,2944,795,696355,422.77286728751864,0.27004076086956524
2021-11-01,Will,Larceny-Theft,7430,1889,696355,1066.984512210008,0.25423956931359354
2021-11-01,Will,Motor Vehicle Theft,2342,835,696355,336.32270896310075,0.356532877882152
2021-11-01,Will,Aggravated Assault,3807,1496,696355,546.7039082077389,0.39296033622274756
2021-11-01,Will,Robbery,1520,406,696355,218.27946952344706,0.26710526315789473
2021-11-01,Will,Rape,793,157,696355,113.87869692900891,0.19798234552332913
2021-12-01,Will,Violent Crime,4364,1505,696355,626.6918453949494,0.34486709440879926
2021-12-01,Will,Property Crime,10377,1987,696355,1490.1881942400069,0.19148116025826348
2021-12-01,Will,Burglary,2941,693,696355,422.34205254503803,0.2356341380482829
2021-12-01,Will,Larceny-Theft,7329,1942,696355,1052.4804158798313,0.26497475781143404
2021-12-01,Will,Motor Vehicle Theft,2119,699,696355,304.29881310538445,0.32987258140632375
2021-12-01,Will,Aggravated Assault,3669,586,696355,526.8864300536364,0.15971654401744345
2021-12-01,Will,Robbery,1435,432,696355,206.07305181983327,0.3010452961672474
2021-12-01,Will,Rape,736,254,696355,105.69321682187966,0.3451086956521739
2022-01-01,Will,Violent Crime,4655,1321,696355,668.4808754155567,0.283780880773362
2022-01-01,Will,Property Crime,10624,3950,696355,1525.658608037567,0.3717996987951807
2022-01-01,Will,Burglary,3118,947,696355,447.7601223513868,0.3037203335471456
2022-01-01,Will,Larceny-Theft,7751,2148,696355,1113.0816896554202,0.2771255321893949
2022-01-01,Will,Motor Vehicle Theft,2272,885,696355,326.2703649718893,0.38952464788732394
2022-01-01,Will,Aggravated Assault,3721,820,696355,534.3538855899649,0.22037086804622413
2022-01-01,Will,Robbery,1493,596,696355,214.4021368411227,0.39919624916275953
2022-01-01,Will,Rape,700,119,696355,100.52343991211379,0.17
2022-02-01,Will,Violent Crime,4763,1322,696355,683.9902061448543,0.277556162082721
2022-02-01,Will,Property Crime,11224,1927,696355,1611.8215565336648,0.17168567355666428
2022-02-01,Will,Burglary,3350,980,696355,481.0764624365446,0.29253731343283584
2022-02-01,Will,Larceny-Theft,8217,2897,696355,1180.0015796540558,0.35256176220031643
2022-02-01,Will,Motor Vehicle Theft,2531,481,696355,363.46403773937146,0.19004346108257605
2022-02-01,Will,Aggravated Assault,4027,1342,696355,578.2969893229746,0.33325055872858206
2022-02-01,Will,Robbery,1619,407,696355,232.49635602530316,0.25138974675725756
2022-02-01,Will,Rape,841,252,696355,120.77173280869671,0.29964328180737215
2022-03-01,Will,Violent Crime,5175,1675,696355,743.1554307788413,0.32367149758454106
2022-03-01,Will,Property Crime,12223,3701,696355,1755.2828657796672,0.3027898224658431
2022-03-01,Will,Burglary,3469,668,696355,498.1654472216039,0.19256269818391467
2022-03-01,Will,Larceny-Theft,8696,2243,696355,1248.7883335367737,0.2579346826126955
2022-03-01,Will,Motor Vehicle Theft,2663,928,696355,382.4198864085129,0.3484791588434097
2022-03-01,Will,Aggravated Assault,4378,1543,696355,628.7023141931917,0.3524440383736866
2022-03-01,Will,Robbery,1712,472,696355,245.85161304219832,0.2757009345794392
2022-03-01,Will,Rape,851,265,696355,122.20778195029833,0.31139835487661577
2022-04-01,Will,Violent Crime,5631,2205,696355,808.6392716358753,0.39158231220031964
2022-04-01,Will,Property Crime,13157,2432,696355,1889.4098556052588,0.18484456943072128
2022-04-01,Will,Burglary,3765,1113,696355,540.672501813012,0.29561752988047807
2022-04-01,Will,Larceny-Theft,9445,1635,696355,1356.3484142427353,0.17310746426680784
2022-04-01,Will,Motor Vehicle Theft,2808,1029,696355,403.24259896173646,0.36645299145299143
2022-04-01,Will,Aggravated Assault,4864,1152,696355,698.4943024750307,0.23684210526315788
2022-04-01,Will,Robbery,1940,506,696355,278.5935334707154,0.26082474226804125
2022-04-01,Will,Rape,922,296,696355,132.40373085566986,0.3210412147505423
2022-05-01,Will,Violent Crime,5864,955,696355,842.0992166351932,0.1628581173260573
2022-05-01,Will,Property Crime,13536,3226,696355,1943.8361180719603,0.2383274231678487
2022-05-01,Will,Burglary,3910,900,696355,561.4952143662356,0.23017902813299232
2022-05-01,Will,Larceny-Theft,9763,3843,696355,1402.014776945667,0.39362900747720986
2022-05-01,Will,Motor Vehicle Theft,2944,865,696355,422.77286728751864,0.2938179347826087
2022-05-01,Will,Aggravated Assault,4968,1499,696355,713.4292135476876,0.30173107890499196
2022-05-01,Will,Robbery,1900,315,696355,272.84933690430887,0.16578947368421051
2022-05-01,Will,Rape,995,201,696355,142.88688958936174,0.2020100502512563
2022-06-01,Will,Violent Crime,6110,2205,696355,877.4260255185932,0.3608837970540098
2022-06-01,Will,Property Crime,14037,2575,696355,2015.7821800662018,0.18344375578827385
2022-06-01,Will,Burglary,4164,831,696355,597.970862562917,0.19956772334293948
2022-06-01,Will,Larceny-Theft,9992,2859,696355,1434.9003022883442,0.286128903122498
2022-06-01,Will,Motor Vehicle Theft,2938,616,696355,421.9112378025576,0.20966643975493532
2022-06-01,Will,Aggravated Assault,4955,1615,696355,711.5623496636055,0.32593340060544906
2022-06-01,Will,Robbery,1968,487,696355,282.61447106719993,0.24745934959349594
2022-06-01,Will,Rape,1034,172,696355,148.4874812416081,0.16634429400386846
2022-07-01,Will,Violent Crime,5875,1624,696355,843.678870690955,0.2764255319148936
2022-07-01,Will,Property Crime,13906,5023,696355,1996.9699363112204,0.36121098806270674
2022-07-01,Will,Burglary,3919,894,696355,562.7876585936771,0.2281194182189334
2022-07-01,Will,Larceny-Theft,9661,1472,696355,1387.3670757013306,0.15236517958803436
2022-07-01,Will,Motor Vehicle Theft,2944,951,696355,422.77286728751864,0.32302989130434784
2022-07-01,Will,Aggravated Assault,4988,1760,696355,716.3013118308909,0.3528468323977546
2022-07-01,Will,Robbery,1945,645,696355,279.31155804151615,0.33161953727506427
2022-07-01,Will,Rape,959,290,696355,137.71711267959589,0.3023983315954119
2022-08-01,Will,Violent Crime,5754,1944,696355,826.3026760775755,0.337851929092805
2022-08-01,Will,Property Crime,13156,3533,696355,1889.2662506910985,0.26854667072058375
2022-08-01,Will,Burglary,3723,1385,696355,534.6410954182852,0.37201181842600056
2022-08-01,Will,Larceny-Theft,9401,2629,696355,1350.029798019688,0.2796511009467078
2022-08-01,Will,Motor Vehicle Theft,2696,736,696355,387.15884857579823,0.27299703264094954
2022-08-01,Will,Aggravated Assault,4652,1284,696355,668.0500606730762,0.2760103181427343
2022-08-01,Will,Robbery,1854,493,696355,266.2435108529414,0.26591154261057176
2022-08-01,Will,Rape,899,329,696355,129.10081782998614,0.3659621802002225
2022-09-01,Will,Violent Crime,5281,1816,696355,758.3775516798185,0.34387426623745504
2022-09-01,Will,Property Crime,12326,2200,696355,1770.0741719381638,0.17848450429985396
2022-09-01,Will,Burglary,3515,1034,696355,504.77127327297137,0.2941678520625889
2022-09-01,Will,Larceny-Theft,8767,2473,696355,1258.984282442145,0.2820805292574427
2022-09-01,Will,Motor Vehicle Theft,2531,564,696355,363.46403773937146,0.22283682338996444
2022-09-01,Will,Aggravated Assault,4372,1411,696355,627.8406847082307,0.3227355901189387
2022-09-01,Will,Robbery,1784,314,696355,256.19116686173,0.17600896860986548
2022-09-01,Will,Rape,837,236,696355,120.19731315205605,0.2819593787335723
2022-10-01,Will,Violent Crime,4837,1511,696355,694.6169697927063,0.3123837089104817
2022-10-01,Will,Property Crime,11438,3505,696355,1642.5530081639395,0.3064346913796118
2022-10-01,Will,Burglary,3128,507,696355,449.1961714929885,0.1620843989769821
2022-10-01,Will,Larceny-Theft,8007,1721,696355,1149.8445476804216,0.21493693018608717
2022-10-01,Will,Motor Vehicle Theft,2405,727,696355,345.369818555191,0.3022869022869023
2022-10-01,Will,Aggravated Assault,4106,731,696355,589.6417775416274,0.17803214807598636
2022-10-01,Will,Robbery,1643,508,696355,235.9428739651471,0.3091905051734632
2022-10-01,Will,Rape,787,301,696355,113.01706744404794,0.38246505717916135
2022-11-01,Will,Violent Crime,4602,1811,696355,660.8698149650681,0.3935245545415037
2022-11-01,Will,Property Crime,10738,3348,696355,1542.0295682518256,0.311789905010244
2022-11-01,Will,Burglary,2965,1173,696355,425.78857048488203,0.39561551433389547
2022-11-01,Will,Larceny-Theft,7735,1237,696355,1110.7840110288573,0.1599224305106658
2022-11-01,Will,Motor Vehicle Theft,2259,735,696355,324.40350108780723,0.3253652058432935
2022-11-01,Will,Aggravated Assault,3790,972,696355,544.2626246670161,0.25646437994722954
2022-11-01,Will,Robbery,1515,470,696355,217.56144495264627,0.3102310231023102
2022-11-01,Will,Rape,744,123,696355,106.84205613516096,0.16532258064516128
2022-12-01,Will,Violent Crime,4447,1425,696355,638.6110532702429,0.32044074657072186
2022-12-01,Will,Property Crime,10433,2264,696355,1498.2300694329758,0.2170037381385987
2022-12-01,Will,Burglary,2938,922,696355,421.9112378025576,0.3138189244383935
2022-12-01,Will,Larceny-Theft,7529,1974,696355,1081.201398711864,0.2621862133085403
2022-12-01,Will,Motor Vehicle Theft,2220,705,696355,318.8029094355609,0.31756756756756754
2022-12-01,Will,Aggravated Assault,3772,963,696355,541.6777362121331,0.25530222693531285
2022-12-01,Will,Robbery,1527,321,696355,219.2847039225682,0.21021611001964635
2022-12-01,Will,Rape,746,130,696355,107.12926596348126,0.1742627345844504
2023-01-01,Will,Violent Crime,4665,1586,696355,669.9169245571584,0.33997856377277597
2023-01-01,Will,Property Crime,10613,3041,696355,1524.0789539818052,0.28653538113634225
2023-01-01,Will,Burglary,2949,871,696355,423.4908918583194,0.2953543574092913
2023-01-01,Will,Larceny-Theft,7506,1471,696355,1077.8984856861803,0.19597655209166
2023-01-01,Will,Motor Vehicle Theft,2178,784,696355,312.77150304083403,0.35996326905417814
2023-01-01,Will,Aggravated Assault,3809,882,696355,546.9911180360592,0.2315568390653715
2023-01-01,Will,Robbery,1502,328,696355,215.6945810685642,0.21837549933422104
2023-01-01,Will,Rape,769,257,696355,110.43217898916501,0.3342002600780234
2023-02-01,Will,Violent Crime,4879,1161,696355,700.6483761874331,0.2379585980733757
2023-02-01,Will,Property Crime,11161,3560,696355,1602.7744469415743,0.31896783442343873
2023-02-01,Will,Burglary,3250,573,696355,466.71597102052834,0.1763076923076923
2023-02-01,Will,Larceny-Theft,8163,2486,696355,1172.246914289407,0.30454489770917553
2023-02-01,Will,Motor Vehicle Theft,2465,883,696355,353.98611340480073,0.3582150101419878
2023-02-01,Will,Aggravated Assault,3902,1415,696355,560.3463750529544,0.36263454638646847
2023-02-01,Will,Robbery,1589,363,696355,228.18820860049829,0.22844556324732537
2023-02-01,Will,Rape,879,259,696355,126.2287195467829,0.29465301478953354
2023-03-01,Will,Violent Crime,5157,1000,696355,740.5705423239583,0.19391118867558657
2023-03-01,Will,Property Crime,12128,4592,696355,1741.6403989344517,0.3786279683377309
2023-03-01,Will,Burglary,3437,1167,696355,493.5700899684787,0.33954029677043934
2023-03-01,Will,Larceny-Theft,8727,1628,696355,1253.2400858757387,0.1865474962759253
2023-03-01,Will,Motor Vehicle Theft,2640,499,696355,379.11697338282914,0.18901515151515152
2023-03-01,Will,Aggravated Assault,4399,1489,696355,631.7180173905551,0.3384860195498977
2023-03-01,Will,Robbery,1722,432,696355,247.2876621837999,0.2508710801393728
2023-03-01,Will,Rape,855,248,696355,122.78220160693898,0.29005847953216374
2023-04-01,Will,Violent Crime,5573,1206,696355,800.310186614586,0.21640050242239367
2023-04-01,Will,Property Crime,13304,4179,696355,1910.5197779868029,0.3141160553217078
2023-04-01,Will,Burglary,3849,1509,696355,552.7353146024657,0.392049883086516
2023-04-01,Will,Larceny-Theft,9369,2990,696355,1345.434440766563,0.31913758138542
2023-04-01,Will,Motor Vehicle Theft,2783,628,696355,399.6524761077324,0.22565576715774344
2023-04-01,Will,Aggravated Assault,4583,807,696355,658.141321596025,0.17608553349334496
2023-04-01,Will,Robbery,1867,346,696355,268.1103747370235,0.18532404927691484
2023-04-01,Will,Rape,898,178,696355,128.95721291582598,0.19821826280623608
2023-05-01,Will,Violent Crime,5798,2208,696355,832.6212923006225,0.3808209727492239
2023-05-01,Will,Property Crime,13927,4372,696355,1999.985639508584,0.31392259639549075
2023-05-01,Will,Burglary,3951,1266,696355,567.3830158468023,0.3204252088078967
2023-05-01,Will,Larceny-Theft,9898,1581,696355,1421.4014403572892,0.15972923822994545
2023-05-01,Will,Motor Vehicle Theft,2951,862,696355,423.77810168663973,0.2921043713995256
2023-05-01,Will,Aggravated Assault,4852,1545,696355,696.7710435051088,0.31842539159109645
2023-05-01,Will,Robbery,1997,698,696355,286.77901357784464,0.34952428642964445
2023-05-01,Will,Rape,940,354,696355,134.98861931055282,0.37659574468085105
2023-06-01,Will,Violent Crime,5996,1544,696355,861.0550653043347,0.25750500333555704
2023-06-01,Will,Property Crime,14030,4777,696355,2014.7769456670808,0.3404846756949394
2023-06-01,Will,Burglary,3947,1319,696355,566.8085961901617,0.3341778565999493
2023-06-01,Will,Larceny-Theft,9961,2161,696355,1430.4485499493792,0.2169460897500251
2023-06-01,Will,Motor Vehicle Theft,3100,1023,696355,445.1752338965039,0.33
2023-06-01,Will,Aggravated Assault,4966,779,696355,713.1420037193673,0.15686669351590818
2023-06-01,Will,Robbery,1991,371,696355,285.91738409288365,0.18633852335509793
2023-06-01,Will,Rape,1037,324,696355,148.91829598408856,0.3124397299903568
2023-07-01,Will,Violent Crime,5896,1042,696355,846.6945738883184,0.17672998643147897
2023-07-01,Will,Property Crime,13724,5487,696355,1970.833841934071,0.39981055085980766
2023-07-01,Will,Burglary,3887,1227,696355,558.1923013405519,0.3156676099819912
2023-07-01,Will,Larceny-Theft,9862,1813,696355,1416.2316634475233,0.1838369499087406
2023-07-01,Will,Motor Vehicle Theft,2898,507,696355,416.16704123615114,0.17494824016563146
2023-07-01,Will,Aggravated Assault,4882,1194,696355,701.0791909299137,0.24457189676362145
2023-07-01,Will,Robbery,1900,751,696355,272.84933690430887,0.3952631578947368
2023-07-01,Will,Rape,998,191,696355,143.31770433184224,0.19138276553106212
2023-08-01,Will,Violent Crime,5580,915,696355,801.3154210137071,0.1639784946236559
2023-08-01,Will,Property Crime,12979,4960,696355,1863.8481808847498,0.3821557901225056
2023-08-01,Will,Burglary,3752,981,696355,538.80563792893,0.26146055437100213
2023-08-01,Will,Larceny-Theft,9442,1826,696355,1355.917599500255,0.1933912306714679
2023-08-01,Will,Motor Vehicle Theft,2793,468,696355,401.088525249334,0.16756176154672395
2023-08-01,Will,Aggravated Assault,4663,1860,696355,669.629714728838,0.3988848380870684
2023-08-01,Will,Robbery,1873,483,696355,268.9720042219845,0.2578750667378537
2023-08-01,Will,Rape,967,359,696355,138.8659519928772,0.37125129265770423
2023-09-01,Will,Violent Crime,5218,1604,696355,749.3304420877283,0.30739747029513226
2023-09-01,Will,Property Crime,12192,2113,696355,1750.831113440702,0.17331036745406825
2023-09-01,Will,Burglary,3443,1149,696355,494.43171945343965,0.333720592506535
2023-09-01,Will,Larceny-Theft,8678,1654,696355,1246.2034450818908,0.19059691173081356
2023-09-01,Will,Motor Vehicle Theft,2682,913,696355,385.148379777556,0.34041759880686057
2023-09-01,Will,Aggravated Assault,4283,663,696355,615.0598473479763,0.15479803875787998
2023-09-01,Will,Robbery,1756,490,696355,252.17022926524547,0.27904328018223234
2023-09-01,Will,Rape,892,297,696355,128.095583430865,0.3329596412556054
2023-10-01,Will,Violent Crime,4786,1421,696355,687.293119170538,0.29690764730463853
2023-10-01,Will,Property Crime,11205,3440,696355,1609.0930631646215,0.3070058009817046
2023-10-01,Will,Burglary,3290,705,696355,472.46016758693486,0.21428571428571427
2023-10-01,Will,Larceny-Theft,8187,2145,696355,1175.693432229251,0.26200073286918285
2023-10-01,Will,Motor Vehicle Theft,2420,742,696355,347.5238922675934,0.3066115702479339
2023-10-01,Will,Aggravated Assault,4033,1175,696355,579.1586188079357,0.2913463922638235
2023-10-01,Will,Robbery,1682,442,696355,241.54346561739342,0.262782401902497
2023-10-01,Will,Rape,826,225,696355,118.61765909629428,0.27239709443099275
2023-11-01,Will,Violent Crime,4490,949,696355,644.7860645791299,0.211358574610245
2023-11-01,Will,Property Crime,10802,4191,696355,1551.220282758076,0.3879837067209776
2023-11-01,Will,Burglary,3042,869,696355,436.8461488752145,0.2856673241288626
2023-11-01,Will,Larceny-Theft,7480,1307,696355,1074.1647579180158,0.17473262032085563
2023-11-01,Will,Motor Vehicle Theft,2295,790,696355,329.5732779975731,0.3442265795206972
2023-11-01,Will,Aggravated Assault,3743,941,696355,537.5131937014885,0.2514026182206786
2023-11-01,Will,Robbery,1589,404,696355,228.18820860049829,0.2542479546884833
2023-11-01,Will,Rape,761,301,696355,109.2833396758837,0.3955321944809461
2023-12-01,Will,Violent Crime,4483,1328,696355,643.7808301800087,0.2962302029890698
2023-12-01,Will,Property Crime,10239,1983,696355,1470.3707160859044,0.19367125695868737
2023-12-01,Will,Burglary,2991,985,696355,429.5222982530462,0.32932129722500836
2023-12-01,Will,Larceny-Theft,7492,2274,696355,1075.888016887938,0.30352375867592096
2023-12-01,Will,Motor Vehicle Theft,2294,533,696355,329.4296730834129,0.23234524847428073
2023-12-01,Will,Aggravated Assault,3690,1185,696355,529.9021332509999,0.32113821138211385
2023-12-01,Will,Robbery,1449,319,696355,208.08352061807557,0.22015182884748102
2023-12-01,Will,Rape,735,113,696355,105.5496119077195,0.15374149659863945
2024-01-01,Will,Violent Crime,4525,686,696355,649.8122365747356,0.15160220994475138
2024-01-01,Will,Property Crime,10685,1994,696355,1534.418507801337,0.18661675245671502
2024-01-01,Will,Burglary,2975,904,696355,427.2246196264836,0.3038655462184874
2024-01-01,Will,Larceny-Theft,7544,2583,696355,1083.3554724242663,0.3423913043478261
2024-01-01,Will,Motor Vehicle Theft,2326,899,696355,334.0250303365381,0.3865004299226139
2024-01-01,Will,Aggravated Assault,3780,1024,696355,542.8265755254145,0.2708994708994709
2024-01-01,Will,Robbery,1577,271,696355,226.46494963057634,0.17184527584020293
2024-01-01,Will,Rape,813,282,696355,116.75079521221215,0.34686346863468637
2024-02-01,Will,Violent Crime,4778,1732,696355,686.1442798572567,0.36249476768522393
2024-02-01,Will,Property Crime,11235,1825,696355,1613.4012105894265,0.16243880729862037
2024-02-01,Will,Burglary,3162,929,696355,454.078738574434,0.2938013915243517
2024-02-01,Will,Larceny-Theft,8110,3163,696355,1164.6358538389184,0.3900123304562269
2024-02-01,Will,Motor Vehicle Theft,2302,353,696355,330.5785123966942,0.15334491746307558
2024-02-01,Will,Aggravated Assault,4048,1281,696355,581.312692520338,0.31645256916996045
2024-02-01,Will,Robbery,1657,473,696355,237.95334276338937,0.28545564272782137
2024-02-01,Will,Rape,804,135,696355,115.4583509847707,0.16791044776119404
2024-03-01,Will,Violent Crime,5275,1800,696355,757.5159221948575,0.3412322274881517
2024-03-01,Will,Property Crime,12213,3811,696355,1753.8468166380653,0.3120445427004012
2024-03-01,Will,Burglary,3428,1039,696355,492.2776457410373,0.3030921820303384
2024-03-01,Will,Larceny-Theft,8732,2678,696355,1253.9581104465394,0.30668804397617955
2024-03-01,Will,Motor Vehicle Theft,2580,914,696355,370.5006785332194,0.35426356589147284
2024-03-01,Will,Aggravated Assault,4355,797,696355,625.399401167508,0.18300803673938001
2024-03-01,Will,Robbery,1751,301,696355,251.45220469444465,0.17190177041690463
2024-03-01,Will,Rape,866,315,696355,124.36185566270079,0.36374133949191684
2024-04-01,Will,Violent Crime,5515,1189,696355,791.9811015932966,0.21559383499546692
2024-04-01,Will,Property Crime,13286,4384,696355,1907.9348895319197,0.32997139846454915
2024-04-01,Will,Burglary,3660,874,696355,525.593985826195,0.23879781420765028
2024-04-01,Will,Larceny-Theft,9469,2933,696355,1359.7949321825793,0.3097475974231703
2024-04-01,Will,Motor Vehicle Theft,2771,1020,696355,397.92921713781044,0.36809815950920244
2024-04-01,Will,Aggravated Assault,4601,1372,696355,660.726210050908,0.29819604433818736
2024-04-01,Will,Robbery,1819,346,696355,261.2173388573357,0.1902144035184167
2024-04-01,Will,Rape,956,168,696355,137.28629793711542,0.17573221757322174
2024-05-01,Will,Violent Crime,5918,2272,696355,849.853881999842,0.3839134842852315
2024-05-01,Will,Property Crime,13810,3920,696355,1983.1838645518449,0.2838522809558291
2024-05-01,Will,Burglary,3925,1072,696355,563.649288078638,0.27312101910828024
2024-05-01,Will,Larceny-Theft,9853,3563,696355,1414.9392192200817,0.36161575154775194
2024-05-01,Will,Motor Vehicle Theft,3018,704,696355,433.3996309353706,0.2332670642809808
2024-05-01,Will,Aggravated Assault,4929,1033,696355,707.8286218954412,0.20957597890038548
2024-05-01,Will,Robbery,2013,470,696355,289.07669220440727,0.23348236462990563
2024-05-01,Will,Rape,940,364,696355,134.98861931055282,0.3872340425531915
2024-06-01,Will,Violent Crime,5977,1584,696355,858.3265719352916,0.2650158942613351
2024-06-01,Will,Property Crime,13983,3227,696355,2008.027514701553,0.2307802331402417
2024-06-01,Will,Burglary,4022,961,696355,577.5789647521739,0.2389358528095475
2024-06-01,Will,Larceny-Theft,10021,2448,696355,1439.064844798989,0.24428699730565812
2024-06-01,Will,Motor Vehicle Theft,2971,785,696355,426.65019996984296,0.2642208010770784
2024-06-01,Will,Aggravated Assault,5074,1660,696355,728.6513344486648,0.32715806070161607
2024-06-01,Will,Robbery,2046,595,696355,293.8156543716926,0.290811339198436
2024-06-01,Will,Rape,974,158,696355,139.87118639199832,0.162217659137577
2024-07-01,Will,Violent Crime,6008,2214,696355,862.7783242742568,0.368508655126498
2024-07-01,Will,Property Crime,13755,3160,696355,1975.285594273036,0.22973464194838242
2024-07-01,Will,Burglary,4043,786,696355,580.5946679495372,0.19441009151620084
2024-07-01,Will,Larceny-Theft,9859,1961,696355,1415.8008487050427,0.19890455421442338
2024-07-01,Will,Motor Vehicle Theft,2939,841,696355,422.05484271671776,0.28615175229669954
2024-07-01,Will,Aggravated Assault,4882,1536,696355,701.0791909299137,0.3146251536255633
2024-07-01,Will,Robbery,1994,355,696355,286.34819883536414,0.17803410230692077
2024-07-01,Will,Rape,1016,281,696355,145.90259278672517,0.2765748031496063
2024-08-01,Will,Violent Crime,5585,1235,696355,802.033445584508,0.22112802148612354
2024-08-01,Will,Property Crime,13093,3730,696355,1880.2191410990085,0.28488505308179946
2024-08-01,Will,Burglary,3645,640,696355,523.4399121137925,0.1755829903978052
2024-08-01,Will,Larceny-Theft,9357,2894,696355,1343.711181796641,0.30928716468953726
2024-08-01,Will,Motor Vehicle Theft,2865,688,696355,411.42807906886577,0.2401396160558464
2024-08-01,Will,Aggravated Assault,4592,1587,696355,659.4337658234665,0.34560104529616725
2024-08-01,Will,Robbery,1829,497,696355,262.6533879989373,0.2717331875341717
2024-08-01,Will,Rape,949,279,696355,136.28106353799427,0.2939936775553214
2024-09-01,Will,Violent Crime,5244,869,696355,753.0641698558925,0.16571319603356216
2024-09-01,Will,Property Crime,12107,4065,696355,1738.6246957370881,0.3357561741141488
2024-09-01,Will,Burglary,3530,1267,696355,506.92534698537384,0.3589235127478754
2024-09-01,Will,Larceny-Theft,8619,1829,696355,1237.7307551464412,0.21220559229609004
2024-09-01,Will,Motor Vehicle Theft,2599,707,696355,373.22917190226246,0.272027702962678
2024-09-01,Will,Aggravated Assault,4346,712,696355,624.1069569400664,0.16382880809940176
2024-09-01,Will,Robbery,1694,519,696355,243.26672458731537,0.30637544273907913
2024-09-01,Will,Rape,874,253,696355,125.51069497598206,0.2894736842105263
2024-10-01,Will,Violent Crime,4769,1095,696355,684.8518356298152,0.22960788425246384
2024-10-01,Will,Property Crime,11330,2029,696355,1627.043677434642,0.17908208296557812
2024-10-01,Will,Burglary,3408,1195,696355,489.40554745783396,0.3506455399061033
2024-10-01,Will,Larceny-Theft,8154,1499,696355,1170.9544700619656,0.18383615403482953
2024-10-01,Will,Motor Vehicle Theft,2362,733,696355,339.194807246304,0.31033022861981374
2024-10-01,Will,Aggravated Assault,4072,858,696355,584.759210460182,0.2107072691552063
2024-10-01,Will,Robbery,1660,279,696355,238.38415750586984,0.1680722891566265
2024-10-01,Will,Rape,824,313,696355,118.33044926797395,0.37985436893203883
2024-11-01,Will,Violent Crime,4585,1774,696355,658.4285314243454,0.3869138495092694
2024-11-01,Will,Property Crime,10556,2644,696355,1515.8934738746761,0.2504736642667677
2024-11-01,Will,Burglary,2914,526,696355,418.4647198627137,0.18050789293067948
2024-11-01,Will,Larceny-Theft,7569,2597,696355,1086.9455952782703,0.34311005416831813
2024-11-01,Will,Motor Vehicle Theft,2324,561,696355,333.7378205082178,0.24139414802065404
2024-11-01,Will,Aggravated Assault,3774,1319,696355,541.9649460404535,0.34949655537890834
2024-11-01,Will,Robbery,1543,372,696355,221.5823825491308,0.24108878807517822
2024-11-01,Will,Rape,719,129,696355,103.25193328115688,0.17941585535465926
2024-12-01,Will,Violent Crime,4430,1673,696355,636.1697697295201,0.3776523702031603
2024-12-01,Will,Property Crime,10401,2544,696355,1493.6347121798508,0.24459186616671474
2024-12-01,Will,Burglary,3030,947,696355,435.12288990529254,0.31254125412541256
2024-12-01,Will,Larceny-Theft,7528,2860,696355,1081.0577937977039,0.3799149840595112
2024-12-01,Will,Motor Vehicle Theft,2152,721,696355,309.0377752726698,0.3350371747211896
2024-12-01,Will,Aggravated Assault,3757,720,696355,539.5236624997308,0.19164226776683524
2024-12-01,Will,Robbery,1520,260,696355,218.27946952344706,0.17105263157894737
2024-12-01,Will,Rape,739,173,696355,106.12403156436012,0.23410013531799728
2020-01-01,Kane,Violent Crime,2046,623,516522,396.11091105509547,0.3044965786901271
2020-01-01,Kane,Property Crime,4837,986,516522,936.4557559987763,0.203845358693405
2020-01-01,Kane,Burglary,1322,250,516522,255.94263167880555,0.18910741301059
2020-01-01,Kane,Larceny-Theft,3432,598,516522,664.4441088666117,0.17424242424242425
2020-01-01,Kane,Motor Vehicle Theft,1011,240,516522,195.73222437766447,0.23738872403560832
2020-01-01,Kane,Aggravated Assault,1792,514,516522,346.9358517158998,0.28683035714285715
2020-01-01,Kane,Robbery,693,148,516522,134.16659890575812,0.21356421356421357
2020-01-01,Kane,Rape,336,66,516522,65.0504721967312,0.19642857142857142
2020-02-01,Kane,Violent Crime,2239,762,516522,433.4762120490511,0.3403305046895936
2020-02-01,Kane,Property Crime,5153,1505,516522,997.6341762790355,0.29206287599456626
2020-02-01,Kane,Burglary,1508,590,516522,291.952714501996,0.3912466843501326
2020-02-01,Kane,Larceny-Theft,3640,900,516522,704.7134487979215,0.24725274725274726
2020-02-01,Kane,Motor Vehicle Theft,1171,429,516522,226.70863970944123,0.3663535439795047
2020-02-01,Kane,Aggravated Assault,1883,321,516522,364.55368793584785,0.17047265002655337
2020-02-01,Kane,Robbery,748,258,516522,144.8147416760564,0.3449197860962567
2020-02-01,Kane,Rape,362,124,516522,70.08413968814494,0.3425414364640884
2020-03-01,Kane,Violent Crime,2350,573,516522,454.96610018547125,0.24382978723404256
2020-03-01,Kane,Property Crime,5493,1934,516522,1063.459058859061,0.3520844711450938
2020-03-01,Kane,Burglary,1562,496,516522,302.4072546764707,0.3175416133162612
2020-03-01,Kane,Larceny-Theft,3900,1495,516522,755.0501237120587,0.38333333333333336
2020-03-01,Kane,Motor Vehicle Theft,1206,376,516522,233.4847305632674,0.3117744610281924
2020-03-01,Kane,Aggravated Assault,1973,473,516522,381.9779215599723,0.2397364419665484
2020-03-01,Kane,Robbery,741,287,516522,143.45952350529117,0.3873144399460189
2020-03-01,Kane,Rape,389,63,516522,75.31140977538226,0.16195372750642673
2020-04-01,Kane,Violent Crime,2549,537,516522,493.4930167543686,0.21067085131424088
2020-04-01,Kane,Property Crime,5993,1183,516522,1160.2603567708636,0.19739696312364424
2020-04-01,Kane,Burglary,1691,358,516522,327.38198953771575,0.2117090479006505
2020-04-01,Kane,Larceny-Theft,4267,1519,516522,826.1022763793218,0.35598781345207403
2020-04-01,Kane,Motor Vehicle Theft,1263,275,516522,244.52007852521288,0.21773555027711797
2020-04-01,Kane,Aggravated Assault,2149,600,516522,416.05197842492674,0.27919962773382967
2020-04-01,Kane,Robbery,898,256,516522,173.85513104959713,0.28507795100222716
2020-04-01,Kane,Rape,421,134,516522,81.50669284173762,0.3182897862232779
2020-05-01,Kane,Violent Crime,2573,540,516522,498.1394790541351,0.2098717450446949
2020-05-01,Kane,Property Crime,6232,1841,516522,1206.531377172705,0.29541078305519897
2020-05-01,Kane,Burglary,1765,487,516522,341.7085816286625,0.27592067988668556
2020-05-01,Kane,Larceny-Theft,4528,1062,516522,876.6325538892825,0.23454063604240283
2020-05-01,Kane,Motor Vehicle Theft,1408,284,516522,272.5924549196356,0.20170454545454544
2020-05-01,Kane,Aggravated Assault,2296,648,516522,444.5115600109966,0.28222996515679444
2020-05-01,Kane,Robbery,888,256,516522,171.91910509136108,0.2882882882882883
2020-05-01,Kane,Rape,461,134,516522,89.25079667468182,0.29067245119305857
2020-06-01,Kane,Violent Crime,2636,889,516522,510.33644259102226,0.33725341426403643
2020-06-01,Kane,Property Crime,6297,1463,516522,1219.1155459012396,0.23233285691599173
2020-06-01,Kane,Burglary,1807,580,516522,349.8398906532539,0.3209739900387382
2020-06-01,Kane,Larceny-Theft,4628,1704,516522,895.992813471643,0.3681936041486603
2020-06-01,Kane,Motor Vehicle Theft,1342,373,516522,259.81468359527764,0.2779433681073025
2020-06-01,Kane,Aggravated Assault,2365,563,516522,457.8701391228254,0.23805496828752643
2020-06-01,Kane,Robbery,944,188,516522,182.76085045748292,0.19915254237288135
2020-06-01,Kane,Rape,449,170,516522,86.92756552479857,0.37861915367483295
2020-07-01,Kane,Violent Crime,2715,1078,516522,525.6310476610871,0.3970534069981584
2020-07-01,Kane,Property Crime,6231,1343,516522,1206.3377745768814,0.2155352270903547
2020-07-01,Kane,Burglary,1775,686,516522,343.64460758689853,0.38647887323943664
2020-07-01,Kane,Larceny-Theft,4511,1342,516522,873.3413097602812,0.29749501219241853
2020-07-01,Kane,Motor Vehicle Theft,1387,476,516522,268.52680040733986,0.3431867339581831
2020-07-01,Kane,Aggravated Assault,2236,399,516522,432.8954042615804,0.17844364937388194
2020-07-01,Kane,Robbery,852,185,516522,164.9494116417113,0.21713615023474178
2020-07-01,Kane,Rape,448,121,516522,86.73396292897495,0.2700892857142857
2020-08-01,Kane,Violent Crime,2445,880,516522,473.35834678871373,0.35991820040899797
2020-08-01,Kane,Property Crime,5895,1166,516522,1141.2873023801503,0.19779474130619168
2020-08-01,Kane,Burglary,1709,273,516522,330.86683626254063,0.15974253949678174
2020-08-01,Kane,Larceny-Theft,4211,1353,516522,815.2605310131999,0.3213013535977203
2020-08-01,Kane,Motor Vehicle Theft,1351,476,516522,261.55710695769005,0.35233160621761656
2020-08-01,Kane,Aggravated Assault,2022,338,516522,391.46444875532893,0.1671612265084075
2020-08-01,Kane,Robbery,904,284,516522,175.01674662453874,0.3141592920353982
2020-08-01,Kane,Rape,446,174,516522,86.34675773732774,0.3901345291479821
2020-09-01,Kane,Violent Crime,2397,669,516522,464.0654221891807,0.27909887359199
2020-09-01,Kane,Property Crime,5419,984,516522,1049.1324667681145,0.18158331795534233
2020-09-01,Kane,Burglary,1588,485,516522,307.4409221678844,0.3054156171284635
2020-09-01,Kane,Larceny-Theft,3942,969,516522,763.1814327366502,0.24581430745814306
2020-09-01,Kane,Motor Vehicle Theft,1176,353,516522,227.67665268855924,0.30017006802721086
2020-09-01,Kane,Aggravated Assault,1945,397,516522,376.5570488769113,0.20411311053984577
2020-09-01,Kane,Robbery,870,211,516522,168.43425836653617,0.2425287356321839
2020-09-01,Kane,Rape,412,70,516522,79.76426947932518,0.16990291262135923
2020-10-01,Kane,Violent Crime,2185,374,516522,423.02167187457655,0.17116704805491992
2020-10-01,Kane,Property Crime,5178,1961,516522,1002.4742411746256,0.3787176516029355
2020-10-01,Kane,Burglary,1505,245,516522,291.37190671452527,0.16279069767441862
2020-10-01,Kane,Larceny-Theft,3701,1294,516522,716.5232071431614,0.34963523372061606
2020-10-01,Kane,Motor Vehicle Theft,1095,395,516522,211.99484242684727,0.3607305936073059
2020-10-01,Kane,Aggravated Assault,1775,360,516522,343.64460758689853,0.2028169014084507
2020-10-01,Kane,Robbery,755,125,516522,146.16995984682163,0.16556291390728478
2020-10-01,Kane,Rape,386,139,516522,74.73060198791146,0.3601036269430052
2020-11-01,Kane,Violent Crime,2066,788,516522,399.98296297156753,0.3814133591481123
2020-11-01,Kane,Property Crime,4752,1768,516522,919.9995353537699,0.3720538720538721
2020-11-01,Kane,Burglary,1368,269,516522,264.84835108669137,0.1966374269005848
2020-11-01,Kane,Larceny-Theft,3391,581,516522,656.5064024378439,0.1713358891182542
2020-11-01,Kane,Motor Vehicle Theft,1035,192,516522,200.37868667743098,0.1855072463768116
2020-11-01,Kane,Aggravated Assault,1709,479,516522,330.86683626254063,0.2802808660035108
2020-11-01,Kane,Robbery,693,235,516522,134.16659890575812,0.33910533910533913
2020-11-01,Kane,Rape,355,57,516522,68.7289215173797,0.16056338028169015
2020-12-01,Kane,Violent Crime,1976,387,516522,382.5587293474431,0.1958502024291498
2020-12-01,Kane,Property Crime,4708,1125,516522,911.4810211375315,0.23895497026338147
2020-12-01,Kane,Burglary,1362,335,516522,263.6867355117497,0.2459618208516887
2020-12-01,Kane,Larceny-Theft,3339,505,516522,646.4390674550165,0.1512428870919437
2020-12-01,Kane,Motor Vehicle Theft,950,160,516522,183.92246603242455,0.16842105263157894
2020-12-01,Kane,Aggravated Assault,1701,370,516522,329.3180154959518,0.2175191064079953
2020-12-01,Kane,Robbery,661,244,516522,127.97131583940278,0.3691376701966717
2020-12-01,Kane,Rape,373,64,516522,72.2137682422046,0.17158176943699732
2021-01-01,Kane,Violent Crime,2081,557,516522,402.8870019089216,0.2676597789524267
2021-01-01,Kane,Property Crime,4645,1614,516522,899.2840576006442,0.347470398277718
2021-01-01,Kane,Burglary,1368,336,516522,264.84835108669137,0.24561403508771928
2021-01-01,Kane,Larceny-Theft,3502,763,516522,677.996290574264,0.2178754997144489
2021-01-01,Kane,Motor Vehicle Theft,985,374,516522,190.69855688625074,0.37969543147208124
2021-01-01,Kane,Aggravated Assault,1725,515,516522,333.96447779571827,0.2985507246376812
2021-01-01,Kane,Robbery,676,189,516522,130.87535477675684,0.27958579881656803
2021-01-01,Kane,Rape,317,90,516522,61.372022876082724,0.28391167192429023
2021-02-01,Kane,Violent Crime,2281,838,516522,441.6075210736426,0.367382726874178
2021-02-01,Kane,Property Crime,5165,821,516522,999.9574074289188,0.15895450145208131
2021-02-01,Kane,Burglary,1402,280,516522,271.43083934469394,0.19971469329529243
2021-02-01,Kane,Larceny-Theft,3626,1201,516522,702.003012456391,0.33121897407611695
2021-02-01,Kane,Motor Vehicle Theft,1048,284,516522,202.8955204231378,0.27099236641221375
2021-02-01,Kane,Aggravated Assault,1829,352,516522,354.09914776137316,0.19245489338436303
2021-02-01,Kane,Robbery,756,218,516522,146.36356244264525,0.28835978835978837
2021-02-01,Kane,Rape,376,69,516522,72.79457602967541,0.18351063829787234
2021-03-01,Kane,Violent Crime,2390,740,516522,462.7102040184155,0.30962343096234307
2021-03-01,Kane,Property Crime,5486,1628,516522,1062.1038406882958,0.2967553773240977
2021-03-01,Kane,Burglary,1512,512,516522,292.7271248852905,0.3386243386243386
2021-03-01,Kane,Larceny-Theft,4002,1495,516522,774.7975884860665,0.3735632183908046
2021-03-01,Kane,Motor Vehicle Theft,1159,434,516522,224.38540855955796,0.3744607420189819
2021-03-01,Kane,Aggravated Assault,2038,743,516522,394.56209028850657,0.3645731108930324
2021-03-01,Kane,Robbery,743,171,516522,143.84672869693838,0.23014804845222073
2021-03-01,Kane,Rape,373,94,516522,72.2137682422046,0.2520107238605898
2021-04-01,Kane,Violent Crime,2506,460,516522,485.1681051339536,0.18355945730247406
2021-04-01,Kane,Property Crime,5889,1533,516522,1140.1256868052087,0.26031584309730005
2021-04-01,Kane,Burglary,1677,626,516522,324.67155319618524,0.37328562909958257
2021-04-01,Kane,Larceny-Theft,4291,1442,516522,830.7487386790883,0.3360522022838499
2021-04-01,Kane,Motor Vehicle Theft,1230,290,516522,238.1311928630339,0.23577235772357724
2021-04-01,Kane,Aggravated Assault,2165,358,516522,419.1496199581044,0.1653579676674365
2021-04-01,Kane,Robbery,810,249,516522,156.8181026171199,0.3074074074074074
2021-04-01,Kane,Rape,408,115,516522,78.98985909603077,0.2818627450980392
2021-05-01,Kane,Violent Crime,2697,987,516522,522.1462009362622,0.3659621802002225
2021-05-01,Kane,Property Crime,6194,954,516522,1199.174478531408,0.15402001937358734
2021-05-01,Kane,Burglary,1767,505,516522,342.0957868203097,0.28579513299377474
2021-05-01,Kane,Larceny-Theft,4335,886,516522,839.2672528953269,0.20438292964244523
2021-05-01,Kane,Motor Vehicle Theft,1356,393,516522,262.5251199368081,0.28982300884955753
2021-05-01,Kane,Aggravated Assault,2263,540,516522,438.12267434881767,0.23862129916040653
2021-05-01,Kane,Robbery,921,269,516522,178.30799075354003,0.2920738327904452
2021-05-01,Kane,Rape,461,104,516522,89.25079667468182,0.22559652928416485
2021-06-01,Kane,Violent Crime,2715,1038,516522,525.6310476610871,0.38232044198895027
2021-06-01,Kane,Property Crime,6360,2390,516522,1231.3125094381267,0.3757861635220126
2021-06-01,Kane,Burglary,1749,572,516522,338.6109400954848,0.3270440251572327
2021-06-01,Kane,Larceny-Theft,4606,1168,516522,891.7335563635238,0.2535822839774208
2021-06-01,Kane,Motor Vehicle Theft,1301,270,516522,251.87697716650982,0.207532667179093
2021-06-01,Kane,Aggravated Assault,2238,377,516522,433.28260945322756,0.16845397676496873
2021-06-01,Kane,Robbery,939,280,516522,181.7928374783649,0.29818956336528224
2021-06-01,Kane,Rape,419,72,516522,81.1194876500904,0.1718377088305489
2021-07-01,Kane,Violent Crime,2668,1022,516522,516.5317256573776,0.3830584707646177
2021-07-01,Kane,Property Crime,6203,1803,516522,1200.9169018938205,0.2906658068676447
2021-07-01,Kane,Burglary,1872,392,516522,362.4240593817882,0.2094017094017094
2021-07-01,Kane,Larceny-Theft,4590,818,516522,888.635914830346,0.17821350762527233
2021-07-01,Kane,Motor Vehicle Theft,1344,361,516522,260.2018887869248,0.26860119047619047
2021-07-01,Kane,Aggravated Assault,2216,641,516522,429.0233523451082,0.28925992779783394
2021-07-01,Kane,Robbery,874,131,516522,169.2086687498306,0.14988558352402745
2021-07-01,Kane,Rape,443,129,516522,85.76594994985692,0.291196388261851
2021-08-01,Kane,Violent Crime,2511,479,516522,486.1361181130717,0.19076065312624452
2021-08-01,Kane,Property Crime,5886,2215,516522,1139.544879017738,0.3763166836561332
2021-08-01,Kane,Burglary,1752,312,516522,339.1917478829556,0.1780821917808219
2021-08-01,Kane,Larceny-Theft,4324,826,516522,837.1376243412672,0.1910268270120259
2021-08-01,Kane,Motor Vehicle Theft,1265,422,516522,244.90728371686006,0.33359683794466405
2021-08-01,Kane,Aggravated Assault,2114,346,516522,409.27588757110055,0.16367076631977295
2021-08-01,Kane,Robbery,836,230,516522,161.8517701085336,0.2751196172248804
2021-08-01,Kane,Rape,413,152,516522,79.95787207514879,0.36803874092009686
2021-09-01,Kane,Violent Crime,2464,893,516522,477.03679610936223,0.36241883116883117
2021-09-01,Kane,Property Crime,5532,1249,516522,1071.0095600961818,0.22577729573391178
2021-09-01,Kane,Burglary,1566,417,516522,303.1816650597651,0.2662835249042146
2021-09-01,Kane,Larceny-Theft,3909,1101,516522,756.7925470744711,0.2816577129700691
2021-09-01,Kane,Motor Vehicle Theft,1111,227,516522,215.09248396002494,0.20432043204320433
2021-09-01,Kane,Aggravated Assault,1967,688,516522,380.8163059850306,0.3497712252160651
2021-09-01,Kane,Robbery,809,188,516522,156.62450002129629,0.2323856613102596
2021-09-01,Kane,Rape,384,62,516522,74.34339679626424,0.16145833333333334
2021-10-01,Kane,Violent Crime,2186,456,516522,423.2152744704001,0.20860018298261665
2021-10-01,Kane,Property Crime,5243,1716,516522,1015.0584099031599,0.32729353423612434
2021-10-01,Kane,Burglary,1457,573,516522,282.0789821149922,0.39327385037748797
2021-10-01,Kane,Larceny-Theft,3822,1348,516522,739.9491212378175,0.35269492412349557
2021-10-01,Kane,Motor Vehicle Theft,1062,338,516522,205.6059567646683,0.3182674199623352
2021-10-01,Kane,Aggravated Assault,1812,312,516522,350.8079036323719,0.17218543046357615
2021-10-01,Kane,Robbery,730,274,516522,141.3298949512315,0.37534246575342467
2021-10-01,Kane,Rape,343,104,516522,66.40569036749645,0.3032069970845481
2021-11-01,Kane,Violent Crime,2134,384,516522,413.1479394875726,0.17994376757263356
2021-11-01,Kane,Property Crime,4689,930,516522,907.802571816883,0.19833653230966092
2021-11-01,Kane,Burglary,1364,408,516522,264.07394070339694,0.2991202346041056
2021-11-01,Kane,Larceny-Theft,3324,1272,516522,643.5350285176623,0.38267148014440433
2021-11-01,Kane,Motor Vehicle Theft,1081,167,516522,209.2844060853168,0.15448658649398705
2021-11-01,Kane,Aggravated Assault,1695,370,516522,328.1563999210101,0.2182890855457227
2021-11-01,Kane,Robbery,728,122,516522,140.9426897595843,0.16758241758241757
2021-11-01,Kane,Rape,311,70,516522,60.210407301141096,0.22508038585209003
2021-12-01,Kane,Violent Crime,1998,588,516522,386.8179864555624,0.29429429429429427
2021-12-01,Kane,Property Crime,4866,830,516522,942.0702312776609,0.17057131113851212
2021-12-01,Kane,Burglary,1354,492,516522,262.1379147451609,0.36336779911373707
2021-12-01,Kane,Larceny-Theft,3342,660,516522,647.0198752424873,0.19748653500897667
2021-12-01,Kane,Motor Vehicle Theft,1032,352,516522,199.79787888996015,0.34108527131782945
2021-12-01,Kane,Aggravated Assault,1638,436,516522,317.1210519590647,0.2661782661782662
2021-12-01,Kane,Robbery,646,121,516522,125.0672769020487,0.1873065015479876
2021-12-01,Kane,Rape,336,126,516522,65.0504721967312,0.375
2022-01-01,Kane,Violent Crime,2143,584,516522,414.8903628499851,0.27251516565562295
2022-01-01,Kane,Property Crime,4907,740,516522,950.0079377064287,0.15080497248828204
2022-01-01,Kane,Burglary,1353,280,516522,261.9443121493373,0.20694752402069475
2022-01-01,Kane,Larceny-Theft,3376,1049,516522,653.6023635004898,0.3107227488151659
2022-01-01,Kane,Motor Vehicle Theft,1006,208,516522,194.76421139854645,0.20675944333996024
2022-01-01,Kane,Aggravated Assault,1755,475,516522,339.7725556704264,0.2706552706552707
2022-01-01,Kane,Robbery,680,136,516522,131.64976516005126,0.2
2022-01-01,Kane,Rape,327,63,516522,63.30804883431877,0.1926605504587156
2022-02-01,Kane,Violent Crime,2173,660,516522,420.6984407246933,0.30372756557754255
2022-02-01,Kane,Property Crime,5089,825,516522,985.2436101463248,0.16211436431518964
2022-02-01,Kane,Burglary,1424,432,516522,275.69009645281324,0.30337078651685395
2022-02-01,Kane,Larceny-Theft,3490,1089,516522,675.6730594243808,0.3120343839541547
2022-02-01,Kane,Motor Vehicle Theft,1114,256,516522,215.67329174749574,0.22980251346499103
2022-02-01,Kane,Aggravated Assault,1757,320,516522,340.15976086207365,0.18212862834376778
2022-02-01,Kane,Robbery,789,180,516522,152.7524481048242,0.22813688212927757
2022-02-01,Kane,Rape,381,86,516522,73.76258900879344,0.22572178477690288
2022-03-01,Kane,Violent Crime,2415,768,516522,467.5502689140056,0.31801242236024846
2022-03-01,Kane,Property Crime,5347,1822,516522,1035.193079868815,0.34075182345240324
2022-03-01,Kane,Burglary,1528,566,516522,295.82476641846813,0.3704188481675393
2022-03-01,Kane,Larceny-Theft,3939,597,516522,762.6006249491793,0.15156130997715156
2022-03-01,Kane,Motor Vehicle Theft,1219,347,516522,236.00156430897425,0.28465955701394585
2022-03-01,Kane,Aggravated Assault,1995,776,516522,386.2371786680916,0.38897243107769425
2022-03-01,Kane,Robbery,791,307,516522,153.1396532964714,0.38811630847029077
2022-03-01,Kane,Rape,403,73,516522,78.02184611691274,0.18114143920595532
2022-04-01,Kane,Violent Crime,2601,819,516522,503.5603517371961,0.314878892733564
2022-04-01,Kane,Property Crime,5929,1781,516522,1147.8697906381528,0.30038792376454715
2022-04-01,Kane,Burglary,1613,462,516522,312.2809870634745,0.2864228146311221
2022-04-01,Kane,Larceny-Theft,4228,1509,516522,818.5517751422011,0.3569063386944182
2022-04-01,Kane,Motor Vehicle Theft,1302,258,516522,252.07057976233344,0.19815668202764977
2022-04-01,Kane,Aggravated Assault,2125,762,516522,411.40551612516026,0.35858823529411765
2022-04-01,Kane,Robbery,881,226,516522,170.56388692059582,0.2565266742338252
2022-04-01,Kane,Rape,422,66,516522,81.70029543756122,0.15639810426540285
2022-05-01,Kane,Violent Crime,2787,585,516522,539.5704345603866,0.20990312163616792
2022-05-01,Kane,Property Crime,6106,1800,516522,1182.137450098931,0.2947920078611202
2022-05-01,Kane,Burglary,1803,426,516522,349.06548026995944,0.23627287853577372
2022-05-01,Kane,Larceny-Theft,4480,881,516522,867.3396292897494,0.1966517857142857
2022-05-01,Kane,Motor Vehicle Theft,1377,327,516522,266.59077444910383,0.2374727668845316
2022-05-01,Kane,Aggravated Assault,2211,331,516522,428.05533936599016,0.14970601537765718
2022-05-01,Kane,Robbery,867,184,516522,167.85345057906537,0.2122260668973472
2022-05-01,Kane,Rape,466,92,516522,90.21880965379984,0.19742489270386265
2022-06-01,Kane,Violent Crime,2722,572,516522,526.9862658318523,0.21013960323291697
2022-06-01,Kane,Property Crime,6211,2092,516522,1202.4657226604095,0.3368217678312671
2022-06-01,Kane,Burglary,1820,709,516522,352.35672439896075,0.38956043956043956
2022-06-01,Kane,Larceny-Theft,4597,1256,516522,889.9911330011112,0.2732216663041114
2022-06-01,Kane,Motor Vehicle Theft,1348,426,516522,260.9762991702193,0.31602373887240354
2022-06-01,Kane,Aggravated Assault,2237,663,516522,433.08900685740394,0.29637907912382655
2022-06-01,Kane,Robbery,902,195,516522,174.62954143289153,0.21618625277161863
2022-06-01,Kane,Rape,450,142,516522,87.12116812062216,0.31555555555555553
2022-07-01,Kane,Violent Crime,2720,847,516522,526.599060640205,0.3113970588235294
2022-07-01,Kane,Property Crime,6146,1510,516522,1189.881553931875,0.2456882525219655
2022-07-01,Kane,Burglary,1812,364,516522,350.8079036323719,0.20088300220750552
2022-07-01,Kane,Larceny-Theft,4454,1255,516522,862.3059617983358,0.2817691962281096
2022-07-01,Kane,Motor Vehicle Theft,1405,383,516522,272.01164713216474,0.27259786476868325
2022-07-01,Kane,Aggravated Assault,2164,458,516522,418.9560173622808,0.21164510166358594
2022-07-01,Kane,Robbery,936,361,516522,181.2120296908941,0.3856837606837607
2022-07-01,Kane,Rape,447,154,516522,86.54036033315136,0.34451901565995524
2022-08-01,Kane,Violent Crime,2479,393,516522,479.9408350467163,0.15853166599435256
2022-08-01,Kane,Property Crime,5935,1161,516522,1149.0314062130944,0.19561920808761585
2022-08-01,Kane,Burglary,1680,513,516522,325.2523609836561,0.3053571428571429
2022-08-01,Kane,Larceny-Theft,4123,806,516522,798.2235025807227,0.19548872180451127
2022-08-01,Kane,Motor Vehicle Theft,1279,369,516522,247.61772005839055,0.28850664581704455
2022-08-01,Kane,Aggravated Assault,2153,734,516522,416.8263888082211,0.3409196470041802
2022-08-01,Kane,Robbery,842,262,516522,163.01338568347524,0.31116389548693585
2022-08-01,Kane,Rape,431,73,516522,83.44271879997366,0.16937354988399073
2022-09-01,Kane,Violent Crime,2288,737,516522,442.9627392444078,0.32211538461538464
2022-09-01,Kane,Property Crime,5424,1617,516522,1050.1004797472324,0.2981194690265487
2022-09-01,Kane,Burglary,1622,339,516522,314.023410425887,0.20900123304562268
2022-09-01,Kane,Larceny-Theft,4034,808,516522,780.9928715524218,0.20029747149231533
2022-09-01,Kane,Motor Vehicle Theft,1158,181,516522,224.19180596373437,0.15630397236614854
2022-09-01,Kane,Aggravated Assault,1937,491,516522,375.0082281103225,0.25348477026329375
2022-09-01,Kane,Robbery,807,203,516522,156.23729482964907,0.25154894671623296
2022-09-01,Kane,Rape,375,141,516522,72.6009734338518,0.376
2022-10-01,Kane,Violent Crime,2234,721,516522,432.50819906993314,0.3227394807520143
2022-10-01,Kane,Property Crime,5122,925,516522,991.6324958085037,0.18059351815696995
2022-10-01,Kane,Burglary,1463,369,516522,283.24059768993385,0.2522214627477785
2022-10-01,Kane,Larceny-Theft,3645,800,516522,705.6814617770395,0.2194787379972565
2022-10-01,Kane,Motor Vehicle Theft,1077,237,516522,208.5099957020224,0.2200557103064067
2022-10-01,Kane,Aggravated Assault,1819,346,516522,352.16312180313713,0.1902144035184167
2022-10-01,Kane,Robbery,729,267,516522,141.1362923554079,0.3662551440329218
2022-10-01,Kane,Rape,372,67,516522,72.02016564638099,0.18010752688172044
2022-11-01,Kane,Violent Crime,2157,741,516522,417.6007991915156,0.3435326842837274
2022-11-01,Kane,Property Crime,4755,1569,516522,920.5803431412407,0.3299684542586751
2022-11-01,Kane,Burglary,1401,365,516522,271.2372367488703,0.2605281941470378
2022-11-01,Kane,Larceny-Theft,3451,607,516522,668.1225581872602,0.17589104607360184
2022-11-01,Kane,Motor Vehicle Theft,1007,281,516522,194.95781399437004,0.27904667328699106
2022-11-01,Kane,Aggravated Assault,1711,505,516522,331.2540414541878,0.29514903565166567
2022-11-01,Kane,Robbery,704,216,516522,136.2962274598178,0.3068181818181818
2022-11-01,Kane,Rape,354,57,516522,68.5353189215561,0.16101694915254236
2022-12-01,Kane,Violent Crime,2067,445,516522,400.1765655673911,0.21528785679729076
2022-12-01,Kane,Property Crime,4639,1724,516522,898.1224420257026,0.3716318172019832
2022-12-01,Kane,Burglary,1328,231,516522,257.1042472537472,0.17394578313253012
2022-12-01,Kane,Larceny-Theft,3348,1147,516522,648.1814908174289,0.3425925925925926
2022-12-01,Kane,Motor Vehicle Theft,977,203,516522,189.1497361196619,0.20777891504605936
2022-12-01,Kane,Aggravated Assault,1666,571,516522,322.5419246421256,0.3427370948379352
2022-12-01,Kane,Robbery,649,193,516522,125.64808468951952,0.29738058551617874
2022-12-01,Kane,Rape,329,99,516522,63.69525402596598,0.3009118541033435
2023-01-01,Kane,Violent Crime,2067,570,516522,400.1765655673911,0.2757619738751814
2023-01-01,Kane,Property Crime,4731,1350,516522,915.9338808414743,0.2853519340519975
2023-01-01,Kane,Burglary,1325,507,516522,256.5234394662764,0.38264150943396225
2023-01-01,Kane,Larceny-Theft,3560,654,516522,689.225241132033,0.18370786516853932
2023-01-01,Kane,Motor Vehicle Theft,1031,395,516522,199.60427629413655,0.3831231813773036
2023-01-01,Kane,Aggravated Assault,1673,421,516522,323.8971428128908,0.25164375373580394
2023-01-01,Kane,Robbery,677,178,516522,131.06895737258046,0.26292466765140327
2023-01-01,Kane,Rape,323,89,516522,62.53363845102435,0.2755417956656347
2023-02-01,Kane,Violent Crime,2133,621,516522,412.95433689174905,0.2911392405063291
2023-02-01,Kane,Property Crime,5153,1948,516522,997.6341762790355,0.37803221424412964
2023-02-01,Kane,Burglary,1542,282,516522,298.53520275999864,0.1828793774319066
2023-02-01,Kane,Larceny-Theft,3613,1419,516522,699.4861787106842,0.39274840852477166
2023-02-01,Kane,Motor Vehicle Theft,1135,439,516522,219.73894625979145,0.38678414096916297
2023-02-01,Kane,Aggravated Assault,1815,472,516522,351.3887114198427,0.26005509641873276
2023-02-01,Kane,Robbery,665,156,516522,128.7457262226972,0.23458646616541354
2023-02-01,Kane,Rape,363,133,516522,70.27774228396854,0.36639118457300274
2023-03-01,Kane,Violent Crime,2389,847,516522,462.5166014225919,0.35454164922561743
2023-03-01,Kane,Property Crime,5638,1595,516522,1091.5314352534838,0.2829017382050372
2023-03-01,Kane,Burglary,1552,492,516522,300.47122871823467,0.3170103092783505
2023-03-01,Kane,Larceny-Theft,4023,1420,516522,778.8632429983621,0.35297042008451407
2023-03-01,Kane,Motor Vehicle Theft,1224,264,516522,236.96957728809227,0.21568627450980393
2023-03-01,Kane,Aggravated Assault,2041,587,516522,395.14289807597737,0.2876041156295933
2023-03-01,Kane,Robbery,726,239,516522,140.55548456793707,0.32920110192837465
2023-03-01,Kane,Rape,391,77,516522,75.69861496702949,0.1969309462915601
2023-04-01,Kane,Violent Crime,2569,902,516522,497.36506867084074,0.35110938108213313
2023-04-01,Kane,Property Crime,5802,1430,516522,1123.282260968555,0.2464667356084109
2023-04-01,Kane,Burglary,1694,389,516522,327.9627973251865,0.2296340023612751
2023-04-01,Kane,Larceny-Theft,4326,751,516522,837.5248295329143,0.17360147942672213
2023-04-01,Kane,Motor Vehicle Theft,1300,380,516522,251.68337457068625,0.2923076923076923
2023-04-01,Kane,Aggravated Assault,2020,617,516522,391.07724356368175,0.30544554455445544
2023-04-01,Kane,Robbery,821,234,516522,158.94773117117956,0.2850182704019488
2023-04-01,Kane,Rape,411,148,516522,79.57066688350157,0.36009732360097324
2023-05-01,Kane,Violent Crime,2708,478,516522,524.2758294903218,0.17651403249630723
2023-05-01,Kane,Property Crime,6237,2460,516522,1207.499390151823,0.3944203944203944
2023-05-01,Kane,Burglary,1734,417,516522,335.70690115813073,0.24048442906574394
2023-05-01,Kane,Larceny-Theft,4483,1154,516522,867.9204370772204,0.2574169083203212
2023-05-01,Kane,Motor Vehicle Theft,1312,210,516522,254.00660572056952,0.1600609756097561
2023-05-01,Kane,Aggravated Assault,2306,517,516522,446.44758596923265,0.22419774501300954
2023-05-01,Kane,Robbery,918,359,516522,177.72718296606922,0.39106753812636164
2023-05-01,Kane,Rape,447,107,516522,86.54036033315136,0.23937360178970918
2023-06-01,Kane,Violent Crime,2713,573,516522,525.2438424694399,0.21120530777736823
2023-06-01,Kane,Property Crime,6357,2070,516522,1230.7317016506559,0.32562529495044834
2023-06-01,Kane,Burglary,1734,353,516522,335.70690115813073,0.2035755478662053
2023-06-01,Kane,Larceny-Theft,4584,1344,516522,887.4742992554044,0.2931937172774869
2023-06-01,Kane,Motor Vehicle Theft,1328,512,516522,257.1042472537472,0.3855421686746988
2023-06-01,Kane,Aggravated Assault,2270,473,516522,439.4778925195829,0.20837004405286344
2023-06-01,Kane,Robbery,839,263,516522,162.43257789600443,0.3134684147794994
2023-06-01,Kane,Rape,456,113,516522,88.2827836955638,0.24780701754385964
2023-07-01,Kane,Violent Crime,2703,751,516522,523.3078165112038,0.2778394376618572
2023-07-01,Kane,Property Crime,6184,1655,516522,1197.238452573172,0.2676261319534282
2023-07-01,Kane,Burglary,1808,420,516522,350.0334932490775,0.2323008849557522
2023-07-01,Kane,Larceny-Theft,4288,1226,516522,830.1679308916173,0.28591417910447764
2023-07-01,Kane,Motor Vehicle Theft,1297,513,516522,251.10256678321542,0.39552814186584423
2023-07-01,Kane,Aggravated Assault,2330,859,516522,451.0940482689992,0.3686695278969957
2023-07-01,Kane,Robbery,909,259,516522,175.98475960365676,0.28492849284928495
2023-07-01,Kane,Rape,471,114,516522,91.18682263291787,0.24203821656050956
2023-08-01,Kane,Violent Crime,2543,501,516522,492.331401179427,0.19701140385371607
2023-08-01,Kane,Property Crime,6053,1866,516522,1171.87651252028,0.3082768874938047
2023-08-01,Kane,Burglary,1633,294,516522,316.15303897994664,0.18003674219228413
2023-08-01,Kane,Larceny-Theft,4126,1034,516522,798.8043103681935,0.2506059137178866
2023-08-01,Kane,Motor Vehicle Theft,1281,330,516522,248.00492525003776,0.2576112412177986
2023-08-01,Kane,Aggravated Assault,2128,492,516522,411.98632391263106,0.231203007518797
2023-08-01,Kane,Robbery,829,259,516522,160.49655193776837,0.31242460796139926
2023-08-01,Kane,Rape,426,70,516522,82.47470582085565,0.1643192488262911
2023-09-01,Kane,Violent Crime,2312,743,516522,447.60920154417437,0.3213667820069204
2023-09-01,Kane,Property Crime,5465,1763,516522,1058.0381861760002,0.32259835315645013
2023-09-01,Kane,Burglary,1586,382,516522,307.0537169762372,0.2408575031525851
2023-09-01,Kane,Larceny-Theft,3888,1526,516522,752.7268925621755,0.3924897119341564
2023-09-01,Kane,Motor Vehicle Theft,1147,293,516522,222.06217740967472,0.25544899738448124
2023-09-01,Kane,Aggravated Assault,1965,700,516522,380.42910079338344,0.356234096692112
2023-09-01,Kane,Robbery,788,178,516522,152.55884550900058,0.22588832487309646
2023-09-01,Kane,Rape,374,122,516522,72.4073708380282,0.32620320855614976
2023-10-01,Kane,Violent Crime,2144,530,516522,415.08396544580864,0.24720149253731344
2023-10-01,Kane,Property Crime,5090,1231,516522,985.4372127421485,0.24184675834970532
2023-10-01,Kane,Burglary,1401,442,516522,271.2372367488703,0.31548893647394716
2023-10-01,Kane,Larceny-Theft,3677,974,516522,711.8767448433948,0.26488985586075603
2023-10-01,Kane,Motor Vehicle Theft,1062,165,516522,205.6059567646683,0.1553672316384181
2023-10-01,Kane,Aggravated Assault,1888,390,516522,365.52170091496583,0.2065677966101695
2023-10-01,Kane,Robbery,712,220,516522,137.84504822640662,0.3089887640449438
2023-10-01,Kane,Rape,331,103,516522,64.08245921761319,0.311178247734139
2023-11-01,Kane,Violent Crime,2038,589,516522,394.56209028850657,0.28900883218842
2023-11-01,Kane,Property Crime,4753,851,516522,920.1931379495936,0.1790448138018094
2023-11-01,Kane,Burglary,1376,298,516522,266.3971718532802,0.21656976744186046
2023-11-01,Kane,Larceny-Theft,3449,1378,516522,667.735352995613,0.3995360974195419
2023-11-01,Kane,Motor Vehicle Theft,1039,214,516522,201.1530970607254,0.20596727622714148
2023-11-01,Kane,Aggravated Assault,1685,407,516522,326.2203739627741,0.24154302670623146
2023-11-01,Kane,Robbery,730,177,516522,141.3298949512315,0.24246575342465754
2023-11-01,Kane,Rape,337,105,516522,65.24407479255483,0.3115727002967359
2023-12-01,Kane,Violent Crime,2026,718,516522,392.2388591386233,0.3543928923988154
2023-12-01,Kane,Property Crime,4696,1288,516522,909.1577899876482,0.27427597955706984
2023-12-01,Kane,Burglary,1359,499,516522,263.10592772427896,0.3671817512877116
2023-12-01,Kane,Larceny-Theft,3344,617,516522,647.4070804341344,0.18450956937799043
2023-12-01,Kane,Motor Vehicle Theft,1000,250,516522,193.60259582360482,0.25
2023-12-01,Kane,Aggravated Assault,1698,662,516522,328.737207708481,0.38987043580683156
2023-12-01,Kane,Robbery,678,120,516522,131.26255996840405,0.17699115044247787
2023-12-01,Kane,Rape,330,96,516522,63.88885662178958,0.2909090909090909
2024-01-01,Kane,Violent Crime,2115,355,516522,409.4694901669241,0.16784869976359337
2024-01-01,Kane,Property Crime,4886,1549,516522,945.942283194133,0.31702824396234136
2024-01-01,Kane,Burglary,1377,249,516522,266.59077444910383,0.18082788671023964
2024-01-01,Kane,Larceny-Theft,3356,1297,516522,649.7303115840177,0.3864719904648391
2024-01-01,Kane,Motor Vehicle Theft,1022,308,516522,197.86185293172412,0.3013698630136986
2024-01-01,Kane,Aggravated Assault,1793,715,516522,347.1294543117234,0.3987730061349693
2024-01-01,Kane,Robbery,695,153,516522,134.55380409740533,0.22014388489208633
2024-01-01,Kane,Rape,328,53,516522,63.50165143014238,0.16158536585365854
2024-02-01,Kane,Violent Crime,2171,629,516522,420.31123553304604,0.28972823583602025
2024-02-01,Kane,Property Crime,5156,1563,516522,998.2149840665063,0.30314197051978276
2024-02-01,Kane,Burglary,1468,455,516522,284.20861066905184,0.30994550408719346
2024-02-01,Kane,Larceny-Theft,3604,648,516522,697.7437553482717,0.17980022197558268
2024-02-01,Kane,Motor Vehicle Theft,1066,383,516522,206.38036714796272,0.3592870544090056
2024-02-01,Kane,Aggravated Assault,1850,439,516522,358.1648022736689,0.2372972972972973
2024-02-01,Kane,Robbery,722,142,516522,139.78107418464268,0.19667590027700832
2024-02-01,Kane,Rape,326,129,516522,63.11444623849516,0.39570552147239263
2024-03-01,Kane,Violent Crime,2313,797,516522,447.80280413999793,0.34457414613056636
2024-03-01,Kane,Property Crime,5466,1781,516522,1058.2317887718239,0.3258324185876326
2024-03-01,Kane,Burglary,1663,524,516522,321.9611168546548,0.31509320505111243
2024-03-01,Kane,Larceny-Theft,3938,1033,516522,762.4070223533557,0.2623158963941087
2024-03-01,Kane,Motor Vehicle Theft,1149,324,516522,222.44938260132193,0.2819843342036554
2024-03-01,Kane,Aggravated Assault,2016,636,516522,390.30283318038727,0.31547619047619047
2024-03-01,Kane,Robbery,749,206,516522,145.00834427188,0.2750333778371162
2024-03-01,Kane,Rape,341,97,516522,66.01848517584924,0.2844574780058651
2024-04-01,Kane,Violent Crime,2484,377,516522,480.9088480258343,0.15177133655394526
2024-04-01,Kane,Property Crime,5852,1922,516522,1132.9623907597354,0.3284347231715653
2024-04-01,Kane,Burglary,1765,561,516522,341.7085816286625,0.3178470254957507
2024-04-01,Kane,Larceny-Theft,4220,759,516522,817.0029543756123,0.17985781990521327
2024-04-01,Kane,Motor Vehicle Theft,1275,324,516522,246.84330967509612,0.2541176470588235
2024-04-01,Kane,Aggravated Assault,2152,362,516522,416.63278621239755,0.16821561338289961
2024-04-01,Kane,Robbery,819,271,516522,158.56052597953234,0.3308913308913309
2024-04-01,Kane,Rape,454,180,516522,87.89557850391658,0.3964757709251101
2024-05-01,Kane,Violent Crime,2627,1049,516522,508.5940192286098,0.399314807765512
2024-05-01,Kane,Property Crime,6187,1201,516522,1197.8192603606428,0.1941166962986908
2024-05-01,Kane,Burglary,1792,412,516522,346.9358517158998,0.22991071428571427
2024-05-01,Kane,Larceny-Theft,4489,1374,516522,869.082052652162,0.30608153263533083
2024-05-01,Kane,Motor Vehicle Theft,1319,301,516522,255.36182389133475,0.22820318423047764
2024-05-01,Kane,Aggravated Assault,2179,543,516522,421.86005629963483,0.2491968793024323
2024-05-01,Kane,Robbery,868,199,516522,168.04705317488896,0.22926267281105991
2024-05-01,Kane,Rape,442,128,516522,85.57234735403333,0.2895927601809955
2024-06-01,Kane,Violent Crime,2662,740,516522,515.370110082436,0.27798647633358375
2024-06-01,Kane,Property Crime,6384,1660,516522,1235.958971737893,0.2600250626566416
2024-06-01,Kane,Burglary,1879,511,516522,363.7792775525534,0.271953166577967
2024-06-01,Kane,Larceny-Theft,4555,1803,516522,881.8598239765199,0.3958287596048299
2024-06-01,Kane,Motor Vehicle Theft,1379,319,516522,266.977979640751,0.23132704858593184
2024-06-01,Kane,Aggravated Assault,2285,356,516522,442.38193145693697,0.15579868708971553
2024-06-01,Kane,Robbery,903,234,516522,174.82314402871515,0.2591362126245847
2024-06-01,Kane,Rape,438,141,516522,84.7979369707389,0.3219178082191781
2024-07-01,Kane,Violent Crime,2676,615,516522,518.0805464239664,0.22982062780269058
2024-07-01,Kane,Property Crime,6259,1169,516522,1211.7586472599426,0.18677104968844863
2024-07-01,Kane,Burglary,1706,576,516522,330.28602847506977,0.3376318874560375
2024-07-01,Kane,Larceny-Theft,4508,1430,516522,872.7605019728104,0.31721384205856257
2024-07-01,Kane,Motor Vehicle Theft,1334,212,516522,258.2658628286888,0.15892053973013492
2024-07-01,Kane,Aggravated Assault,2245,617,516522,434.63782762399285,0.2748329621380846
2024-07-01,Kane,Robbery,879,273,516522,170.17668172894864,0.310580204778157
2024-07-01,Kane,Rape,458,107,516522,88.669988887211,0.2336244541484716
2024-08-01,Kane,Violent Crime,2586,958,516522,500.65631279984206,0.3704563031709203
2024-08-01,Kane,Property Crime,5942,1749,516522,1150.3866243838597,0.2943453382699428
2024-08-01,Kane,Burglary,1621,623,516522,313.8298078300634,0.38433066008636646
2024-08-01,Kane,Larceny-Theft,4245,1148,516522,821.8430192712024,0.27043580683156654
2024-08-01,Kane,Motor Vehicle Theft,1216,409,516522,235.42075652150345,0.3363486842105263
2024-08-01,Kane,Aggravated Assault,2094,752,516522,405.4038356546285,0.35912129894937916
2024-08-01,Kane,Robbery,795,170,516522,153.91406367976583,0.2138364779874214
2024-08-01,Kane,Rape,429,137,516522,83.05551360832646,0.31934731934731936
2024-09-01,Kane,Violent Crime,2354,555,516522,455.7405105687657,0.23576890399320305
2024-09-01,Kane,Property Crime,5578,1332,516522,1079.9152795040677,0.23879526712083185
2024-09-01,Kane,Burglary,1487,429,516522,287.88705998970033,0.2885003362474781
2024-09-01,Kane,Larceny-Theft,3994,1438,516522,773.2487677194775,0.3600400600901352
2024-09-01,Kane,Motor Vehicle Theft,1155,194,516522,223.61099817626356,0.16796536796536796
2024-09-01,Kane,Aggravated Assault,2078,790,516522,402.3061941214508,0.3801732435033686
2024-09-01,Kane,Robbery,783,225,516522,151.59083252988256,0.28735632183908044
2024-09-01,Kane,Rape,431,145,516522,83.44271879997366,0.33642691415313225
2024-10-01,Kane,Violent Crime,2261,393,516522,437.7354691571704,0.17381689517912427
2024-10-01,Kane,Property Crime,5092,1454,516522,985.8244179337956,0.28554595443833464
2024-10-01,Kane,Burglary,1462,219,516522,283.04699509411023,0.14979480164158687
2024-10-01,Kane,Larceny-Theft,3708,1143,516522,717.8784253139266,0.308252427184466
2024-10-01,Kane,Motor Vehicle Theft,1149,363,516522,222.44938260132193,0.31592689295039167
2024-10-01,Kane,Aggravated Assault,1750,334,516522,338.8045426913084,0.19085714285714286
2024-10-01,Kane,Robbery,749,199,516522,145.00834427188,0.2656875834445928
2024-10-01,Kane,Rape,370,124,516522,71.63296045473378,0.33513513513513515
2024-11-01,Kane,Violent Crime,2032,385,516522,393.40047471356496,0.18946850393700787
2024-11-01,Kane,Property Crime,4843,1241,516522,937.6173715737181,0.2562461284327896
2024-11-01,Kane,Burglary,1344,289,516522,260.2018887869248,0.21502976190476192
2024-11-01,Kane,Larceny-Theft,3512,699,516522,679.9323165325001,0.19903189066059226
2024-11-01,Kane,Motor Vehicle Theft,1040,257,516522,201.34669965654902,0.24711538461538463
2024-11-01,Kane,Aggravated Assault,1742,533,516522,337.2557219247195,0.30597014925373134
2024-11-01,Kane,Robbery,669,117,516522,129.5201366059916,0.17488789237668162
2024-11-01,Kane,Rape,355,116,516522,68.7289215173797,0.3267605633802817
2024-12-01,Kane,Violent Crime,1977,461,516522,382.7523319432667,0.23318158826504806
2024-12-01,Kane,Property Crime,4759,1330,516522,921.3547535245352,0.2794704769909645
2024-12-01,Kane,Burglary,1336,494,516522,258.65306802033604,0.36976047904191617
2024-12-01,Kane,Larceny-Theft,3351,1276,516522,648.7622986048997,0.3807818561623396
2024-12-01,Kane,Motor Vehicle Theft,1010,259,516522,195.53862178184087,0.25643564356435644
2024-12-01,Kane,Aggravated Assault,1694,254,516522,327.9627973251865,0.14994096812278632
2024-12-01,Kane,Robbery,721,150,516522,139.58747158881906,0.20804438280166435
2024-12-01,Kane,Rape,322,58,516522,62.34003585520075,0.18012422360248448
2020-01-01,McHenry,Violent Crime,2367,418,307774,769.0708116994938,0.1765948457963667
2020-01-01,McHenry,Property Crime,5634,1207,307774,1830.563985261913,0.21423500177493787
2020-01-01,McHenry,Burglary,1512,389,307774,491.26956792971464,0.25727513227513227
2020-01-01,McHenry,Larceny-Theft,3937,840,307774,1279.185376282597,0.21336042672085345
2020-01-01,McHenry,Motor Vehicle Theft,1267,369,307774,411.66570275591835,0.2912391475927388
2020-01-01,McHenry,Aggravated Assault,1976,499,307774,642.0295411568229,0.2525303643724696
2020-01-01,McHenry,Robbery,817,297,307774,265.4545218244556,0.3635250917992656
2020-01-01,McHenry,Rape,441,127,307774,143.28695731283347,0.28798185941043086
2020-02-01,McHenry,Violent Crime,2466,624,307774,801.2372715044156,0.25304136253041365
2020-02-01,McHenry,Property Crime,5866,1112,307774,1905.9439718754672,0.18956699624957382
2020-02-01,McHenry,Burglary,1691,546,307774,549.4291265668966,0.3228858663512714
2020-02-01,McHenry,Larceny-Theft,4219,1232,307774,1370.8110496663137,0.292012325195544
2020-02-01,McHenry,Motor Vehicle Theft,1266,336,307774,411.34078902051505,0.26540284360189575
2020-02-01,McHenry,Aggravated Assault,2168,776,307774,704.4129783542469,0.35793357933579334
2020-02-01,McHenry,Robbery,848,130,307774,275.5268476219564,0.15330188679245282
2020-02-01,McHenry,Rape,412,143,307774,133.8644589861392,0.3470873786407767
2020-03-01,McHenry,Violent Crime,2719,694,307774,883.440446561438,0.25524089738874584
2020-03-01,McHenry,Property Crime,6399,1178,307774,2079.1229928453995,0.18409126426004063
2020-03-01,McHenry,Burglary,1793,357,307774,582.570327578028,0.19910764082543222
2020-03-01,McHenry,Larceny-Theft,4519,1082,307774,1468.2851702872888,0.23943350298738658
2020-03-01,McHenry,Motor Vehicle Theft,1429,408,307774,464.30172789124487,0.28551434569629114
2020-03-01,McHenry,Aggravated Assault,2314,721,307774,751.8503837231215,0.3115816767502161
2020-03-01,McHenry,Robbery,844,223,307774,274.22719268034336,0.26421800947867297
2020-03-01,McHenry,Rape,461,81,307774,149.78523202089846,0.175704989154013
2020-04-01,McHenry,Violent Crime,3014,749,307774,979.2899985053969,0.24850696748506967
2020-04-01,McHenry,Property Crime,6856,1286,307774,2227.608569924685,0.18757292882147025
2020-04-01,McHenry,Burglary,1972,513,307774,640.7298862152098,0.2601419878296146
2020-04-01,McHenry,Larceny-Theft,4927,1608,307774,1600.8499743318148,0.3263649279480414
2020-04-01,McHenry,Motor Vehicle Theft,1478,548,307774,480.22250092600416,0.37077131258457374
2020-04-01,McHenry,Aggravated Assault,2475,537,307774,804.1614951230448,0.21696969696969698
2020-04-01,McHenry,Robbery,1016,404,307774,330.1123551697024,0.39763779527559057
2020-04-01,McHenry,Rape,464,115,307774,150.7599732271082,0.2478448275862069
2020-05-01,McHenry,Violent Crime,3107,786,307774,1009.5069758978991,0.2529771483746379
2020-05-01,McHenry,Property Crime,7262,1093,307774,2359.523546498405,0.15050950151473425
2020-05-01,McHenry,Burglary,2037,367,307774,661.8492790164211,0.180166912125675
2020-05-01,McHenry,Larceny-Theft,5079,1584,307774,1650.236862113109,0.3118724158298878
2020-05-01,McHenry,Motor Vehicle Theft,1579,268,307774,513.0387882017325,0.16972767574414185
2020-05-01,McHenry,Aggravated Assault,2694,978,307774,875.3176031763567,0.36302895322939865
2020-05-01,McHenry,Robbery,1077,207,307774,349.93209302930075,0.19220055710306408
2020-05-01,McHenry,Rape,542,162,307774,176.10324458856172,0.2988929889298893
2020-06-01,McHenry,Violent Crime,3137,566,307774,1019.2543879599966,0.18042715970672618
2020-06-01,McHenry,Property Crime,7384,1770,307774,2399.1630222176013,0.23970747562296857
2020-06-01,McHenry,Burglary,2106,653,307774,684.2683267592454,0.3100664767331434
2020-06-01,McHenry,Larceny-Theft,5384,1320,307774,1749.3355514111001,0.2451708766716196
2020-06-01,McHenry,Motor Vehicle Theft,1533,509,307774,498.0927563731829,0.33202870189171557
2020-06-01,McHenry,Aggravated Assault,2733,1059,307774,887.9892388570834,0.38748627881448955
2020-06-01,McHenry,Robbery,991,162,307774,321.9895117846212,0.16347124117053483
2020-06-01,McHenry,Rape,561,178,307774,182.2766055612235,0.3172905525846702
2020-07-01,McHenry,Violent Crime,3169,505,307774,1029.6516274929006,0.1593562638056169
2020-07-01,McHenry,Property Crime,7368,1342,307774,2393.9644024511495,0.18213897937024973
2020-07-01,McHenry,Burglary,2068,326,307774,671.9216048139219,0.1576402321083172
2020-07-01,McHenry,Larceny-Theft,5132,1309,307774,1667.4572900894811,0.25506625097427904
2020-07-01,McHenry,Motor Vehicle Theft,1570,591,307774,510.1145645831032,0.3764331210191083
2020-07-01,McHenry,Aggravated Assault,2593,986,307774,842.5013159006285,0.38025453143077514
2020-07-01,McHenry,Robbery,1061,347,307774,344.73347326284875,0.32704995287464655
2020-07-01,McHenry,Rape,496,159,307774,161.15721276001221,0.32056451612903225
2020-08-01,McHenry,Violent Crime,2910,1005,307774,945.4989700234588,0.34536082474226804
2020-08-01,McHenry,Property Crime,6974,2427,307774,2265.948390702268,0.34800688270719815
2020-08-01,McHenry,Burglary,2021,418,307774,656.6506592499692,0.20682830282038595
2020-08-01,McHenry,Larceny-Theft,4881,874,307774,1585.9039425032654,0.17906166769104692
2020-08-01,McHenry,Motor Vehicle Theft,1452,383,307774,471.7747438055197,0.26377410468319556
2020-08-01,McHenry,Aggravated Assault,2544,839,307774,826.5805428658691,0.3297955974842767
2020-08-01,McHenry,Robbery,1003,381,307774,325.8884766094602,0.3798604187437687
2020-08-01,McHenry,Rape,497,168,307774,161.48212649541549,0.3380281690140845
2020-09-01,McHenry,Violent Crime,2712,433,307774,881.1660504136152,0.1596607669616519
2020-09-01,McHenry,Property Crime,6509,2012,307774,2114.863503739757,0.3091104624366262
2020-09-01,McHenry,Burglary,1797,616,307774,583.8699825196411,0.3427935447968837
2020-09-01,McHenry,Larceny-Theft,4580,1209,307774,1488.104908146887,0.26397379912663754
2020-09-01,McHenry,Motor Vehicle Theft,1430,515,307774,464.6266416266481,0.36013986013986016
2020-09-01,McHenry,Aggravated Assault,2338,485,307774,759.6483133727995,0.20744225834046193
2020-09-01,McHenry,Robbery,909,188,307774,295.34658548155465,0.2068206820682068
2020-09-01,McHenry,Rape,460,109,307774,149.4603182854952,0.23695652173913043
2020-10-01,McHenry,Violent Crime,2565,454,307774,833.4037313093373,0.1769980506822612
2020-10-01,McHenry,Property Crime,6009,1309,307774,1952.4066360381319,0.21783990680645698
2020-10-01,McHenry,Burglary,1746,686,307774,567.2993820140753,0.3928980526918671
2020-10-01,McHenry,Larceny-Theft,4232,1383,307774,1375.0349282265558,0.32679584120982985
2020-10-01,McHenry,Motor Vehicle Theft,1228,238,307774,398.9940670751916,0.19381107491856678
2020-10-01,McHenry,Aggravated Assault,2165,506,307774,703.4382371480372,0.23371824480369516
2020-10-01,McHenry,Robbery,824,237,307774,267.7289179722784,0.28762135922330095
2020-10-01,McHenry,Rape,432,167,307774,140.3627336942042,0.38657407407407407
2020-11-01,McHenry,Violent Crime,2370,693,307774,770.0455529057035,0.29240506329113924
2020-11-01,McHenry,Property Crime,5572,1856,307774,1810.4193336669114,0.3330940416367552
2020-11-01,McHenry,Burglary,1618,343,307774,525.7104238824593,0.21199011124845488
2020-11-01,McHenry,Larceny-Theft,4009,971,307774,1302.5791652316311,0.24220503866300824
2020-11-01,McHenry,Motor Vehicle Theft,1195,221,307774,388.27191380688424,0.18493723849372384
2020-11-01,McHenry,Aggravated Assault,1955,627,307774,635.2063527133546,0.3207161125319693
2020-11-01,McHenry,Robbery,811,269,307774,263.5050394120361,0.3316892725030826
2020-11-01,McHenry,Rape,424,125,307774,137.7634238109782,0.294811320754717
2020-12-01,McHenry,Violent Crime,2414,477,307774,784.3417572634467,0.1975973487986744
2020-12-01,McHenry,Property Crime,5444,1927,307774,1768.8303755352954,0.35396767083027186
2020-12-01,McHenry,Burglary,1571,429,307774,510.4394783185065,0.2730744748567791
2020-12-01,McHenry,Larceny-Theft,3943,1083,307774,1281.1348586950164,0.27466396145067207
2020-12-01,McHenry,Motor Vehicle Theft,1185,260,307774,385.02277645285176,0.21940928270042195
2020-12-01,McHenry,Aggravated Assault,1979,381,307774,643.0042823630325,0.19252147549267307
2020-12-01,McHenry,Robbery,782,240,307774,254.08254108534186,0.3069053708439898
2020-12-01,McHenry,Rape,362,79,307774,117.61877221597666,0.21823204419889503
2021-01-01,McHenry,Violent Crime,2487,518,307774,808.0604599478838,0.20828307197426618
2021-01-01,McHenry,Property Crime,5650,2218,307774,1835.762605028365,0.39256637168141595
2021-01-01,McHenry,Burglary,1581,262,307774,513.688615672539,0.1657179000632511
2021-01-01,McHenry,Larceny-Theft,3971,1130,307774,1290.2324432863074,0.2845630823470159
2021-01-01,McHenry,Motor Vehicle Theft,1175,382,307774,381.7736390988193,0.3251063829787234
2021-01-01,McHenry,Aggravated Assault,2013,780,307774,654.0513493667431,0.38748137108792846
2021-01-01,McHenry,Robbery,847,180,307774,275.2019338865531,0.21251475796930341
2021-01-01,McHenry,Rape,401,70,307774,130.2904078967034,0.1745635910224439
2021-02-01,McHenry,Violent Crime,2650,517,307774,861.0213988186138,0.1950943396226415
2021-02-01,McHenry,Property Crime,5986,1499,307774,1944.9336201238573,0.250417641162713
2021-02-01,McHenry,Burglary,1642,443,307774,533.5083535321372,0.2697929354445798
2021-02-01,McHenry,Larceny-Theft,4218,687,307774,1370.4861359309105,0.162873399715505
2021-02-01,McHenry,Motor Vehicle Theft,1292,256,307774,419.78854614099953,0.19814241486068113
2021-02-01,McHenry,Aggravated Assault,2167,588,307774,704.0880646188438,0.2713428703276419
2021-02-01,McHenry,Robbery,831,184,307774,270.0033141201011,0.2214199759326113
2021-02-01,McHenry,Rape,407,65,307774,132.23989030912293,0.1597051597051597
2021-03-01,McHenry,Violent Crime,2669,502,307774,867.1947597912754,0.1880854252529037
2021-03-01,McHenry,Property Crime,6369,1339,307774,2069.375580783302,0.2102370858847543
2021-03-01,McHenry,Burglary,1918,462,307774,623.1845445034344,0.24087591240875914
2021-03-01,McHenry,Larceny-Theft,4674,1092,307774,1518.6467992747926,0.2336328626444159
2021-03-01,McHenry,Motor Vehicle Theft,1341,307,307774,435.7093191757588,0.22893363161819538
2021-03-01,McHenry,Aggravated Assault,2317,681,307774,752.8251249293312,0.2939145446698317
2021-03-01,McHenry,Robbery,859,216,307774,279.1008987113921,0.25145518044237486
2021-03-01,McHenry,Rape,501,158,307774,162.78178143702846,0.3153692614770459
2021-04-01,McHenry,Violent Crime,2917,480,307774,947.7733661712815,0.164552622557422
2021-04-01,McHenry,Property Crime,6853,1326,307774,2226.6338287184753,0.1934919013570699
2021-04-01,McHenry,Burglary,2007,580,307774,652.1018669543236,0.28898854010961633
2021-04-01,McHenry,Larceny-Theft,4905,1425,307774,1593.7018721529435,0.290519877675841
2021-04-01,McHenry,Motor Vehicle Theft,1457,485,307774,473.3993124825359,0.332875772134523
2021-04-01,McHenry,Aggravated Assault,2529,441,307774,821.7068368348204,0.17437722419928825
2021-04-01,McHenry,Robbery,1033,297,307774,335.6358886715577,0.28751210067763794
2021-04-01,McHenry,Rape,484,143,307774,157.25824793517322,0.29545454545454547
2021-05-01,McHenry,Violent Crime,3112,818,307774,1011.1315445749153,0.262853470437018
2021-05-01,McHenry,Property Crime,7333,1277,307774,2382.5924217120355,0.17414427928542206
2021-05-01,McHenry,Burglary,2078,723,307774,675.1707421679544,0.34793070259865255
2021-05-01,McHenry,Larceny-Theft,5207,1705,307774,1691.8258202447253,0.32744382561935853
2021-05-01,McHenry,Motor Vehicle Theft,1575,398,307774,511.73913326011944,0.2526984126984127
2021-05-01,McHenry,Aggravated Assault,2565,523,307774,833.4037313093373,0.20389863547758286
2021-05-01,McHenry,Robbery,1044,364,307774,339.20993976099345,0.3486590038314176
2021-05-01,McHenry,Rape,512,109,307774,166.3558325264642,0.212890625
2021-06-01,McHenry,Violent Crime,3216,629,307774,1044.9225730568535,0.19558457711442787
2021-06-01,McHenry,Property Crime,7450,2638,307774,2420.607328754216,0.3540939597315436
2021-06-01,McHenry,Burglary,2091,677,307774,679.3946207281966,0.3237685318029651
2021-06-01,McHenry,Larceny-Theft,5240,877,307774,1702.5479735130325,0.16736641221374046
2021-06-01,McHenry,Motor Vehicle Theft,1592,534,307774,517.2626667619747,0.33542713567839194
2021-06-01,McHenry,Aggravated Assault,2638,658,307774,857.1224339937747,0.2494313874147081
2021-06-01,McHenry,Robbery,1038,375,307774,337.26045734857394,0.36127167630057805
2021-06-01,McHenry,Rape,523,88,307774,169.92988361589997,0.1682600382409178
2021-07-01,McHenry,Violent Crime,3110,1005,307774,1010.4817171041088,0.32315112540192925
2021-07-01,McHenry,Property Crime,7096,2432,307774,2305.587866421465,0.342728297632469
2021-07-01,McHenry,Burglary,2124,660,307774,690.116773996504,0.3107344632768362
2021-07-01,McHenry,Larceny-Theft,5246,1716,307774,1704.497455925452,0.3271063667556233
2021-07-01,McHenry,Motor Vehicle Theft,1519,304,307774,493.54396407753745,0.20013166556945358
2021-07-01,McHenry,Aggravated Assault,2537,645,307774,824.3061467180464,0.2542372881355932
2021-07-01,McHenry,Robbery,1037,225,307774,336.93554361317075,0.21697203471552556
2021-07-01,McHenry,Rape,511,187,307774,166.03091879106097,0.3659491193737769
2021-08-01,McHenry,Violent Crime,2998,820,307774,974.0913787389447,0.2735156771180787
2021-08-01,McHenry,Property Crime,6793,1368,307774,2207.1390045942803,0.20138377741793023
2021-08-01,McHenry,Burglary,1964,699,307774,638.1305763319838,0.3559063136456212
2021-08-01,McHenry,Larceny-Theft,4836,1770,307774,1571.2828244101192,0.36600496277915634
2021-08-01,McHenry,Motor Vehicle Theft,1475,449,307774,479.2477597197944,0.3044067796610169
2021-08-01,McHenry,Aggravated Assault,2512,870,307774,816.1833033329652,0.3463375796178344
2021-08-01,McHenry,Robbery,982,266,307774,319.0652881659919,0.2708757637474542
2021-08-01,McHenry,Rape,490,174,307774,159.20773034759273,0.3551020408163265
2021-09-01,McHenry,Violent Crime,2759,736,307774,896.4369959775679,0.266763320043494
2021-09-01,McHenry,Property Crime,6499,1735,307774,2111.6143663857247,0.2669641483305124
2021-09-01,McHenry,Burglary,1852,300,307774,601.7402379668198,0.16198704103671707
2021-09-01,McHenry,Larceny-Theft,4666,930,307774,1516.0474893915666,0.19931418774110587
2021-09-01,McHenry,Motor Vehicle Theft,1356,383,307774,440.5830252068076,0.28244837758112096
2021-09-01,McHenry,Aggravated Assault,2186,772,307774,710.2614255915055,0.35315645013723695
2021-09-01,McHenry,Robbery,878,231,307774,285.2742596840539,0.2630979498861048
2021-09-01,McHenry,Rape,459,120,307774,149.13540455009195,0.26143790849673204
2021-10-01,McHenry,Violent Crime,2591,461,307774,841.8514884298219,0.17792358162871477
2021-10-01,McHenry,Property Crime,5849,1457,307774,1900.420438373612,0.24910241066849034
2021-10-01,McHenry,Burglary,1727,426,307774,561.1260210414134,0.246670526925304
2021-10-01,McHenry,Larceny-Theft,4171,1225,307774,1355.2151903669576,0.29369455766003355
2021-10-01,McHenry,Motor Vehicle Theft,1265,243,307774,411.0158752851118,0.19209486166007905
2021-10-01,McHenry,Aggravated Assault,2142,459,307774,695.9652212337625,0.21428571428571427
2021-10-01,McHenry,Robbery,847,197,307774,275.2019338865531,0.23258559622195984
2021-10-01,McHenry,Rape,430,129,307774,139.71290622339768,0.3
2021-11-01,McHenry,Violent Crime,2315,761,307774,752.1752974585248,0.3287257019438445
2021-11-01,McHenry,Property Crime,5653,1681,307774,1836.7373462345747,0.2973642313815673
2021-11-01,McHenry,Burglary,1590,618,307774,516.6128392911683,0.3886792452830189
2021-11-01,McHenry,Larceny-Theft,3989,1180,307774,1296.080890523566,0.2958134870894961
2021-11-01,McHenry,Motor Vehicle Theft,1201,242,307774,390.22139621930376,0.20149875104079934
2021-11-01,McHenry,Aggravated Assault,1996,523,307774,648.5278158648879,0.2620240480961924
2021-11-01,McHenry,Robbery,794,128,307774,257.9815059101809,0.16120906801007556
2021-11-01,McHenry,Rape,416,141,307774,135.16411392775217,0.3389423076923077
2021-12-01,McHenry,Violent Crime,2281,486,307774,741.1282304548142,0.21306444541867603
2021-12-01,McHenry,Property Crime,5394,984,307774,1752.5846887651328,0.18242491657397109
2021-12-01,McHenry,Burglary,1537,609,307774,499.39241131479594,0.39622641509433965
2021-12-01,McHenry,Larceny-Theft,3862,771,307774,1254.816846127353,0.19963749352667012
2021-12-01,McHenry,Motor Vehicle Theft,1178,430,307774,382.74838030502906,0.36502546689303905
2021-12-01,McHenry,Aggravated Assault,2066,542,307774,671.2717773431154,0.2623426911907067
2021-12-01,McHenry,Robbery,773,155,307774,251.1583174667126,0.20051746442432083
2021-12-01,McHenry,Rape,399,77,307774,129.64058042589693,0.19298245614035087
2022-01-01,McHenry,Violent Crime,2421,882,307774,786.6161534112694,0.3643122676579926
2022-01-01,McHenry,Property Crime,5482,1745,307774,1781.1770974806188,0.3183144837650492
2022-01-01,McHenry,Burglary,1540,400,307774,500.3671525210056,0.2597402597402597
2022-01-01,McHenry,Larceny-Theft,4125,1281,307774,1340.2691585384082,0.31054545454545457
2022-01-01,McHenry,Motor Vehicle Theft,1185,275,307774,385.02277645285176,0.2320675105485232
2022-01-01,McHenry,Aggravated Assault,1964,783,307774,638.1305763319838,0.3986761710794297
2022-01-01,McHenry,Robbery,777,217,307774,252.4579724083256,0.27927927927927926
2022-01-01,McHenry,Rape,387,79,307774,125.74161560105792,0.2041343669250646
2022-02-01,McHenry,Violent Crime,2512,484,307774,816.1833033329652,0.1926751592356688
2022-02-01,McHenry,Property Crime,6039,1034,307774,1962.1540481002294,0.17122040072859745
2022-02-01,McHenry,Burglary,1714,666,307774,556.9021424811713,0.3885647607934656
2022-02-01,McHenry,Larceny-Theft,4360,1439,307774,1416.6238863581718,0.33004587155963305
2022-02-01,McHenry,Motor Vehicle Theft,1302,362,307774,423.03768349503207,0.2780337941628264
2022-02-01,McHenry,Aggravated Assault,2082,734,307774,676.4703971095674,0.3525456292026897
2022-02-01,McHenry,Robbery,811,311,307774,263.5050394120361,0.3834771886559803
2022-02-01,McHenry,Rape,402,102,307774,130.61532163210669,0.2537313432835821
2022-03-01,McHenry,Violent Crime,2721,1069,307774,884.0902740322446,0.39287026828371924
2022-03-01,McHenry,Property Crime,6326,949,307774,2055.4042901609623,0.15001580777742649
2022-03-01,McHenry,Burglary,1846,409,307774,599.7907555544003,0.22156013001083424
2022-03-01,McHenry,Larceny-Theft,4517,1482,307774,1467.6353428164823,0.3280938676112464
2022-03-01,McHenry,Motor Vehicle Theft,1396,297,307774,453.5795746229376,0.21275071633237821
2022-03-01,McHenry,Aggravated Assault,2287,601,307774,743.0777128672337,0.26278968080454745
2022-03-01,McHenry,Robbery,910,233,307774,295.6714992169579,0.256043956043956
2022-03-01,McHenry,Rape,461,120,307774,149.78523202089846,0.2603036876355748
2022-04-01,McHenry,Violent Crime,3005,927,307774,976.3657748867677,0.30848585690515806
2022-04-01,McHenry,Property Crime,7034,2034,307774,2285.443214826463,0.28916690361103214
2022-04-01,McHenry,Burglary,2012,464,307774,653.7264356313399,0.23061630218687873
2022-04-01,McHenry,Larceny-Theft,4841,1295,307774,1572.9073930871355,0.26750671348894856
2022-04-01,McHenry,Motor Vehicle Theft,1531,487,307774,497.4429289023764,0.31809274983670804
2022-04-01,McHenry,Aggravated Assault,2513,627,307774,816.5082170683683,0.24950258654994031
2022-04-01,McHenry,Robbery,987,240,307774,320.68985684300816,0.24316109422492402
2022-04-01,McHenry,Rape,486,184,307774,157.9080754059797,0.3786008230452675
2022-05-01,McHenry,Violent Crime,3019,764,307774,980.9145671824131,0.2530639284531302
2022-05-01,McHenry,Property Crime,7230,1205,307774,2349.1263069655006,0.16666666666666666
2022-05-01,McHenry,Burglary,2084,744,307774,677.1202245803739,0.3570057581573896
2022-05-01,McHenry,Larceny-Theft,5103,1602,307774,1658.0347917627869,0.31393298059964725
2022-05-01,McHenry,Motor Vehicle Theft,1608,459,307774,522.4612865284267,0.28544776119402987
2022-05-01,McHenry,Aggravated Assault,2677,701,307774,869.7940696745013,0.26186029137093764
2022-05-01,McHenry,Robbery,1014,250,307774,329.46252769889594,0.2465483234714004
2022-05-01,McHenry,Rape,503,183,307774,163.43160890783497,0.36381709741550694
2022-06-01,McHenry,Violent Crime,3059,591,307774,993.9111165985431,0.19320039228506047
2022-06-01,McHenry,Property Crime,7343,1597,307774,2385.841559066068,0.21748604112760453
2022-06-01,McHenry,Burglary,2147,440,307774,697.5897899107787,0.20493712156497437
2022-06-01,McHenry,Larceny-Theft,5265,1939,307774,1710.6708168981136,0.36828110161443495
2022-06-01,McHenry,Motor Vehicle Theft,1614,512,307774,524.4107689408462,0.31722428748451054
2022-06-01,McHenry,Aggravated Assault,2696,675,307774,875.9674306471632,0.25037091988130566
2022-06-01,McHenry,Robbery,1106,315,307774,359.354591355995,0.2848101265822785
2022-06-01,McHenry,Rape,529,148,307774,171.87936602831948,0.27977315689981097
2022-07-01,McHenry,Violent Crime,3134,1029,307774,1018.2796467537869,0.3283343969368219
2022-07-01,McHenry,Property Crime,7359,1934,307774,2391.04017883252,0.2628074466639489
2022-07-01,McHenry,Burglary,2060,437,307774,669.3222949306959,0.2121359223300971
2022-07-01,McHenry,Larceny-Theft,5210,1326,307774,1692.800561450935,0.254510556621881
2022-07-01,McHenry,Motor Vehicle Theft,1496,579,307774,486.07094816326264,0.3870320855614973
2022-07-01,McHenry,Aggravated Assault,2719,418,307774,883.440446561438,0.15373299006987864
2022-07-01,McHenry,Robbery,1003,363,307774,325.8884766094602,0.36191425722831505
2022-07-01,McHenry,Rape,503,111,307774,163.43160890783497,0.220675944333996
2022-08-01,McHenry,Violent Crime,2987,613,307774,970.517327649509,0.20522263140274524
2022-08-01,McHenry,Property Crime,6848,2397,307774,2225.0092600414587,0.35002920560747663
2022-08-01,McHenry,Burglary,1966,591,307774,638.7804038027904,0.30061037639877924
2022-08-01,McHenry,Larceny-Theft,5004,1095,307774,1625.8683319578652,0.21882494004796163
2022-08-01,McHenry,Motor Vehicle Theft,1451,380,307774,471.4498300701164,0.2618883528600965
2022-08-01,McHenry,Aggravated Assault,2456,809,307774,797.9881341503832,0.3293973941368078
2022-08-01,McHenry,Robbery,958,242,307774,311.2673585163139,0.25260960334029225
2022-08-01,McHenry,Rape,474,115,307774,154.0091105811407,0.24261603375527427
2022-09-01,McHenry,Violent Crime,2743,551,307774,891.238376211116,0.2008749544294568
2022-09-01,McHenry,Property Crime,6327,1635,307774,2055.7292038963656,0.25841631104789
2022-09-01,McHenry,Burglary,1823,500,307774,592.3177396401255,0.27427317608337903
2022-09-01,McHenry,Larceny-Theft,4595,1501,307774,1492.9786141779357,0.3266594124047878
2022-09-01,McHenry,Motor Vehicle Theft,1337,471,307774,434.4096642341458,0.35228122662677636
2022-09-01,McHenry,Aggravated Assault,2397,657,307774,778.8182237615913,0.27409261576971217
2022-09-01,McHenry,Robbery,890,205,307774,289.1732245088929,0.2303370786516854
2022-09-01,McHenry,Rape,432,122,307774,140.3627336942042,0.2824074074074074
2022-10-01,McHenry,Violent Crime,2483,874,307774,806.7608050062707,0.35199355618203787
2022-10-01,McHenry,Property Crime,5857,1371,307774,1903.019748256838,0.23407887997268226
2022-10-01,McHenry,Burglary,1706,292,307774,554.3028325979453,0.17116060961313012
2022-10-01,McHenry,Larceny-Theft,4185,1075,307774,1359.7639826626032,0.25686977299880526
2022-10-01,McHenry,Motor Vehicle Theft,1289,197,307774,418.8138049347898,0.15283165244375485
2022-10-01,McHenry,Aggravated Assault,2123,829,307774,689.7918602611006,0.3904851625058879
2022-10-01,McHenry,Robbery,856,251,307774,278.12615750518233,0.2932242990654206
2022-10-01,McHenry,Rape,462,106,307774,150.1101457563017,0.22943722943722944
2022-11-01,McHenry,Violent Crime,2354,649,307774,764.8469331392515,0.2757009345794392
2022-11-01,McHenry,Property Crime,5640,941,307774,1832.5134676743323,0.16684397163120568
2022-11-01,McHenry,Burglary,1623,360,307774,527.3349925594755,0.22181146025878004
2022-11-01,McHenry,Larceny-Theft,4020,1496,307774,1306.1532163210668,0.37213930348258706
2022-11-01,McHenry,Motor Vehicle Theft,1237,399,307774,401.91829069382084,0.322554567502021
2022-11-01,McHenry,Aggravated Assault,2057,469,307774,668.3475537244861,0.2280019445794847
2022-11-01,McHenry,Robbery,820,202,307774,266.42926303066537,0.24634146341463414
2022-11-01,McHenry,Rape,424,106,307774,137.7634238109782,0.25
2022-12-01,McHenry,Violent Crime,2295,507,307774,745.6770227504597,0.22091503267973855
2022-12-01,McHenry,Property Crime,5378,1145,307774,1747.386068998681,0.21290442543696542
2022-12-01,McHenry,Burglary,1554,614,307774,504.9159448166512,0.39510939510939513
2022-12-01,McHenry,Larceny-Theft,3878,668,307774,1260.0154658938052,0.17225373904074265
2022-12-01,McHenry,Motor Vehicle Theft,1178,300,307774,382.74838030502906,0.2546689303904924
2022-12-01,McHenry,Aggravated Assault,1940,541,307774,630.3326466823058,0.2788659793814433
2022-12-01,McHenry,Robbery,780,137,307774,253.43271361453534,0.17564102564102563
2022-12-01,McHenry,Rape,363,109,307774,117.94368595137992,0.3002754820936639
2023-01-01,McHenry,Violent Crime,2346,453,307774,762.2476232560256,0.19309462915601022
2023-01-01,McHenry,Property Crime,5523,1118,307774,1794.498560632152,0.2024262176353431
2023-01-01,McHenry,Burglary,1595,506,307774,518.2374079681845,0.31724137931034485
2023-01-01,McHenry,Larceny-Theft,3994,763,307774,1297.7054592005823,0.19103655483224838
2023-01-01,McHenry,Motor Vehicle Theft,1230,223,307774,399.643894545998,0.18130081300813009
2023-01-01,McHenry,Aggravated Assault,1982,423,307774,643.9790235692424,0.21342078708375378
2023-01-01,McHenry,Robbery,778,196,307774,252.78288614372883,0.2519280205655527
2023-01-01,McHenry,Rape,443,174,307774,143.93678478363995,0.3927765237020316
2023-02-01,McHenry,Violent Crime,2503,587,307774,813.2590797143358,0.23451857770675189
2023-02-01,McHenry,Property Crime,5844,1327,307774,1898.7958696965957,0.22707049965776865
2023-02-01,McHenry,Burglary,1715,459,307774,557.2270562165745,0.26763848396501455
2023-02-01,McHenry,Larceny-Theft,4240,729,307774,1377.6342381097818,0.17193396226415095
2023-02-01,McHenry,Motor Vehicle Theft,1290,212,307774,419.13871867019304,0.16434108527131783
2023-02-01,McHenry,Aggravated Assault,2064,535,307774,670.621949872309,0.25920542635658916
2023-02-01,McHenry,Robbery,840,232,307774,272.92753773873034,0.2761904761904762
2023-02-01,McHenry,Rape,397,135,307774,128.99075295509044,0.34005037783375314
2023-03-01,McHenry,Violent Crime,2713,1079,307774,881.4909641490185,0.3977147069664578
2023-03-01,McHenry,Property Crime,6463,1639,307774,2099.9174719112075,0.25359740058796226
2023-03-01,McHenry,Burglary,1869,337,307774,607.263771468675,0.1803103263777421
2023-03-01,McHenry,Larceny-Theft,4522,1634,307774,1469.2599114934983,0.36134453781512604
2023-03-01,McHenry,Motor Vehicle Theft,1359,444,307774,441.5577664130173,0.32671081677704195
2023-03-01,McHenry,Aggravated Assault,2304,677,307774,748.6012463690889,0.2938368055555556
2023-03-01,McHenry,Robbery,903,359,307774,293.39710306913514,0.39756367663344405
2023-03-01,McHenry,Rape,430,158,307774,139.71290622339768,0.3674418604651163
2023-04-01,McHenry,Violent Crime,2925,679,307774,950.3726760545076,0.23213675213675214
2023-04-01,McHenry,Property Crime,6875,1620,307774,2233.7819308973467,0.23563636363636364
2023-04-01,McHenry,Burglary,1960,544,307774,636.8309213903709,0.27755102040816326
2023-04-01,McHenry,Larceny-Theft,5077,1400,307774,1649.5870346423026,0.27575339767579277
2023-04-01,McHenry,Motor Vehicle Theft,1488,241,307774,483.47163828003664,0.16196236559139784
2023-04-01,McHenry,Aggravated Assault,2475,520,307774,804.1614951230448,0.2101010101010101
2023-04-01,McHenry,Robbery,1028,342,307774,334.01131999454145,0.3326848249027237
2023-04-01,McHenry,Rape,535,138,307774,173.82884844073897,0.25794392523364484
2023-05-01,McHenry,Violent Crime,3104,1000,307774,1008.5322346916894,0.32216494845360827
2023-05-01,McHenry,Property Crime,7249,1475,307774,2355.299667938162,0.2034763415643537
2023-05-01,McHenry,Burglary,1984,606,307774,644.6288510400489,0.30544354838709675
2023-05-01,McHenry,Larceny-Theft,5182,1892,307774,1683.7029768596437,0.3651099961404863
2023-05-01,McHenry,Motor Vehicle Theft,1567,507,307774,509.13982337689345,0.32354818123803447
2023-05-01,McHenry,Aggravated Assault,2578,805,307774,837.6276098695796,0.31225756400310317
2023-05-01,McHenry,Robbery,1022,187,307774,332.06183758212194,0.18297455968688844
2023-05-01,McHenry,Rape,529,201,307774,171.87936602831948,0.3799621928166352
2023-06-01,McHenry,Violent Crime,3084,719,307774,1002.0339599836243,0.23313878080415046
2023-06-01,McHenry,Property Crime,7351,2177,307774,2388.4408689492943,0.2961501836484832
2023-06-01,McHenry,Burglary,2102,483,307774,682.9686718176324,0.22978116079923883
2023-06-01,McHenry,Larceny-Theft,5345,1770,307774,1736.6639157303737,0.33115060804490176
2023-06-01,McHenry,Motor Vehicle Theft,1605,280,307774,521.486545322217,0.17445482866043613
2023-06-01,McHenry,Aggravated Assault,2601,1027,307774,845.1006257838544,0.3948481353325644
2023-06-01,McHenry,Robbery,1054,195,307774,342.45907711502593,0.18500948766603414
2023-06-01,McHenry,Rape,515,86,307774,167.33057373267397,0.1669902912621359
2023-07-01,McHenry,Violent Crime,3226,1219,307774,1048.171710410886,0.3778673279603224
2023-07-01,McHenry,Property Crime,7327,2210,307774,2380.642939299616,0.30162412993039445
2023-07-01,McHenry,Burglary,2089,641,307774,678.7447932573903,0.30684538056486355
2023-07-01,McHenry,Larceny-Theft,5192,1729,307774,1686.9521142136762,0.33301232665639446
2023-07-01,McHenry,Motor Vehicle Theft,1588,323,307774,515.9630118203618,0.20340050377833754
2023-07-01,McHenry,Aggravated Assault,2505,697,307774,813.9089071851423,0.2782435129740519
2023-07-01,McHenry,Robbery,1071,313,307774,347.98261061688123,0.29225023342670403
2023-07-01,McHenry,Rape,520,157,307774,168.9551424096902,0.3019230769230769
2023-08-01,McHenry,Violent Crime,3016,900,307774,979.9398259762033,0.2984084880636605
2023-08-01,McHenry,Property Crime,6923,1252,307774,2249.377790196703,0.18084645384948722
2023-08-01,McHenry,Burglary,1934,612,307774,628.3831642698863,0.3164426059979317
2023-08-01,McHenry,Larceny-Theft,4951,851,307774,1608.647903981493,0.171884467784286
2023-08-01,McHenry,Motor Vehicle Theft,1535,350,307774,498.7425838439894,0.2280130293159609
2023-08-01,McHenry,Aggravated Assault,2459,899,307774,798.9628753565929,0.36559577063847093
2023-08-01,McHenry,Robbery,1044,382,307774,339.20993976099345,0.36590038314176243
2023-08-01,McHenry,Rape,475,103,307774,154.33402431654397,0.2168421052631579
2023-09-01,McHenry,Violent Crime,2806,817,307774,911.7079415415208,0.29116179615110477
2023-09-01,McHenry,Property Crime,6382,1986,307774,2073.5994593435444,0.3111877154497023
2023-09-01,McHenry,Burglary,1885,684,307774,612.4623912351271,0.36286472148541116
2023-09-01,McHenry,Larceny-Theft,4537,1191,307774,1474.1336175245472,0.2625082653735949
2023-09-01,McHenry,Motor Vehicle Theft,1393,465,307774,452.60483341672784,0.3338119167264896
2023-09-01,McHenry,Aggravated Assault,2302,412,307774,747.9514188982824,0.1789748045178106
2023-09-01,McHenry,Robbery,925,157,307774,300.54520524800665,0.16972972972972972
2023-09-01,McHenry,Rape,454,105,307774,147.5108358730757,0.23127753303964757
2023-10-01,McHenry,Violent Crime,2578,601,307774,837.6276098695796,0.2331264546159814
2023-10-01,McHenry,Property Crime,5998,1855,307774,1948.832584948696,0.3092697565855285
2023-10-01,McHenry,Burglary,1703,551,307774,553.3280913917355,0.32354668232530825
2023-10-01,McHenry,Larceny-Theft,4218,1495,307774,1370.4861359309105,0.35443338074917025
2023-10-01,McHenry,Motor Vehicle Theft,1281,257,307774,416.2144950515638,0.20062451209992194
2023-10-01,McHenry,Aggravated Assault,2099,470,307774,681.9939306114227,0.22391615054787994
2023-10-01,McHenry,Robbery,849,334,307774,275.85176135735963,0.3934040047114252
2023-10-01,McHenry,Rape,394,149,307774,128.01601174888066,0.37817258883248733
2023-11-01,McHenry,Violent Crime,2397,620,307774,778.8182237615913,0.2586566541510221
2023-11-01,McHenry,Property Crime,5613,1264,307774,1823.7407968184446,0.2251915196864422
2023-11-01,McHenry,Burglary,1605,473,307774,521.486545322217,0.29470404984423676
2023-11-01,McHenry,Larceny-Theft,3949,675,307774,1283.084341107436,0.17092934920232972
2023-11-01,McHenry,Motor Vehicle Theft,1121,188,307774,364.22829738704377,0.16770740410347904
2023-11-01,McHenry,Aggravated Assault,1928,307,307774,626.4336818574669,0.1592323651452282
2023-11-01,McHenry,Robbery,811,298,307774,263.5050394120361,0.36744759556103573
2023-11-01,McHenry,Rape,398,111,307774,129.31566669049369,0.27889447236180903
2023-12-01,McHenry,Violent Crime,2322,414,307774,754.4496936063475,0.17829457364341086
2023-12-01,McHenry,Property Crime,5424,1307,307774,1762.3321008272303,0.24096607669616518
2023-12-01,McHenry,Burglary,1602,528,307774,520.5118041160072,0.3295880149812734
2023-12-01,McHenry,Larceny-Theft,3807,1271,307774,1236.9465906801745,0.3338586813764119
2023-12-01,McHenry,Motor Vehicle Theft,1138,260,307774,369.751830888899,0.22847100175746923
2023-12-01,McHenry,Aggravated Assault,1943,484,307774,631.3073878885157,0.24909933093154915
2023-12-01,McHenry,Robbery,785,219,307774,255.0572822915516,0.2789808917197452
2023-12-01,McHenry,Rape,410,65,307774,133.21463151533268,0.15853658536585366
2024-01-01,McHenry,Violent Crime,2367,917,307774,769.0708116994938,0.38741022391212504
2024-01-01,McHenry,Property Crime,5677,1163,307774,1844.5352758842528,0.20486172274088427
2024-01-01,McHenry,Burglary,1558,565,307774,506.2155997582642,0.3626444159178434
2024-01-01,McHenry,Larceny-Theft,4043,1116,307774,1313.6262322353416,0.27603264902300273
2024-01-01,McHenry,Motor Vehicle Theft,1193,329,307774,387.62208633607776,0.2757753562447611
2024-01-01,McHenry,Aggravated Assault,1856,689,307774,603.0398929084328,0.37122844827586204
2024-01-01,McHenry,Robbery,820,229,307774,266.42926303066537,0.27926829268292686
2024-01-01,McHenry,Rape,391,135,307774,127.04127054267093,0.3452685421994885
2024-02-01,McHenry,Violent Crime,2585,519,307774,839.9020060174024,0.20077369439071566
2024-02-01,McHenry,Property Crime,5901,1373,307774,1917.315952614581,0.23267242840196578
2024-02-01,McHenry,Burglary,1729,319,307774,561.77584851222,0.1844997108155003
2024-02-01,McHenry,Larceny-Theft,4222,871,307774,1371.7857908725234,0.20630033159639982
2024-02-01,McHenry,Motor Vehicle Theft,1284,215,307774,417.1892362577736,0.1674454828660436
2024-02-01,McHenry,Aggravated Assault,2119,589,307774,688.4922053194877,0.2779613025011798
2024-02-01,McHenry,Robbery,886,152,307774,287.8735695672799,0.17155756207674944
2024-02-01,McHenry,Rape,465,136,307774,151.08488696251146,0.2924731182795699
2024-03-01,McHenry,Violent Crime,2799,920,307774,909.4335453936981,0.32868881743479816
2024-03-01,McHenry,Property Crime,6318,1176,307774,2052.8049802777364,0.18613485280151948
2024-03-01,McHenry,Burglary,1877,618,307774,609.8630813519011,0.3292488012786361
2024-03-01,McHenry,Larceny-Theft,4727,1347,307774,1535.8672272511649,0.284958747620055
2024-03-01,McHenry,Motor Vehicle Theft,1371,368,307774,445.45673123785633,0.2684172137126185
2024-03-01,McHenry,Aggravated Assault,2307,886,307774,749.5759875752988,0.38404854789770265
2024-03-01,McHenry,Robbery,955,254,307774,310.29261731010416,0.26596858638743454
2024-03-01,McHenry,Rape,468,116,307774,152.05962816872122,0.24786324786324787
2024-04-01,McHenry,Violent Crime,3103,931,307774,1008.207320956286,0.3000322268772156
2024-04-01,McHenry,Property Crime,6952,1467,307774,2258.800288523397,0.21101841196777907
2024-04-01,McHenry,Burglary,2005,435,307774,651.4520394835171,0.2169576059850374
2024-04-01,McHenry,Larceny-Theft,4989,1572,307774,1620.9946259268165,0.31509320505111243
2024-04-01,McHenry,Motor Vehicle Theft,1459,444,307774,474.0491399533424,0.30431802604523644
2024-04-01,McHenry,Aggravated Assault,2451,956,307774,796.3635654733669,0.39004487964096285
2024-04-01,McHenry,Robbery,987,249,307774,320.68985684300816,0.25227963525835867
2024-04-01,McHenry,Rape,483,121,307774,156.93333419976997,0.2505175983436853
2024-05-01,McHenry,Violent Crime,3115,854,307774,1012.106285781125,0.27415730337078653
2024-05-01,McHenry,Property Crime,7145,1373,307774,2321.5086394562245,0.19216235129461162
2024-05-01,McHenry,Burglary,2012,606,307774,653.7264356313399,0.30119284294234594
2024-05-01,McHenry,Larceny-Theft,5214,1966,307774,1694.1002163925477,0.3770617568085923
2024-05-01,McHenry,Motor Vehicle Theft,1570,380,307774,510.1145645831032,0.24203821656050956
2024-05-01,McHenry,Aggravated Assault,2652,577,307774,861.6712262894201,0.21757164404223228
2024-05-01,McHenry,Robbery,1015,369,307774,329.7874414342992,0.36354679802955664
2024-05-01,McHenry,Rape,450,98,307774,146.21118093146268,0.21777777777777776
2024-06-01,McHenry,Violent Crime,3110,1086,307774,1010.4817171041088,0.34919614147909966
2024-06-01,McHenry,Property Crime,7397,1903,307774,2403.3869007778435,0.2572664593754225
2024-06-01,McHenry,Burglary,2097,669,307774,681.3441031406162,0.3190271816881259
2024-06-01,McHenry,Larceny-Theft,5316,1765,307774,1727.2414174036792,0.3320165537998495
2024-06-01,McHenry,Motor Vehicle Theft,1622,249,307774,527.0100788240723,0.1535141800246609
2024-06-01,McHenry,Aggravated Assault,2735,982,307774,888.63906632789,0.35904936014625227
2024-06-01,McHenry,Robbery,1003,391,307774,325.8884766094602,0.3898305084745763
2024-06-01,McHenry,Rape,539,208,307774,175.128503382352,0.38589981447124305
2024-07-01,McHenry,Violent Crime,3099,833,307774,1006.907666014673,0.26879638593094546
2024-07-01,McHenry,Property Crime,7415,2041,307774,2409.235348015102,0.27525286581254216
2024-07-01,McHenry,Burglary,2097,620,307774,681.3441031406162,0.2956604673342871
2024-07-01,McHenry,Larceny-Theft,5296,879,307774,1720.7431426956143,0.16597432024169184
2024-07-01,McHenry,Motor Vehicle Theft,1543,358,307774,501.34189372721545,0.23201555411535968
2024-07-01,McHenry,Aggravated Assault,2596,938,307774,843.4760571068381,0.3613251155624037
2024-07-01,McHenry,Robbery,994,295,307774,322.96425299083097,0.29678068410462777
2024-07-01,McHenry,Rape,520,194,307774,168.9551424096902,0.3730769230769231
2024-08-01,McHenry,Violent Crime,3056,1138,307774,992.9363753923334,0.3723821989528796
2024-08-01,McHenry,Property Crime,6873,1848,307774,2233.13210342654,0.26887821911828896
2024-08-01,McHenry,Burglary,1912,503,307774,621.2350620910148,0.2630753138075314
2024-08-01,McHenry,Larceny-Theft,4979,770,307774,1617.7454885727839,0.15464952801767423
2024-08-01,McHenry,Motor Vehicle Theft,1420,457,307774,461.3775042726156,0.321830985915493
2024-08-01,McHenry,Aggravated Assault,2440,792,307774,792.7895143839311,0.32459016393442625
2024-08-01,McHenry,Robbery,1005,380,307774,326.5383040802667,0.3781094527363184
2024-08-01,McHenry,Rape,492,98,307774,159.85755781839921,0.1991869918699187
2024-09-01,McHenry,Violent Crime,2721,839,307774,884.0902740322446,0.3083425211319368
2024-09-01,McHenry,Property Crime,6358,2178,307774,2065.801529693866,0.34256055363321797
2024-09-01,McHenry,Burglary,1812,348,307774,588.7436885506899,0.19205298013245034
2024-09-01,McHenry,Larceny-Theft,4643,1223,307774,1508.5744734772918,0.2634072797760069
2024-09-01,McHenry,Motor Vehicle Theft,1376,424,307774,447.0812999148726,0.3081395348837209
2024-09-01,McHenry,Aggravated Assault,2340,524,307774,760.298140843606,0.22393162393162394
2024-09-01,McHenry,Robbery,897,199,307774,291.4476206567156,0.221850613154961
2024-09-01,McHenry,Rape,446,140,307774,144.9115259898497,0.31390134529147984
2024-10-01,McHenry,Violent Crime,2527,591,307774,821.0570093640138,0.2338741590819153
2024-10-01,McHenry,Property Crime,5890,918,307774,1913.7419015251453,0.15585738539898134
2024-10-01,McHenry,Burglary,1625,626,307774,527.984820030282,0.3852307692307692
2024-10-01,McHenry,Larceny-Theft,4284,1549,307774,1391.930442467525,0.361577964519141
2024-10-01,McHenry,Motor Vehicle Theft,1297,460,307774,421.41311481801586,0.3546646106399383
2024-10-01,McHenry,Aggravated Assault,2108,586,307774,684.9181542300519,0.27798861480075904
2024-10-01,McHenry,Robbery,852,248,307774,276.82650256356936,0.29107981220657275
2024-10-01,McHenry,Rape,452,174,307774,146.8610084022692,0.38495575221238937
2024-11-01,McHenry,Violent Crime,2319,634,307774,753.4749524001377,0.2733937041828374
2024-11-01,McHenry,Property Crime,5672,1911,307774,1842.9107072072366,0.3369181946403385
2024-11-01,McHenry,Burglary,1546,514,307774,502.3166349334252,0.33247089262613194
2024-11-01,McHenry,Larceny-Theft,3920,847,307774,1273.6618427807418,0.21607142857142858
2024-11-01,McHenry,Motor Vehicle Theft,1182,285,307774,384.04803524664203,0.24111675126903553
2024-11-01,McHenry,Aggravated Assault,2002,703,307774,650.4772982773073,0.35114885114885114
2024-11-01,McHenry,Robbery,787,260,307774,255.70710976235807,0.3303684879288437
2024-11-01,McHenry,Rape,381,115,307774,123.79213318863842,0.30183727034120733
2024-12-01,McHenry,Violent Crime,2329,898,307774,756.7240897541702,0.38557320738514383
2024-12-01,McHenry,Property Crime,5514,1292,307774,1791.5743370135228,0.2343126586869786
2024-12-01,McHenry,Burglary,1598,545,307774,519.2121491743942,0.34105131414267836
2024-12-01,McHenry,Larceny-Theft,3887,958,307774,1262.9396895124344,0.24646256753280166
2024-12-01,McHenry,Motor Vehicle Theft,1138,448,307774,369.751830888899,0.3936731107205624
2024-12-01,McHenry,Aggravated Assault,1924,612,307774,625.1340269158538,0.3180873180873181
2024-12-01,McHenry,Robbery,783,266,307774,254.4074548207451,0.3397190293742018
2024-12-01,McHenry,Rape,405,126,307774,131.59006283831644,0.3111111111111111
2020-01-01,Winnebago,Violent Crime,2009,741,285350,704.0476607674785,0.36884021901443503
2020-01-01,Winnebago,Property Crime,4774,1656,285350,1673.0331172244612,0.34687892752408883
2020-01-01,Winnebago,Burglary,1424,517,285350,499.03627124583846,0.363061797752809
2020-01-01,Winnebago,Larceny-Theft,3489,1247,285350,1222.7089539162432,0.3574089997133849
2020-01-01,Winnebago,Motor Vehicle Theft,1029,227,285350,360.6097774662695,0.2206025267249757
2020-01-01,Winnebago,Aggravated Assault,1729,607,285350,605.9225512528474,0.35106998264893
2020-01-01,Winnebago,Robbery,715,246,285350,250.56947608200457,0.34405594405594403
2020-01-01,Winnebago,Rape,327,120,285350,114.59611004030138,0.3669724770642202
2020-02-01,Winnebago,Violent Crime,2121,686,285350,743.297704573331,0.3234323432343234
2020-02-01,Winnebago,Property Crime,5126,1150,285350,1796.3903977571401,0.2243464689816621
2020-02-01,Winnebago,Burglary,1478,419,285350,517.9603995093745,0.28349120433017594
2020-02-01,Winnebago,Larceny-Theft,3756,813,285350,1316.278254774838,0.21645367412140576
2020-02-01,Winnebago,Motor Vehicle Theft,1099,425,285350,385.1410548449273,0.3867151956323931
2020-02-01,Winnebago,Aggravated Assault,1867,283,285350,654.2842123707727,0.15158007498660953
2020-02-01,Winnebago,Robbery,734,236,285350,257.22796565621167,0.3215258855585831
2020-02-01,Winnebago,Rape,356,80,285350,124.75906781145962,0.2247191011235955
2020-03-01,Winnebago,Violent Crime,2330,484,285350,816.5410898896092,0.20772532188841203
2020-03-01,Winnebago,Property Crime,5569,1543,285350,1951.6383388820748,0.277069491829772
2020-03-01,Winnebago,Burglary,1543,522,285350,540.7394427895566,0.33830200907323393
2020-03-01,Winnebago,Larceny-Theft,3882,651,285350,1360.4345540564218,0.16769706336939721
2020-03-01,Winnebago,Motor Vehicle Theft,1201,338,285350,420.8866304538286,0.28143213988343047
2020-03-01,Winnebago,Aggravated Assault,1988,571,285350,696.6882775538812,0.28722334004024147
2020-03-01,Winnebago,Robbery,801,310,285350,280.70790257578415,0.38701622971285893
2020-03-01,Winnebago,Rape,414,149,285350,145.08498335377607,0.35990338164251207
2020-04-01,Winnebago,Violent Crime,2553,908,285350,894.6907306816191,0.3556600078339209
2020-04-01,Winnebago,Property Crime,5902,1314,285350,2068.337129840547,0.22263639444256184
2020-04-01,Winnebago,Burglary,1683,557,285350,589.8019975468723,0.33095662507427215
2020-04-01,Winnebago,Larceny-Theft,4216,1386,285350,1477.483791834589,0.32874762808349145
2020-04-01,Winnebago,Motor Vehicle Theft,1243,260,285350,435.6053968810233,0.20917135961383748
2020-04-01,Winnebago,Aggravated Assault,2119,341,285350,742.5968109339408,0.1609249646059462
2020-04-01,Winnebago,Robbery,839,219,285350,294.02488172419834,0.26102502979737785
2020-04-01,Winnebago,Rape,435,85,285350,152.44436656737338,0.19540229885057472
2020-05-01,Winnebago,Violent Crime,2757,675,285350,966.1818818994217,0.24483133841131666
2020-05-01,Winnebago,Property Crime,6388,1503,285350,2238.654284212371,0.23528490920475892
2020-05-01,Winnebago,Burglary,1818,607,285350,637.1123182057123,0.3338833883388339
2020-05-01,Winnebago,Larceny-Theft,4486,1743,285350,1572.1044331522692,0.38854213107445384
2020-05-01,Winnebago,Motor Vehicle Theft,1413,392,285350,495.18135622919226,0.2774239207360226
2020-05-01,Winnebago,Aggravated Assault,2225,717,285350,779.7441738216226,0.32224719101123595
2020-05-01,Winnebago,Robbery,939,356,285350,329.0695636937095,0.37912673056443025
2020-05-01,Winnebago,Rape,478,84,285350,167.51357981426318,0.17573221757322174
2020-06-01,Winnebago,Violent Crime,2667,809,285350,934.6416681268618,0.3033370828646419
2020-06-01,Winnebago,Property Crime,6473,1980,285350,2268.4422638864553,0.3058859879499459
2020-06-01,Winnebago,Burglary,1762,485,285350,617.487296302786,0.27525539160045404
2020-06-01,Winnebago,Larceny-Theft,4401,857,285350,1542.3164534781847,0.19472847080209044
2020-06-01,Winnebago,Motor Vehicle Theft,1386,379,285350,485.7192920974242,0.27344877344877344
2020-06-01,Winnebago,Aggravated Assault,2274,463,285350,796.9160679866831,0.20360598065083554
2020-06-01,Winnebago,Robbery,915,264,285350,320.6588400210268,0.28852459016393445
2020-06-01,Winnebago,Rape,496,131,285350,173.82162256877518,0.26411290322580644
2020-07-01,Winnebago,Violent Crime,2609,579,285350,914.3157525845453,0.22192410885396704
2020-07-01,Winnebago,Property Crime,6195,1753,285350,2171.0180480112144,0.28297013720742537
2020-07-01,Winnebago,Burglary,1720,526,285350,602.7685298755914,0.3058139534883721
2020-07-01,Winnebago,Larceny-Theft,4422,1459,285350,1549.675836691782,0.32994120307553143
2020-07-01,Winnebago,Motor Vehicle Theft,1350,311,285350,473.1032065884002,0.23037037037037036
2020-07-01,Winnebago,Aggravated Assault,2259,718,285350,791.6593656912564,0.3178397521027003
2020-07-01,Winnebago,Robbery,844,314,285350,295.7771158226739,0.37203791469194314
2020-07-01,Winnebago,Rape,416,161,285350,145.78587699316628,0.3870192307692308
2020-08-01,Winnebago,Violent Crime,2474,595,285350,867.0054319257054,0.24050121261115603
2020-08-01,Winnebago,Property Crime,6068,1578,285350,2126.5113019099354,0.26005273566249176
2020-08-01,Winnebago,Burglary,1724,273,285350,604.1703171543718,0.1583526682134571
2020-08-01,Winnebago,Larceny-Theft,4288,1014,285350,1502.7159628526372,0.23647388059701493
2020-08-01,Winnebago,Motor Vehicle Theft,1265,295,285350,443.31522691431576,0.233201581027668
2020-08-01,Winnebago,Aggravated Assault,2068,327,285350,724.7240231294901,0.1581237911025145
2020-08-01,Winnebago,Robbery,852,152,285350,298.58069038023484,0.1784037558685446
2020-08-01,Winnebago,Rape,472,146,285350,165.4108988960925,0.3093220338983051
2020-09-01,Winnebago,Violent Crime,2404,424,285350,842.4741545470475,0.17637271214642264
2020-09-01,Winnebago,Property Crime,5563,1650,285350,1949.535657963904,0.29660255257954343
2020-09-01,Winnebago,Burglary,1633,526,285350,572.2796565621167,0.32210655235762403
2020-09-01,Winnebago,Larceny-Theft,3979,935,285350,1394.4278955668478,0.23498366423724554
2020-09-01,Winnebago,Motor Vehicle Theft,1204,329,285350,421.93797091291395,0.27325581395348836
2020-09-01,Winnebago,Aggravated Assault,2033,356,285350,712.4583844401612,0.1751106738809641
2020-09-01,Winnebago,Robbery,738,180,285350,258.6297529349921,0.24390243902439024
2020-09-01,Winnebago,Rape,388,130,285350,135.97336604170317,0.33505154639175255
2020-10-01,Winnebago,Violent Crime,2100,458,285350,735.9383213597337,0.2180952380952381
2020-10-01,Winnebago,Property Crime,5154,945,285350,1806.2029087086032,0.18335273573923166
2020-10-01,Winnebago,Burglary,1551,302,285350,543.5430173471176,0.1947130883301096
2020-10-01,Winnebago,Larceny-Theft,3659,1272,285350,1282.2849132644121,0.34763596611095926
2020-10-01,Winnebago,Motor Vehicle Theft,1103,369,285350,386.5428421237077,0.3345421577515866
2020-10-01,Winnebago,Aggravated Assault,1825,445,285350,639.5654459435781,0.24383561643835616
2020-10-01,Winnebago,Robbery,735,154,285350,257.5784124759068,0.20952380952380953
2020-10-01,Winnebago,Rape,362,124,285350,126.86174872963028,0.3425414364640884
2020-11-01,Winnebago,Violent Crime,2025,634,285350,709.6548098826004,0.31308641975308643
2020-11-01,Winnebago,Property Crime,4898,1339,285350,1716.4885228666549,0.27337688852592895
2020-11-01,Winnebago,Burglary,1348,438,285350,472.40231294901,0.3249258160237389
2020-11-01,Winnebago,Larceny-Theft,3411,600,285350,1195.3741019800245,0.1759014951627089
2020-11-01,Winnebago,Motor Vehicle Theft,1055,348,285350,369.72139477834236,0.3298578199052133
2020-11-01,Winnebago,Aggravated Assault,1687,283,285350,591.2037848256526,0.16775340841730882
2020-11-01,Winnebago,Robbery,683,168,285350,239.355177851761,0.24597364568081992
2020-11-01,Winnebago,Rape,336,123,285350,117.75013141755738,0.36607142857142855
2020-12-01,Winnebago,Violent Crime,1921,364,285350,673.2083406343088,0.18948464341488808
2020-12-01,Winnebago,Property Crime,4767,1507,285350,1670.5799894865952,0.31613173903922803
2020-12-01,Winnebago,Burglary,1327,509,285350,465.04292973541266,0.3835719668425019
2020-12-01,Winnebago,Larceny-Theft,3377,618,285350,1183.458910110391,0.18300266508735563
2020-12-01,Winnebago,Motor Vehicle Theft,1002,346,285350,351.1477133345015,0.34530938123752497
2020-12-01,Winnebago,Aggravated Assault,1692,338,285350,592.9560189241283,0.19976359338061467
2020-12-01,Winnebago,Robbery,659,139,285350,230.94445417907832,0.2109256449165402
2020-12-01,Winnebago,Rape,322,93,285350,112.84387594182584,0.2888198757763975
2021-01-01,Winnebago,Violent Crime,2171,673,285350,760.8200455580866,0.30999539382772917
2021-01-01,Winnebago,Property Crime,4910,1049,285350,1720.6938847029962,0.21364562118126273
2021-01-01,Winnebago,Burglary,1356,306,285350,475.2058875065709,0.22566371681415928
2021-01-01,Winnebago,Larceny-Theft,3500,716,285350,1226.5638689328896,0.20457142857142857
2021-01-01,Winnebago,Motor Vehicle Theft,1057,278,285350,370.4222884177326,0.2630085146641438
2021-01-01,Winnebago,Aggravated Assault,1753,333,285350,614.3332749255301,0.18996006845407873
2021-01-01,Winnebago,Robbery,684,264,285350,239.7056246714561,0.38596491228070173
2021-01-01,Winnebago,Rape,311,72,285350,108.98896092517961,0.2315112540192926
2021-02-01,Winnebago,Violent Crime,2206,503,285350,773.0856842474154,0.22801450589301903
2021-02-01,Winnebago,Property Crime,5219,1370,285350,1828.9819519887858,0.26250239509484574
2021-02-01,Winnebago,Burglary,1445,355,285350,506.3956544594358,0.24567474048442905
2021-02-01,Winnebago,Larceny-Theft,3664,1325,285350,1284.0371473628877,0.36162663755458513
2021-02-01,Winnebago,Motor Vehicle Theft,1095,227,285350,383.73926756614685,0.20730593607305936
2021-02-01,Winnebago,Aggravated Assault,1869,658,285350,654.9851060101629,0.352059925093633
2021-02-01,Winnebago,Robbery,759,249,285350,265.9891361485894,0.32806324110671936
2021-02-01,Winnebago,Rape,386,74,285350,135.27247240231296,0.19170984455958548
2021-03-01,Winnebago,Violent Crime,2363,465,285350,828.1058349395479,0.19678374947101143
2021-03-01,Winnebago,Property Crime,5654,1168,285350,1981.4263185561592,0.20657941280509373
2021-03-01,Winnebago,Burglary,1587,323,285350,556.1591028561415,0.203528670447385
2021-03-01,Winnebago,Larceny-Theft,3929,1295,285350,1376.9055545820922,0.32960040722830236
2021-03-01,Winnebago,Motor Vehicle Theft,1221,401,285350,427.89556684773083,0.3284193284193284
2021-03-01,Winnebago,Aggravated Assault,2018,790,285350,707.2016821447345,0.3914767096134787
2021-03-01,Winnebago,Robbery,824,161,285350,288.7681794287717,0.1953883495145631
2021-03-01,Winnebago,Rape,371,125,285350,130.0157701068863,0.33692722371967654
2021-04-01,Winnebago,Violent Crime,2558,860,285350,896.4429647800946,0.33620015637216577
2021-04-01,Winnebago,Property Crime,6002,927,285350,2103.3818118100576,0.15444851716094635
2021-04-01,Winnebago,Burglary,1685,256,285350,590.5028911862624,0.1519287833827893
2021-04-01,Winnebago,Larceny-Theft,4306,1386,285350,1509.024005607149,0.32187645146307475
2021-04-01,Winnebago,Motor Vehicle Theft,1314,208,285350,460.48712107937615,0.1582952815829528
2021-04-01,Winnebago,Aggravated Assault,2223,392,285350,779.0432801822324,0.1763382816014395
2021-04-01,Winnebago,Robbery,853,175,285350,298.93113719992994,0.205158264947245
2021-04-01,Winnebago,Rape,413,164,285350,144.73453653408095,0.39709443099273606
2021-05-01,Winnebago,Violent Crime,2643,1007,285350,926.230944454179,0.38100643208475216
2021-05-01,Winnebago,Property Crime,6214,2114,285350,2177.6765375854216,0.3401995494045703
2021-05-01,Winnebago,Burglary,1830,354,285350,641.3176800420536,0.19344262295081968
2021-05-01,Winnebago,Larceny-Theft,4474,1191,285350,1567.8990713159278,0.26620473848904785
2021-05-01,Winnebago,Motor Vehicle Theft,1336,322,285350,468.1969511126686,0.2410179640718563
2021-05-01,Winnebago,Aggravated Assault,2230,857,285350,781.4964079200981,0.384304932735426
2021-05-01,Winnebago,Robbery,901,155,285350,315.75258454529524,0.17203107658157601
2021-05-01,Winnebago,Rape,430,66,285350,150.69213246889785,0.15348837209302327
2021-06-01,Winnebago,Violent Crime,2702,415,285350,946.9073068161906,0.15358993338267948
2021-06-01,Winnebago,Property Crime,6339,1859,285350,2221.48239004731,0.2932639217542199
2021-06-01,Winnebago,Burglary,1904,483,285350,667.2507446994919,0.2536764705882353
2021-06-01,Winnebago,Larceny-Theft,4695,939,285350,1645.3478184685473,0.2
2021-06-01,Winnebago,Motor Vehicle Theft,1323,383,285350,463.6411424566322,0.2894935752078609
2021-06-01,Winnebago,Aggravated Assault,2328,713,285350,815.840196250219,0.30627147766323026
2021-06-01,Winnebago,Robbery,871,185,285350,305.2391799544419,0.21239954075774972
2021-06-01,Winnebago,Rape,469,124,285350,164.3595584370072,0.26439232409381663
2021-07-01,Winnebago,Violent Crime,2673,826,285350,936.7443490450324,0.30901608679386455
2021-07-01,Winnebago,Property Crime,6345,1266,285350,2223.585070965481,0.19952718676122932
2021-07-01,Winnebago,Burglary,1795,482,285350,629.0520413527247,0.26852367688022283
2021-07-01,Winnebago,Larceny-Theft,4496,1417,285350,1575.60890134922,0.3151690391459075
2021-07-01,Winnebago,Motor Vehicle Theft,1337,254,285350,468.54739793236376,0.18997756170531038
2021-07-01,Winnebago,Aggravated Assault,2207,778,285350,773.4361310671105,0.35251472587222477
2021-07-01,Winnebago,Robbery,879,157,285350,308.0427545120028,0.17861205915813425
2021-07-01,Winnebago,Rape,443,107,285350,155.2479411249343,0.24153498871331827
2021-08-01,Winnebago,Violent Crime,2575,802,285350,902.4005607149115,0.31145631067961166
2021-08-01,Winnebago,Property Crime,6240,1831,285350,2186.788154897494,0.2934294871794872
2021-08-01,Winnebago,Burglary,1760,298,285350,616.7864026633958,0.1693181818181818
2021-08-01,Winnebago,Larceny-Theft,4282,808,285350,1500.6132819344666,0.18869687062120505
2021-08-01,Winnebago,Motor Vehicle Theft,1323,507,285350,463.6411424566322,0.3832199546485261
2021-08-01,Winnebago,Aggravated Assault,2180,329,285350,763.9740669353425,0.15091743119266054
2021-08-01,Winnebago,Robbery,848,320,285350,297.17890310145435,0.37735849056603776
2021-08-01,Winnebago,Rape,405,113,285350,141.93096197652005,0.27901234567901234
2021-09-01,Winnebago,Violent Crime,2349,704,285350,823.1995794638163,0.2997020008514261
2021-09-01,Winnebago,Property Crime,5441,1322,285350,1906.7811459611003,0.24297004227164123
2021-09-01,Winnebago,Burglary,1615,412,285350,565.9716138076046,0.25510835913312696
2021-09-01,Winnebago,Larceny-Theft,3984,1530,285350,1396.1801296653232,0.38403614457831325
2021-09-01,Winnebago,Motor Vehicle Theft,1118,416,285350,391.7995444191344,0.37209302325581395
2021-09-01,Winnebago,Aggravated Assault,2029,454,285350,711.0565971613808,0.22375554460325284
2021-09-01,Winnebago,Robbery,813,286,285350,284.91326441212544,0.35178351783517836
2021-09-01,Winnebago,Rape,410,71,285350,143.6831960749956,0.17317073170731706
2021-10-01,Winnebago,Violent Crime,2235,799,285350,783.2486420185736,0.3574944071588367
2021-10-01,Winnebago,Property Crime,4962,1207,285350,1738.9171193271422,0.24324869004433697
2021-10-01,Winnebago,Burglary,1424,540,285350,499.03627124583846,0.3792134831460674
2021-10-01,Winnebago,Larceny-Theft,3656,548,285350,1281.2335728053267,0.14989059080962802
2021-10-01,Winnebago,Motor Vehicle Theft,1066,247,285350,373.5763097949886,0.23170731707317074
2021-10-01,Winnebago,Aggravated Assault,1906,574,285350,667.951638338882,0.3011542497376705
2021-10-01,Winnebago,Robbery,731,132,285350,256.1766251971263,0.18057455540355677
2021-10-01,Winnebago,Rape,350,90,285350,122.65638689328894,0.2571428571428571
2021-11-01,Winnebago,Violent Crime,2044,615,285350,716.3132994568075,0.300880626223092
2021-11-01,Winnebago,Property Crime,4862,840,285350,1703.872437357631,0.17276840806252572
2021-11-01,Winnebago,Burglary,1424,506,285350,499.03627124583846,0.3553370786516854
2021-11-01,Winnebago,Larceny-Theft,3369,507,285350,1180.65533555283,0.15048975957257346
2021-11-01,Winnebago,Motor Vehicle Theft,1018,273,285350,356.75486244962326,0.2681728880157171
2021-11-01,Winnebago,Aggravated Assault,1750,590,285350,613.2819344664448,0.33714285714285713
2021-11-01,Winnebago,Robbery,744,113,285350,260.7324338531628,0.15188172043010753
2021-11-01,Winnebago,Rape,354,75,285350,124.05817417206939,0.211864406779661
2021-12-01,Winnebago,Violent Crime,2004,556,285350,702.295426669003,0.2774451097804391
2021-12-01,Winnebago,Property Crime,4716,1500,285350,1652.7072016821448,0.31806615776081426
2021-12-01,Winnebago,Burglary,1339,256,285350,469.24829157175395,0.19118745332337567
2021-12-01,Winnebago,Larceny-Theft,3351,1136,285350,1174.3472927983178,0.3390032826022083
2021-12-01,Winnebago,Motor Vehicle Theft,1029,305,285350,360.6097774662695,0.29640427599611274
2021-12-01,Winnebago,Aggravated Assault,1697,487,285350,594.7082530226038,0.2869770182675309
2021-12-01,Winnebago,Robbery,675,221,285350,236.5516032942001,0.3274074074074074
2021-12-01,Winnebago,Rape,311,57,285350,108.98896092517961,0.1832797427652733
2022-01-01,Winnebago,Violent Crime,2187,570,285350,766.4271946732084,0.2606310013717421
2022-01-01,Winnebago,Property Crime,4769,1705,285350,1671.2808831259856,0.357517299224156
2022-01-01,Winnebago,Burglary,1467,349,285350,514.1054844927282,0.23790047716428084
2022-01-01,Winnebago,Larceny-Theft,3474,1311,285350,1217.4522516208165,0.37737478411053543
2022-01-01,Winnebago,Motor Vehicle Theft,1079,249,285350,378.13211845102506,0.23076923076923078
2022-01-01,Winnebago,Aggravated Assault,1703,602,285350,596.8109339407745,0.3534938344098649
2022-01-01,Winnebago,Robbery,688,184,285350,241.10741195023655,0.26744186046511625
2022-01-01,Winnebago,Rape,365,133,285350,127.91308918871562,0.3643835616438356
2022-02-01,Winnebago,Violent Crime,2275,567,285350,797.2665148063782,0.24923076923076923
2022-02-01,Winnebago,Property Crime,5081,1185,285350,1780.6202908708606,0.23322180673095846
2022-02-01,Winnebago,Burglary,1429,384,285350,500.788505344314,0.26871938418474456
2022-02-01,Winnebago,Larceny-Theft,3752,1166,285350,1314.8764674960576,0.31076759061833686
2022-02-01,Winnebago,Motor Vehicle Theft,1129,419,285350,395.6544594357806,0.37112488928255094
2022-02-01,Winnebago,Aggravated Assault,1867,435,285350,654.2842123707727,0.2329941081949652
2022-02-01,Winnebago,Robbery,735,111,285350,257.5784124759068,0.1510204081632653
2022-02-01,Winnebago,Rape,352,75,285350,123.35728053267917,0.21306818181818182
2022-03-01,Winnebago,Violent Crime,2332,879,285350,817.2419835289995,0.3769296740994854
2022-03-01,Winnebago,Property Crime,5474,2042,285350,1918.345891011039,0.3730361709901352
2022-03-01,Winnebago,Burglary,1607,243,285350,563.1680392500439,0.15121344119477287
2022-03-01,Winnebago,Larceny-Theft,4066,960,285350,1424.9167688803225,0.23610427939006395
2022-03-01,Winnebago,Motor Vehicle Theft,1242,361,285350,435.25495006132815,0.29066022544283415
2022-03-01,Winnebago,Aggravated Assault,1919,355,285350,672.5074469949186,0.1849921834288692
2022-03-01,Winnebago,Robbery,770,262,285350,269.84405116523567,0.34025974025974026
2022-03-01,Winnebago,Rape,404,60,285350,141.58051515682496,0.1485148514851485
2022-04-01,Winnebago,Violent Crime,2613,982,285350,915.7175398633257,0.37581324148488326
2022-04-01,Winnebago,Property Crime,5959,1604,285350,2088.3125985631677,0.2691726799798624
2022-04-01,Winnebago,Burglary,1702,479,285350,596.4604871210794,0.28143360752056407
2022-04-01,Winnebago,Larceny-Theft,4235,675,285350,1484.1422814087962,0.15938606847697756
2022-04-01,Winnebago,Motor Vehicle Theft,1290,241,285350,452.07639740669356,0.1868217054263566
2022-04-01,Winnebago,Aggravated Assault,2156,728,285350,755.5633432626598,0.33766233766233766
2022-04-01,Winnebago,Robbery,854,328,285350,299.28158401962503,0.3840749414519906
2022-04-01,Winnebago,Rape,447,100,285350,156.64972840371473,0.22371364653243847
2022-05-01,Winnebago,Violent Crime,2644,434,285350,926.5813912738741,0.16414523449319213
2022-05-01,Winnebago,Property Crime,6297,1726,285350,2206.7636236201156,0.2740987771954899
2022-05-01,Winnebago,Burglary,1823,618,285350,638.8645523041878,0.3390016456390565
2022-05-01,Winnebago,Larceny-Theft,4432,843,285350,1553.1803048887332,0.19020758122743683
2022-05-01,Winnebago,Motor Vehicle Theft,1333,475,285350,467.14561065358333,0.3563390847711928
2022-05-01,Winnebago,Aggravated Assault,2228,735,285350,780.7955142807078,0.32989228007181326
2022-05-01,Winnebago,Robbery,874,343,285350,306.29052041352725,0.39244851258581237
2022-05-01,Winnebago,Rape,439,90,285350,153.84615384615384,0.20501138952164008
2022-06-01,Winnebago,Violent Crime,2703,621,285350,947.2577536358858,0.2297447280799112
2022-06-01,Winnebago,Property Crime,6309,1002,285350,2210.968985456457,0.15882073228720875
2022-06-01,Winnebago,Burglary,1853,321,285350,649.3779568950412,0.17323259579060982
2022-06-01,Winnebago,Larceny-Theft,4496,1362,285350,1575.60890134922,0.3029359430604982
2022-06-01,Winnebago,Motor Vehicle Theft,1312,203,285350,459.78622743998596,0.15472560975609756
2022-06-01,Winnebago,Aggravated Assault,2248,741,285350,787.80445067461,0.32962633451957296
2022-06-01,Winnebago,Robbery,859,234,285350,301.0338181181006,0.2724097788125728
2022-06-01,Winnebago,Rape,482,154,285350,168.91536709304364,0.31950207468879666
2022-07-01,Winnebago,Violent Crime,2712,433,285350,950.4117750131418,0.1596607669616519
2022-07-01,Winnebago,Property Crime,6318,1821,285350,2214.1230068337127,0.2882241215574549
2022-07-01,Winnebago,Burglary,1871,572,285350,655.6859996495532,0.30571886691608763
2022-07-01,Winnebago,Larceny-Theft,4547,1272,285350,1593.481689153671,0.2797448867385089
2022-07-01,Winnebago,Motor Vehicle Theft,1392,518,285350,487.8219730155949,0.37212643678160917
2022-07-01,Winnebago,Aggravated Assault,2207,360,285350,773.4361310671105,0.16311735387403714
2022-07-01,Winnebago,Robbery,926,191,285350,324.51375503767304,0.20626349892008639
2022-07-01,Winnebago,Rape,431,154,285350,151.04257928859295,0.35730858468677495
2022-08-01,Winnebago,Violent Crime,2570,690,285350,900.6483266164358,0.26848249027237353
2022-08-01,Winnebago,Property Crime,5955,1080,285350,2086.910811284388,0.181360201511335
2022-08-01,Winnebago,Burglary,1699,466,285350,595.4091466619941,0.2742789876397881
2022-08-01,Winnebago,Larceny-Theft,4263,788,285350,1493.9547923602593,0.18484635233403707
2022-08-01,Winnebago,Motor Vehicle Theft,1282,251,285350,449.27282284913264,0.19578783151326054
2022-08-01,Winnebago,Aggravated Assault,2045,525,285350,716.6637462765025,0.2567237163814181
2022-08-01,Winnebago,Robbery,865,276,285350,303.13649903627123,0.3190751445086705
2022-08-01,Winnebago,Rape,425,103,285350,148.9398983704223,0.24235294117647058
2022-09-01,Winnebago,Violent Crime,2403,870,285350,842.1237077273524,0.3620474406991261
2022-09-01,Winnebago,Property Crime,5661,1041,285350,1983.8794462940248,0.18388977212506624
2022-09-01,Winnebago,Burglary,1604,248,285350,562.1166987909585,0.1546134663341646
2022-09-01,Winnebago,Larceny-Theft,4062,1552,285350,1423.5149816015419,0.38207779419005417
2022-09-01,Winnebago,Motor Vehicle Theft,1214,243,285350,425.44243910986506,0.200164744645799
2022-09-01,Winnebago,Aggravated Assault,1950,376,285350,683.371298405467,0.19282051282051282
2022-09-01,Winnebago,Robbery,778,147,285350,272.6476257227966,0.18894601542416453
2022-09-01,Winnebago,Rape,379,72,285350,132.81934466444716,0.18997361477572558
2022-10-01,Winnebago,Violent Crime,2140,805,285350,749.9561941475381,0.37616822429906543
2022-10-01,Winnebago,Property Crime,5208,1191,285350,1825.1270369721396,0.22868663594470046
2022-10-01,Winnebago,Burglary,1474,471,285350,516.558612230594,0.31953867028493893
2022-10-01,Winnebago,Larceny-Theft,3631,1039,285350,1272.472402312949,0.2861470669237125
2022-10-01,Winnebago,Motor Vehicle Theft,1123,222,285350,393.55177851761,0.19768477292965272
2022-10-01,Winnebago,Aggravated Assault,1806,420,285350,632.906956369371,0.23255813953488372
2022-10-01,Winnebago,Robbery,769,269,285350,269.4936043455406,0.34980494148244473
2022-10-01,Winnebago,Rape,372,86,285350,130.3662169265814,0.23118279569892472
2022-11-01,Winnebago,Violent Crime,2124,608,285350,744.3490450324163,0.2862523540489642
2022-11-01,Winnebago,Property Crime,4777,1096,285350,1674.0844576835466,0.22943269834624241
2022-11-01,Winnebago,Burglary,1341,531,285350,469.9491852111442,0.3959731543624161
2022-11-01,Winnebago,Larceny-Theft,3412,855,285350,1195.7245487997197,0.25058616647127785
2022-11-01,Winnebago,Motor Vehicle Theft,1099,326,285350,385.1410548449273,0.2966333030027298
2022-11-01,Winnebago,Aggravated Assault,1728,295,285350,605.5721044331523,0.1707175925925926
2022-11-01,Winnebago,Robbery,705,223,285350,247.06500788505346,0.31631205673758866
2022-11-01,Winnebago,Rape,384,61,285350,134.5715787629227,0.15885416666666666
2022-12-01,Winnebago,Violent Crime,2022,460,285350,708.603469423515,0.2274975272007913
2022-12-01,Winnebago,Property Crime,4718,1217,285350,1653.408095321535,0.2579482831708351
2022-12-01,Winnebago,Burglary,1415,432,285350,495.88224986858245,0.3053003533568905
2022-12-01,Winnebago,Larceny-Theft,3440,886,285350,1205.5370597511828,0.2575581395348837
2022-12-01,Winnebago,Motor Vehicle Theft,1005,383,285350,352.1990537935868,0.38109452736318405
2022-12-01,Winnebago,Aggravated Assault,1733,306,285350,607.3243385316277,0.1765724177726486
2022-12-01,Winnebago,Robbery,670,204,285350,234.79936919572455,0.3044776119402985
2022-12-01,Winnebago,Rape,315,47,285350,110.39074820396004,0.1492063492063492
2023-01-01,Winnebago,Violent Crime,2049,555,285350,718.065533555283,0.2708638360175695
2023-01-01,Winnebago,Property Crime,4811,1738,285350,1685.9996495531802,0.36125545624610267
2023-01-01,Winnebago,Burglary,1443,262,285350,505.69476082004553,0.18156618156618157
2023-01-01,Winnebago,Larceny-Theft,3496,730,285350,1225.162081654109,0.20881006864988558
2023-01-01,Winnebago,Motor Vehicle Theft,1088,428,285350,381.2861398282811,0.39338235294117646
2023-01-01,Winnebago,Aggravated Assault,1638,463,285350,574.0318906605922,0.28266178266178266
2023-01-01,Winnebago,Robbery,690,225,285350,241.80830558962677,0.32608695652173914
2023-01-01,Winnebago,Rape,327,69,285350,114.59611004030138,0.21100917431192662
2023-02-01,Winnebago,Violent Crime,2319,463,285350,812.686174872963,0.19965502371711943
2023-02-01,Winnebago,Property Crime,5088,1059,285350,1783.0734186087261,0.20813679245283018
2023-02-01,Winnebago,Burglary,1469,481,285350,514.8063781321184,0.3274336283185841
2023-02-01,Winnebago,Larceny-Theft,3688,1193,285350,1292.4478710355702,0.32348156182212584
2023-02-01,Winnebago,Motor Vehicle Theft,1066,226,285350,373.5763097949886,0.21200750469043153
2023-02-01,Winnebago,Aggravated Assault,1827,666,285350,640.2663395829683,0.3645320197044335
2023-02-01,Winnebago,Robbery,699,129,285350,244.96232696688278,0.18454935622317598
2023-02-01,Winnebago,Rape,379,98,285350,132.81934466444716,0.25857519788918204
2023-03-01,Winnebago,Violent Crime,2382,667,285350,834.7643245137551,0.28001679261125106
2023-03-01,Winnebago,Property Crime,5559,1791,285350,1948.1338706851234,0.32218024824608743
2023-03-01,Winnebago,Burglary,1531,396,285350,536.5340809532154,0.25865447419986937
2023-03-01,Winnebago,Larceny-Theft,3858,942,285350,1352.0238303837393,0.24416796267496113
2023-03-01,Winnebago,Motor Vehicle Theft,1139,421,285350,399.1589276327317,0.36962247585601404
2023-03-01,Winnebago,Aggravated Assault,2049,751,285350,718.065533555283,0.3665202537823328
2023-03-01,Winnebago,Robbery,824,247,285350,288.7681794287717,0.29975728155339804
2023-03-01,Winnebago,Rape,403,151,285350,141.23006833712984,0.3746898263027295
2023-04-01,Winnebago,Violent Crime,2563,1023,285350,898.1951988785701,0.39914163090128757
2023-04-01,Winnebago,Property Crime,5977,1663,285350,2094.62064131768,0.2782332273715911
2023-04-01,Winnebago,Burglary,1750,607,285350,613.2819344664448,0.34685714285714286
2023-04-01,Winnebago,Larceny-Theft,4311,1575,285350,1510.7762397056247,0.3653444676409186
2023-04-01,Winnebago,Motor Vehicle Theft,1333,243,285350,467.14561065358333,0.18229557389347337
2023-04-01,Winnebago,Aggravated Assault,2203,628,285350,772.0343437883301,0.2850658193372674
2023-04-01,Winnebago,Robbery,867,141,285350,303.8373926756615,0.16262975778546712
2023-04-01,Winnebago,Rape,442,137,285350,154.89749430523918,0.30995475113122173
2023-05-01,Winnebago,Violent Crime,2694,519,285350,944.1037322586297,0.19265033407572382
2023-05-01,Winnebago,Property Crime,6232,1239,285350,2183.9845803399335,0.19881258023106546
2023-05-01,Winnebago,Burglary,1766,534,285350,618.8890835815665,0.3023782559456399
2023-05-01,Winnebago,Larceny-Theft,4411,1527,285350,1545.8209216751359,0.34618000453411923
2023-05-01,Winnebago,Motor Vehicle Theft,1317,506,285350,461.5384615384616,0.384206529992407
2023-05-01,Winnebago,Aggravated Assault,2295,391,285350,804.2754512002804,0.17037037037037037
2023-05-01,Winnebago,Robbery,891,175,285350,312.2481163483441,0.19640852974186307
2023-05-01,Winnebago,Rape,446,103,285350,156.2992815840196,0.23094170403587444
2023-06-01,Winnebago,Violent Crime,2787,643,285350,976.6952864902751,0.23071402942231792
2023-06-01,Winnebago,Property Crime,6486,2331,285350,2272.9980725424916,0.3593894542090657
2023-06-01,Winnebago,Burglary,1777,551,285350,622.7439985982127,0.3100731570061902
2023-06-01,Winnebago,Larceny-Theft,4563,1098,285350,1599.0888382687929,0.2406311637080868
2023-06-01,Winnebago,Motor Vehicle Theft,1347,355,285350,472.0518661293149,0.2635486265775798
2023-06-01,Winnebago,Aggravated Assault,2263,769,285350,793.0611529700368,0.3398144056562086
2023-06-01,Winnebago,Robbery,892,221,285350,312.5985631680392,0.24775784753363228
2023-06-01,Winnebago,Rape,468,186,285350,164.00911161731207,0.3974358974358974
2023-07-01,Winnebago,Violent Crime,2751,972,285350,964.0792009812511,0.3533260632497274
2023-07-01,Winnebago,Property Crime,6275,1522,285350,2199.0537935868233,0.24254980079681274
2023-07-01,Winnebago,Burglary,1796,706,285350,629.4024881724198,0.3930957683741648
2023-07-01,Winnebago,Larceny-Theft,4598,1113,285350,1611.3544769581215,0.24206176598521095
2023-07-01,Winnebago,Motor Vehicle Theft,1339,468,285350,469.24829157175395,0.34951456310679613
2023-07-01,Winnebago,Aggravated Assault,2248,816,285350,787.80445067461,0.36298932384341637
2023-07-01,Winnebago,Robbery,927,304,285350,324.8642018573682,0.32793959007551243
2023-07-01,Winnebago,Rape,445,72,285350,155.94883476432452,0.16179775280898875
2023-08-01,Winnebago,Violent Crime,2561,545,285350,897.49430523918,0.21280749707145646
2023-08-01,Winnebago,Property Crime,6023,1272,285350,2110.741195023655,0.21119043665947201
2023-08-01,Winnebago,Burglary,1723,364,285350,603.8198703346767,0.21125943122460825
2023-08-01,Winnebago,Larceny-Theft,4189,802,285350,1468.0217277028212,0.1914538075913106
2023-08-01,Winnebago,Motor Vehicle Theft,1284,288,285350,449.9737164885229,0.22429906542056074
2023-08-01,Winnebago,Aggravated Assault,2004,313,285350,702.295426669003,0.156187624750499
2023-08-01,Winnebago,Robbery,875,305,285350,306.6409672332224,0.3485714285714286
2023-08-01,Winnebago,Rape,423,117,285350,148.23900473103208,0.2765957446808511
2023-09-01,Winnebago,Violent Crime,2415,435,285350,846.3290695636937,0.18012422360248448
2023-09-01,Winnebago,Property Crime,5573,1452,285350,1953.040126160855,0.26054189843890185
2023-09-01,Winnebago,Burglary,1606,489,285350,562.8175924303487,0.3044831880448319
2023-09-01,Winnebago,Larceny-Theft,3980,1299,285350,1394.7783423865428,0.3263819095477387
2023-09-01,Winnebago,Motor Vehicle Theft,1195,440,285350,418.783949535658,0.3682008368200837
2023-09-01,Winnebago,Aggravated Assault,1978,674,285350,693.18380935693,0.34074823053589487
2023-09-01,Winnebago,Robbery,801,298,285350,280.70790257578415,0.37203495630461925
2023-09-01,Winnebago,Rape,354,90,285350,124.05817417206939,0.2542372881355932
2023-10-01,Winnebago,Violent Crime,2182,634,285350,764.6749605747327,0.29055912007332724
2023-10-01,Winnebago,Property Crime,5140,1558,285350,1801.2966532328717,0.30311284046692605
2023-10-01,Winnebago,Burglary,1497,563,285350,524.6188890835815,0.3760855043420174
2023-10-01,Winnebago,Larceny-Theft,3659,1340,285350,1282.2849132644121,0.3662202787646898
2023-10-01,Winnebago,Motor Vehicle Theft,1082,280,285350,379.1834589101104,0.2587800369685767
2023-10-01,Winnebago,Aggravated Assault,1825,539,285350,639.5654459435781,0.29534246575342465
2023-10-01,Winnebago,Robbery,756,133,285350,264.9377956895041,0.17592592592592593
2023-10-01,Winnebago,Rape,391,153,285350,137.0247065007885,0.391304347826087
2023-11-01,Winnebago,Violent Crime,2001,323,285350,701.2440862099177,0.16141929035482258
2023-11-01,Winnebago,Property Crime,4882,1262,285350,1710.8813737515331,0.2585006145022532
2023-11-01,Winnebago,Burglary,1451,446,285350,508.49833537760645,0.3073742246726396
2023-11-01,Winnebago,Larceny-Theft,3525,840,285350,1235.3250394252673,0.23829787234042554
2023-11-01,Winnebago,Motor Vehicle Theft,1088,428,285350,381.2861398282811,0.39338235294117646
2023-11-01,Winnebago,Aggravated Assault,1792,637,285350,628.0007008936394,0.35546875
2023-11-01,Winnebago,Robbery,689,194,285350,241.45785876993165,0.28156748911465895
2023-11-01,Winnebago,Rape,336,125,285350,117.75013141755738,0.37202380952380953
2023-12-01,Winnebago,Violent Crime,2069,712,285350,725.0744699491852,0.3441275978733688
2023-12-01,Winnebago,Property Crime,4752,1014,285350,1665.323287191169,0.21338383838383837
2023-12-01,Winnebago,Burglary,1396,400,285350,489.22376029437527,0.28653295128939826
2023-12-01,Winnebago,Larceny-Theft,3395,911,285350,1189.7669528649028,0.2683357879234168
2023-12-01,Winnebago,Motor Vehicle Theft,982,309,285350,344.13877694059926,0.31466395112016293
2023-12-01,Winnebago,Aggravated Assault,1755,354,285350,615.0341685649203,0.20170940170940171
2023-12-01,Winnebago,Robbery,687,231,285350,240.75696513054146,0.33624454148471616
2023-12-01,Winnebago,Rape,361,122,285350,126.51130190993517,0.3379501385041551
2024-01-01,Winnebago,Violent Crime,2018,499,285350,707.2016821447345,0.24727452923686818
2024-01-01,Winnebago,Property Crime,4841,1784,285350,1696.5130541440335,0.3685189010535013
2024-01-01,Winnebago,Burglary,1335,319,285350,467.8465042929735,0.2389513108614232
2024-01-01,Winnebago,Larceny-Theft,3420,1284,285350,1198.5281233572805,0.37543859649122807
2024-01-01,Winnebago,Motor Vehicle Theft,1073,216,285350,376.0294375328544,0.20130475302889095
2024-01-01,Winnebago,Aggravated Assault,1731,580,285350,606.6234448922376,0.3350664355863663
2024-01-01,Winnebago,Robbery,668,160,285350,234.0984755563343,0.23952095808383234
2024-01-01,Winnebago,Rape,393,133,285350,137.72560014017873,0.3384223918575064
2024-02-01,Winnebago,Violent Crime,2241,656,285350,785.3513229367443,0.2927264614011602
2024-02-01,Winnebago,Property Crime,5250,2027,285350,1839.8458033993343,0.3860952380952381
2024-02-01,Winnebago,Burglary,1436,535,285350,503.24163308217976,0.3725626740947075
2024-02-01,Winnebago,Larceny-Theft,3707,1322,285350,1299.1063606097775,0.3566226058807661
2024-02-01,Winnebago,Motor Vehicle Theft,1141,280,285350,399.85982127212196,0.24539877300613497
2024-02-01,Winnebago,Aggravated Assault,1920,546,285350,672.8578938146136,0.284375
2024-02-01,Winnebago,Robbery,731,195,285350,256.1766251971263,0.2667578659370725
2024-02-01,Winnebago,Rape,364,67,285350,127.56264236902051,0.18406593406593408
2024-03-01,Winnebago,Violent Crime,2413,910,285350,845.6281759243034,0.37712391214256114
2024-03-01,Winnebago,Property Crime,5495,1073,285350,1925.7052742246365,0.19526842584167425
2024-03-01,Winnebago,Burglary,1642,323,285350,575.4336779393727,0.1967113276492083
2024-03-01,Winnebago,Larceny-Theft,3932,1527,285350,1377.9568950411774,0.38835198372329605
2024-03-01,Winnebago,Motor Vehicle Theft,1165,302,285350,408.2705449448046,0.2592274678111588
2024-03-01,Winnebago,Aggravated Assault,1960,328,285350,686.875766602418,0.1673469387755102
2024-03-01,Winnebago,Robbery,821,272,285350,287.71683896968636,0.3313032886723508
2024-03-01,Winnebago,Rape,378,133,285350,132.46889784475206,0.35185185185185186
2024-04-01,Winnebago,Violent Crime,2597,509,285350,910.110390748204,0.195995379283789
2024-04-01,Winnebago,Property Crime,5966,2359,285350,2090.7657263010337,0.395407308079115
2024-04-01,Winnebago,Burglary,1644,504,285350,576.1345715787629,0.30656934306569344
2024-04-01,Winnebago,Larceny-Theft,4278,765,285350,1499.211494655686,0.1788218793828892
2024-04-01,Winnebago,Motor Vehicle Theft,1287,495,285350,451.0250569476082,0.38461538461538464
2024-04-01,Winnebago,Aggravated Assault,2010,399,285350,704.3981075871736,0.19850746268656716
2024-04-01,Winnebago,Robbery,869,240,285350,304.53828631505166,0.2761795166858458
2024-04-01,Winnebago,Rape,456,113,285350,159.80374978097075,0.24780701754385964
2024-05-01,Winnebago,Violent Crime,2674,519,285350,937.0947958647275,0.19409124906507105
2024-05-01,Winnebago,Property Crime,6315,2292,285350,2213.0716663746275,0.36294536817102135
2024-05-01,Winnebago,Burglary,1829,440,285350,640.9672332223586,0.2405686167304538
2024-05-01,Winnebago,Larceny-Theft,4428,1202,285350,1551.7785176099526,0.27145438121047877
2024-05-01,Winnebago,Motor Vehicle Theft,1315,251,285350,460.8375678990713,0.1908745247148289
2024-05-01,Winnebago,Aggravated Assault,2285,643,285350,800.7709830033292,0.2814004376367615
2024-05-01,Winnebago,Robbery,894,330,285350,313.29945680742946,0.3691275167785235
2024-05-01,Winnebago,Rape,476,73,285350,166.81268617487297,0.15336134453781514
2024-06-01,Winnebago,Violent Crime,2730,790,285350,956.7198177676537,0.2893772893772894
2024-06-01,Winnebago,Property Crime,6431,2004,285350,2253.72349745926,0.31161561187995646
2024-06-01,Winnebago,Burglary,1784,418,285350,625.1971263360784,0.23430493273542602
2024-06-01,Winnebago,Larceny-Theft,4611,1161,285350,1615.9102856141578,0.2517891997397528
2024-06-01,Winnebago,Motor Vehicle Theft,1393,485,285350,488.17241983529,0.34816941852117733
2024-06-01,Winnebago,Aggravated Assault,2302,548,285350,806.7285789381461,0.2380538662033015
2024-06-01,Winnebago,Robbery,912,244,285350,319.6074995619415,0.2675438596491228
2024-06-01,Winnebago,Rape,469,94,285350,164.3595584370072,0.20042643923240938
2024-07-01,Winnebago,Violent Crime,2647,596,285350,927.6327317329595,0.22516055912353608
2024-07-01,Winnebago,Property Crime,6344,1272,285350,2223.234624145786,0.2005044136191677
2024-07-01,Winnebago,Burglary,1904,722,285350,667.2507446994919,0.3792016806722689
2024-07-01,Winnebago,Larceny-Theft,4530,775,285350,1587.524093218854,0.17108167770419427
2024-07-01,Winnebago,Motor Vehicle Theft,1315,432,285350,460.8375678990713,0.3285171102661597
2024-07-01,Winnebago,Aggravated Assault,2223,521,285350,779.0432801822324,0.23436797121007646
2024-07-01,Winnebago,Robbery,929,179,285350,325.5650954967584,0.19268030139935413
2024-07-01,Winnebago,Rape,439,104,285350,153.84615384615384,0.23690205011389523
2024-08-01,Winnebago,Violent Crime,2603,619,285350,912.2130716663746,0.2378025355359201
2024-08-01,Winnebago,Property Crime,6065,2338,285350,2125.4599614508497,0.38549051937345424
2024-08-01,Winnebago,Burglary,1682,578,285350,589.4515507271772,0.3436385255648038
2024-08-01,Winnebago,Larceny-Theft,4288,1455,285350,1502.7159628526372,0.33931902985074625
2024-08-01,Winnebago,Motor Vehicle Theft,1232,402,285350,431.75048186437704,0.3262987012987013
2024-08-01,Winnebago,Aggravated Assault,2145,697,285350,751.7084282460137,0.32494172494172496
2024-08-01,Winnebago,Robbery,826,225,285350,289.4690730681619,0.27239709443099275
2024-08-01,Winnebago,Rape,400,110,285350,140.17872787804453,0.275
2024-09-01,Winnebago,Violent Crime,2442,506,285350,855.7911336954617,0.2072072072072072
2024-09-01,Winnebago,Property Crime,5461,1167,285350,1913.7900823550026,0.21369712506866875
2024-09-01,Winnebago,Burglary,1590,467,285350,557.2104433152269,0.29371069182389936
2024-09-01,Winnebago,Larceny-Theft,4063,1092,285350,1423.865428421237,0.26876692099433913
2024-09-01,Winnebago,Motor Vehicle Theft,1233,452,285350,432.1009286840722,0.36658556366585565
2024-09-01,Winnebago,Aggravated Assault,1959,712,285350,686.5253197827229,0.36345074017355794
2024-09-01,Winnebago,Robbery,802,308,285350,281.05834939547924,0.38403990024937656
2024-09-01,Winnebago,Rape,354,86,285350,124.05817417206939,0.24293785310734464
2024-10-01,Winnebago,Violent Crime,2222,489,285350,778.6928333625373,0.22007200720072007
2024-10-01,Winnebago,Property Crime,5156,946,285350,1806.9038023479936,0.1834755624515128
2024-10-01,Winnebago,Burglary,1509,584,285350,528.8242509199229,0.38701126573889993
2024-10-01,Winnebago,Larceny-Theft,3646,1008,285350,1277.7291046083756,0.2764673614920461
2024-10-01,Winnebago,Motor Vehicle Theft,1105,183,285350,387.24373576309796,0.16561085972850678
2024-10-01,Winnebago,Aggravated Assault,1852,407,285350,649.0275100753461,0.21976241900647947
2024-10-01,Winnebago,Robbery,779,204,285350,272.9980725424917,0.26187419768934533
2024-10-01,Winnebago,Rape,370,141,285350,129.66532328719117,0.3810810810810811
2024-11-01,Winnebago,Violent Crime,2057,507,285350,720.8691081128438,0.24647544968400584
2024-11-01,Winnebago,Property Crime,4859,1572,285350,1702.8210968985456,0.32352335871578514
2024-11-01,Winnebago,Burglary,1303,462,285350,456.63220606272995,0.3545663852647736
2024-11-01,Winnebago,Larceny-Theft,3355,580,285350,1175.7490800770984,0.17287630402384502
2024-11-01,Winnebago,Motor Vehicle Theft,1073,325,285350,376.0294375328544,0.30288909599254427
2024-11-01,Winnebago,Aggravated Assault,1680,342,285350,588.7506570877869,0.20357142857142857
2024-11-01,Winnebago,Robbery,657,183,285350,230.24356053968808,0.2785388127853881
2024-11-01,Winnebago,Rape,350,109,285350,122.65638689328894,0.31142857142857144
2024-12-01,Winnebago,Violent Crime,2040,547,285350,714.911512178027,0.2681372549019608
2024-12-01,Winnebago,Property Crime,4711,977,285350,1650.954967583669,0.20738696667374232
2024-12-01,Winnebago,Burglary,1316,480,285350,461.18801471876645,0.364741641337386
2024-12-01,Winnebago,Larceny-Theft,3274,896,285350,1147.3628876817943,0.27367135003054366
2024-12-01,Winnebago,Motor Vehicle Theft,1023,336,285350,358.50709654809884,0.3284457478005865
2024-12-01,Winnebago,Aggravated Assault,1699,265,285350,595.4091466619941,0.1559741024131842
2024-12-01,Winnebago,Robbery,695,249,285350,243.56053968810232,0.35827338129496406
2024-12-01,Winnebago,Rape,333,122,285350,116.69879095847205,0.3663663663663664
2020-01-01,Madison,Violent Crime,1924,661,265859,723.6918817869623,0.34355509355509356
2020-01-01,Madison,Property Crime,4514,1697,265859,1697.8924918847963,0.37594151528577757
2020-01-01,Madison,Burglary,1259,195,265859,473.5592927077887,0.15488482922954727
2020-01-01,Madison,Larceny-Theft,3253,740,265859,1223.5809207136115,0.22748232400860743
2020-01-01,Madison,Motor Vehicle Theft,953,304,265859,358.4606878081991,0.31899265477439664
2020-01-01,Madison,Aggravated Assault,1573,323,265859,591.6670114609624,0.2053401144310235
2020-01-01,Madison,Robbery,603,219,265859,226.81195671389725,0.36318407960199006
2020-01-01,Madison,Rape,318,91,265859,119.6122756799657,0.2861635220125786
2020-02-01,Madison,Violent Crime,2117,594,265859,796.2867535046772,0.2805857345299953
2020-02-01,Madison,Property Crime,4809,1793,265859,1808.8535652357077,0.37284258681638593
2020-02-01,Madison,Burglary,1334,392,265859,501.76973508513913,0.2938530734632684
2020-02-01,Madison,Larceny-Theft,3464,857,265859,1302.9462986018905,0.24740184757505773
2020-02-01,Madison,Motor Vehicle Theft,1101,349,265859,414.12929409950385,0.3169845594913715
2020-02-01,Madison,Aggravated Assault,1749,672,265859,657.8675162398113,0.38421955403087477
2020-02-01,Madison,Robbery,706,206,265859,265.55429757879176,0.29178470254957506
2020-02-01,Madison,Rape,354,130,265859,133.15328802109389,0.3672316384180791
2020-03-01,Madison,Violent Crime,2210,449,265859,831.2677020525919,0.20316742081447964
2020-03-01,Madison,Property Crime,5008,1840,265859,1883.7052723436107,0.36741214057507987
2020-03-01,Madison,Burglary,1507,457,265859,566.841822168894,0.3032514930325149
2020-03-01,Madison,Larceny-Theft,3788,1392,265859,1424.815409672044,0.36747624076029567
2020-03-01,Madison,Motor Vehicle Theft,1101,357,265859,414.12929409950385,0.3242506811989101
2020-03-01,Madison,Aggravated Assault,1826,517,265859,686.8302370805578,0.28313253012048195
2020-03-01,Madison,Robbery,709,162,265859,266.6827152738858,0.22849083215796898
2020-03-01,Madison,Rape,379,120,265859,142.55676881354404,0.316622691292876
2020-04-01,Madison,Violent Crime,2376,757,265859,893.7068145144608,0.3186026936026936
2020-04-01,Madison,Property Crime,5788,2134,265859,2177.0938730680546,0.36869384934346927
2020-04-01,Madison,Burglary,1669,638,265859,627.7763777039709,0.3822648292390653
2020-04-01,Madison,Larceny-Theft,3976,1294,265859,1495.529585231269,0.3254527162977867
2020-04-01,Madison,Motor Vehicle Theft,1197,349,265859,450.2386603425124,0.29156223893065997
2020-04-01,Madison,Aggravated Assault,1944,695,265859,731.2146664209223,0.3575102880658436
2020-04-01,Madison,Robbery,818,315,265859,307.6818915289684,0.38508557457212717
2020-04-01,Madison,Rape,406,154,265859,152.71252806939015,0.3793103448275862
2020-05-01,Madison,Violent Crime,2562,829,265859,963.6687116102896,0.3235753317720531
2020-05-01,Madison,Property Crime,6014,1455,265859,2262.1013394318043,0.24193548387096775
2020-05-01,Madison,Burglary,1705,420,265859,641.317390045099,0.24633431085043989
2020-05-01,Madison,Larceny-Theft,4181,651,265859,1572.6381277293603,0.155704376943315
2020-05-01,Madison,Motor Vehicle Theft,1214,425,265859,456.6330272813785,0.3500823723228995
2020-05-01,Madison,Aggravated Assault,2112,404,265859,794.4060573461873,0.19128787878787878
2020-05-01,Madison,Robbery,859,147,265859,323.1036000285866,0.17112922002328287
2020-05-01,Madison,Rape,445,70,265859,167.38195810561237,0.15730337078651685
2020-06-01,Madison,Violent Crime,2483,580,265859,933.9537123061473,0.23358840112766815
2020-06-01,Madison,Property Crime,5985,1298,265859,2251.1933017125616,0.21687552213868003
2020-06-01,Madison,Burglary,1777,286,265859,668.3994147273555,0.16094541361845807
2020-06-01,Madison,Larceny-Theft,4235,1067,265859,1592.9496462410525,0.2519480519480519
2020-06-01,Madison,Motor Vehicle Theft,1258,446,265859,473.1831534760907,0.35453100158982515
2020-06-01,Madison,Aggravated Assault,2121,699,265859,797.7913104314694,0.32956152758132956
2020-06-01,Madison,Robbery,846,245,265859,318.2137900165125,0.2895981087470449
2020-06-01,Madison,Rape,424,164,265859,159.48303423995426,0.3867924528301887
2020-07-01,Madison,Violent Crime,2566,598,265859,965.1732685370818,0.23304754481683554
2020-07-01,Madison,Property Crime,5872,1908,265859,2208.689568530687,0.3249318801089918
2020-07-01,Madison,Burglary,1723,684,265859,648.0878962156632,0.3969820081253627
2020-07-01,Madison,Larceny-Theft,4154,1419,265859,1562.482368473514,0.3415984593163216
2020-07-01,Madison,Motor Vehicle Theft,1245,219,265859,468.29334346401663,0.17590361445783131
2020-07-01,Madison,Aggravated Assault,2141,477,265859,805.3140950654293,0.2227930873423634
2020-07-01,Madison,Robbery,853,172,265859,320.84676463839855,0.20164126611957797
2020-07-01,Madison,Rape,424,161,265859,159.48303423995426,0.37971698113207547
2020-08-01,Madison,Violent Crime,2401,623,265859,903.1102953069108,0.2594752186588921
2020-08-01,Madison,Property Crime,5648,1371,265859,2124.434380630334,0.24274079320113315
2020-08-01,Madison,Burglary,1613,533,265859,606.7125807288826,0.3304401735895846
2020-08-01,Madison,Larceny-Theft,4065,1064,265859,1529.0059768523915,0.26174661746617467
2020-08-01,Madison,Motor Vehicle Theft,1240,275,265859,466.4126473055266,0.2217741935483871
2020-08-01,Madison,Aggravated Assault,1974,574,265859,742.4988433718626,0.2907801418439716
2020-08-01,Madison,Robbery,767,287,265859,288.4987907123701,0.3741851368970013
2020-08-01,Madison,Rape,382,59,265859,143.68518650863805,0.1544502617801047
2020-09-01,Madison,Violent Crime,2253,533,265859,847.441689015606,0.2365734576120728
2020-09-01,Madison,Property Crime,5292,823,265859,1990.5288141458443,0.1555177626606198
2020-09-01,Madison,Burglary,1498,380,265859,563.4565690836121,0.253671562082777
2020-09-01,Madison,Larceny-Theft,3782,1458,265859,1422.5585742818562,0.3855103120042306
2020-09-01,Madison,Motor Vehicle Theft,1080,343,265859,406.2303702338458,0.3175925925925926
2020-09-01,Madison,Aggravated Assault,1825,654,265859,686.4540978488598,0.35835616438356166
2020-09-01,Madison,Robbery,765,216,265859,287.74651224897406,0.2823529411764706
2020-09-01,Madison,Rape,333,90,265859,125.25436415543577,0.2702702702702703
2020-10-01,Madison,Violent Crime,1987,654,265859,747.3886533839366,0.3291394061399094
2020-10-01,Madison,Property Crime,4958,1909,265859,1864.8983107587103,0.3850342880193626
2020-10-01,Madison,Burglary,1381,544,265859,519.4482789749453,0.3939174511223751
2020-10-01,Madison,Larceny-Theft,3461,1145,265859,1301.8178809067965,0.33082924010401615
2020-10-01,Madison,Motor Vehicle Theft,1081,319,265859,406.60650946554375,0.29509713228492135
2020-10-01,Madison,Aggravated Assault,1652,364,265859,621.3820107651048,0.22033898305084745
2020-10-01,Madison,Robbery,698,131,265859,262.5451837252077,0.1876790830945559
2020-10-01,Madison,Rape,326,59,265859,122.62138953354975,0.18098159509202455
2020-11-01,Madison,Violent Crime,1909,442,265859,718.0497933114922,0.23153483499214247
2020-11-01,Madison,Property Crime,4524,935,265859,1701.6538842017762,0.20667550839964632
2020-11-01,Madison,Burglary,1282,434,265859,482.2104950368429,0.33853354134165364
2020-11-01,Madison,Larceny-Theft,3320,1142,265859,1248.7822492373775,0.34397590361445785
2020-11-01,Madison,Motor Vehicle Theft,944,232,265859,355.07543472291707,0.2457627118644068
2020-11-01,Madison,Aggravated Assault,1567,494,265859,589.4101760707744,0.31525207402680283
2020-11-01,Madison,Robbery,627,198,265859,235.83929827464934,0.3157894736842105
2020-11-01,Madison,Rape,320,53,265859,120.3645541433617,0.165625
2020-12-01,Madison,Violent Crime,1883,713,265859,708.270173287344,0.3786510886882634
2020-12-01,Madison,Property Crime,4406,1434,265859,1657.2694548614115,0.32546527462551067
2020-12-01,Madison,Burglary,1338,347,265859,503.27429201193115,0.2593423019431988
2020-12-01,Madison,Larceny-Theft,3211,570,265859,1207.7830729822952,0.17751479289940827
2020-12-01,Madison,Motor Vehicle Theft,959,266,265859,360.71752319838714,0.2773722627737226
2020-12-01,Madison,Aggravated Assault,1582,420,265859,595.0522645462445,0.26548672566371684
2020-12-01,Madison,Robbery,615,226,265859,231.32562749427328,0.367479674796748
2020-12-01,Madison,Rape,297,58,265859,111.7133518143076,0.19528619528619529
2021-01-01,Madison,Violent Crime,1977,470,265859,743.6272610669565,0.23773394031360648
2021-01-01,Madison,Property Crime,4499,1297,265859,1692.250403409326,0.28828628584129806
2021-01-01,Madison,Burglary,1317,494,265859,495.375368146273,0.37509491268033407
2021-01-01,Madison,Larceny-Theft,3205,500,265859,1205.526237592107,0.15600624024961
2021-01-01,Madison,Motor Vehicle Theft,959,209,265859,360.71752319838714,0.21793534932221065
2021-01-01,Madison,Aggravated Assault,1589,481,265859,597.6852391681305,0.302706104468219
2021-01-01,Madison,Robbery,642,239,265859,241.4813867501194,0.37227414330218067
2021-01-01,Madison,Rape,333,127,265859,125.25436415543577,0.3813813813813814
2021-02-01,Madison,Violent Crime,2030,350,265859,763.5626403469508,0.1724137931034483
2021-02-01,Madison,Property Crime,4825,891,265859,1814.8717929428758,0.18466321243523315
2021-02-01,Madison,Burglary,1353,407,265859,508.91638048740117,0.3008130081300813
2021-02-01,Madison,Larceny-Theft,3497,754,265859,1315.3588932479247,0.21561338289962825
2021-02-01,Madison,Motor Vehicle Theft,1016,332,265859,382.1574594051734,0.32677165354330706
2021-02-01,Madison,Aggravated Assault,1729,498,265859,650.3447316058513,0.28802776171197225
2021-02-01,Madison,Robbery,706,107,265859,265.55429757879176,0.15155807365439095
2021-02-01,Madison,Rape,341,107,265859,128.26347800901982,0.31378299120234604
2021-03-01,Madison,Violent Crime,2187,436,265859,822.6164997235377,0.19935985368084133
2021-03-01,Madison,Property Crime,5212,811,265859,1960.4376756100037,0.15560245587106677
2021-03-01,Madison,Burglary,1439,240,265859,541.2643544134297,0.16678248783877692
2021-03-01,Madison,Larceny-Theft,3628,965,265859,1364.6331326003633,0.26598676957001105
2021-03-01,Madison,Motor Vehicle Theft,1144,301,265859,430.30328106251807,0.2631118881118881
2021-03-01,Madison,Aggravated Assault,1840,553,265859,692.0961863243298,0.3005434782608696
2021-03-01,Madison,Robbery,749,121,265859,281.72828454180603,0.16154873164218958
2021-03-01,Madison,Rape,413,107,265859,155.3455026912762,0.25907990314769974
2021-04-01,Madison,Violent Crime,2328,365,265859,875.6521313929564,0.156786941580756
2021-04-01,Madison,Property Crime,5675,2109,265859,2134.59013988618,0.37162995594713655
2021-04-01,Madison,Burglary,1625,473,265859,611.2262515092586,0.29107692307692307
2021-04-01,Madison,Larceny-Theft,3960,1444,265859,1489.5113575241012,0.36464646464646466
2021-04-01,Madison,Motor Vehicle Theft,1189,228,265859,447.22954648892835,0.191757779646762
2021-04-01,Madison,Aggravated Assault,1982,477,265859,745.5079572254466,0.24066599394550958
2021-04-01,Madison,Robbery,765,279,265859,287.74651224897406,0.36470588235294116
2021-04-01,Madison,Rape,393,85,265859,147.8227180573161,0.21628498727735368
2021-05-01,Madison,Violent Crime,2533,464,265859,952.7606738910475,0.18318199763126727
2021-05-01,Madison,Property Crime,5768,1948,265859,2169.5710884340947,0.3377253814147018
2021-05-01,Madison,Burglary,1690,434,265859,635.675301569629,0.25680473372781065
2021-05-01,Madison,Larceny-Theft,4250,896,265859,1598.5917347165225,0.21082352941176472
2021-05-01,Madison,Motor Vehicle Theft,1284,507,265859,482.9627735002388,0.39485981308411217
2021-05-01,Madison,Aggravated Assault,2079,796,265859,781.9934627001531,0.38287638287638287
2021-05-01,Madison,Robbery,817,211,265859,307.3057522972704,0.2582619339045288
2021-05-01,Madison,Rape,455,152,265859,171.14335042259242,0.33406593406593404
2021-06-01,Madison,Violent Crime,2559,511,265859,962.5402939151955,0.19968737788198515
2021-06-01,Madison,Property Crime,5966,1797,265859,2244.0466563102996,0.3012068387529333
2021-06-01,Madison,Burglary,1732,468,265859,651.4731493009452,0.2702078521939954
2021-06-01,Madison,Larceny-Theft,4302,1492,265859,1618.150974764819,0.34681543468154347
2021-06-01,Madison,Motor Vehicle Theft,1255,404,265859,472.0547357809967,0.3219123505976096
2021-06-01,Madison,Aggravated Assault,2113,394,265859,794.7821965778853,0.18646474207288216
2021-06-01,Madison,Robbery,851,217,265859,320.09448617500254,0.25499412455934195
2021-06-01,Madison,Rape,451,89,265859,169.6387934958004,0.1973392461197339
2021-07-01,Madison,Violent Crime,2531,631,265859,952.0083954276516,0.24930857368629
2021-07-01,Madison,Property Crime,5774,971,265859,2171.8279238242826,0.1681676480775892
2021-07-01,Madison,Burglary,1617,366,265859,608.2171376556747,0.22634508348794063
2021-07-01,Madison,Larceny-Theft,4315,1464,265859,1623.0407847768931,0.33928157589803015
2021-07-01,Madison,Motor Vehicle Theft,1263,271,265859,475.0638496345807,0.21456848772763262
2021-07-01,Madison,Aggravated Assault,2194,785,265859,825.2494743454237,0.3577939835916135
2021-07-01,Madison,Robbery,828,263,265859,311.44328384594843,0.3176328502415459
2021-07-01,Madison,Rape,400,157,265859,150.45569267920214,0.3925
2021-08-01,Madison,Violent Crime,2392,662,265859,899.7250422216288,0.27675585284280935
2021-08-01,Madison,Property Crime,5592,2082,265859,2103.370583655246,0.3723175965665236
2021-08-01,Madison,Burglary,1634,467,265859,614.6115045945407,0.2858017135862913
2021-08-01,Madison,Larceny-Theft,3940,1067,265859,1481.9885728901409,0.27081218274111674
2021-08-01,Madison,Motor Vehicle Theft,1236,313,265859,464.9080903787346,0.2532362459546926
2021-08-01,Madison,Aggravated Assault,1950,304,265859,733.4715018111104,0.1558974358974359
2021-08-01,Madison,Robbery,791,138,265859,297.52613227312224,0.17446270543615677
2021-08-01,Madison,Rape,395,148,265859,148.5749965207121,0.37468354430379747
2021-09-01,Madison,Violent Crime,2291,390,265859,861.7349798201302,0.17023134002618945
2021-09-01,Madison,Property Crime,5229,1662,265859,1966.83204254887,0.3178427997705106
2021-09-01,Madison,Burglary,1371,440,265859,515.6868866579653,0.32093362509117435
2021-09-01,Madison,Larceny-Theft,3661,602,265859,1377.0457272463975,0.16443594646271512
2021-09-01,Madison,Motor Vehicle Theft,1108,216,265859,416.7622687213899,0.19494584837545126
2021-09-01,Madison,Aggravated Assault,1871,427,265859,703.756502506968,0.22822020309994656
2021-09-01,Madison,Robbery,773,191,265859,290.75562610255815,0.24708926261319533
2021-09-01,Madison,Rape,375,71,265859,141.052211886752,0.18933333333333333
2021-10-01,Madison,Violent Crime,2050,512,265859,771.085424980911,0.2497560975609756
2021-10-01,Madison,Property Crime,4868,1874,265859,1831.0457799058902,0.3849630238290879
2021-10-01,Madison,Burglary,1352,468,265859,508.5402412557032,0.34615384615384615
2021-10-01,Madison,Larceny-Theft,3445,562,265859,1295.7996531996282,0.16313497822931786
2021-10-01,Madison,Motor Vehicle Theft,1022,408,265859,384.41429479536146,0.39921722113502933
2021-10-01,Madison,Aggravated Assault,1695,540,265859,637.555997728119,0.3185840707964602
2021-10-01,Madison,Robbery,675,243,265859,253.89398139615358,0.36
2021-10-01,Madison,Rape,369,86,265859,138.79537649656396,0.23306233062330622
2021-11-01,Madison,Violent Crime,1919,574,265859,721.8111856284722,0.2991141219385096
2021-11-01,Madison,Property Crime,4608,1543,265859,1733.2495796644087,0.3348524305555556
2021-11-01,Madison,Burglary,1306,241,265859,491.23783659759494,0.18453292496171517
2021-11-01,Madison,Larceny-Theft,3269,1050,265859,1229.5991484207796,0.32119914346895073
2021-11-01,Madison,Motor Vehicle Theft,912,309,265859,343.03897930858085,0.33881578947368424
2021-11-01,Madison,Aggravated Assault,1559,450,265859,586.4010622171903,0.28864656831302116
2021-11-01,Madison,Robbery,604,109,265859,227.18809594559522,0.1804635761589404
2021-11-01,Madison,Rape,318,119,265859,119.6122756799657,0.3742138364779874
2021-12-01,Madison,Violent Crime,1896,620,265859,713.1599832994182,0.3270042194092827
2021-12-01,Madison,Property Crime,4495,1584,265859,1690.7458464825338,0.35239154616240265
2021-12-01,Madison,Burglary,1261,322,265859,474.31157117118477,0.25535289452815224
2021-12-01,Madison,Larceny-Theft,3160,907,265859,1188.5999721656967,0.2870253164556962
2021-12-01,Madison,Motor Vehicle Theft,1020,337,265859,383.66201633196545,0.3303921568627451
2021-12-01,Madison,Aggravated Assault,1619,488,265859,608.9694161190706,0.30142063001853
2021-12-01,Madison,Robbery,636,226,265859,239.2245513599314,0.3553459119496855
2021-12-01,Madison,Rape,292,74,265859,109.83265565581756,0.2534246575342466
2022-01-01,Madison,Violent Crime,1907,492,265859,717.2975148480962,0.2579968536969061
2022-01-01,Madison,Property Crime,4593,693,265859,1727.6074911889386,0.15088177661659047
2022-01-01,Madison,Burglary,1293,437,265859,486.3480265855209,0.3379737045630317
2022-01-01,Madison,Larceny-Theft,3195,548,265859,1201.764845275127,0.17151799687010955
2022-01-01,Madison,Motor Vehicle Theft,950,178,265859,357.33227011310504,0.18736842105263157
2022-01-01,Madison,Aggravated Assault,1634,522,265859,614.6115045945407,0.31946144430844553
2022-01-01,Madison,Robbery,672,142,265859,252.7655637010596,0.2113095238095238
2022-01-01,Madison,Rape,350,108,265859,131.64873109430187,0.30857142857142855
2022-02-01,Madison,Violent Crime,2084,335,265859,783.8741588586431,0.16074856046065258
2022-02-01,Madison,Property Crime,4874,1307,265859,1833.3026152960779,0.2681575707837505
2022-02-01,Madison,Burglary,1431,319,265859,538.2552405598457,0.22292103424178897
2022-02-01,Madison,Larceny-Theft,3514,979,265859,1321.7532601867906,0.2785998861696073
2022-02-01,Madison,Motor Vehicle Theft,990,310,265859,372.3778393810253,0.31313131313131315
2022-02-01,Madison,Aggravated Assault,1705,660,265859,641.317390045099,0.3870967741935484
2022-02-01,Madison,Robbery,713,247,265859,268.1872722006778,0.34642356241234223
2022-02-01,Madison,Rape,336,53,265859,126.3827818505298,0.15773809523809523
2022-03-01,Madison,Violent Crime,2214,464,265859,832.7722589793838,0.20957542908762422
2022-03-01,Madison,Property Crime,5165,1959,265859,1942.7591317201975,0.3792836398838335
2022-03-01,Madison,Burglary,1439,314,265859,541.2643544134297,0.21820708825573315
2022-03-01,Madison,Larceny-Theft,3598,643,265859,1353.3489556494233,0.17871039466370206
2022-03-01,Madison,Motor Vehicle Theft,1053,285,265859,396.0746109779996,0.2706552706552707
2022-03-01,Madison,Aggravated Assault,1838,702,265859,691.3439078609338,0.381936887921654
2022-03-01,Madison,Robbery,787,292,265859,296.0215753463302,0.3710292249047014
2022-03-01,Madison,Rape,361,109,265859,135.78626264297995,0.30193905817174516
2022-04-01,Madison,Violent Crime,2414,603,265859,908.0001053189849,0.24979287489643745
2022-04-01,Madison,Property Crime,5579,1212,265859,2098.4807736431717,0.21724323355440042
2022-04-01,Madison,Burglary,1537,385,265859,578.1259991198342,0.2504879635653871
2022-04-01,Madison,Larceny-Theft,3969,668,265859,1492.8966106093833,0.16830435878054925
2022-04-01,Madison,Motor Vehicle Theft,1162,351,265859,437.07378723308216,0.30206540447504304
2022-04-01,Madison,Aggravated Assault,1981,722,265859,745.1318179937485,0.36446239273094394
2022-04-01,Madison,Robbery,825,197,265859,310.3148661508544,0.2387878787878788
2022-04-01,Madison,Rape,404,130,265859,151.96024960599414,0.3217821782178218
2022-05-01,Madison,Violent Crime,2458,925,265859,924.5502315136971,0.3763222131814483
2022-05-01,Madison,Property Crime,5668,1288,265859,2131.9571652642944,0.2272406492589979
2022-05-01,Madison,Burglary,1693,346,265859,636.8037192647231,0.2043709391612522
2022-05-01,Madison,Larceny-Theft,4127,1137,265859,1552.326609217668,0.2755027865277441
2022-05-01,Madison,Motor Vehicle Theft,1256,417,265859,472.4308750126947,0.3320063694267516
2022-05-01,Madison,Aggravated Assault,2076,456,265859,780.8650450050591,0.21965317919075145
2022-05-01,Madison,Robbery,846,323,265859,318.2137900165125,0.3817966903073286
2022-05-01,Madison,Rape,405,107,265859,152.33638883769214,0.2641975308641975
2022-06-01,Madison,Violent Crime,2656,458,265859,999.0257993899021,0.17243975903614459
2022-06-01,Madison,Property Crime,5883,1039,265859,2212.8271000793657,0.17661057283698794
2022-06-01,Madison,Burglary,1691,522,265859,636.051440801327,0.3086930810171496
2022-06-01,Madison,Larceny-Theft,4250,1547,265859,1598.5917347165225,0.364
2022-06-01,Madison,Motor Vehicle Theft,1233,310,265859,463.77967268364057,0.25141930251419303
2022-06-01,Madison,Aggravated Assault,2094,353,265859,787.635551175623,0.16857688634192933
2022-06-01,Madison,Robbery,872,198,265859,327.99341004066065,0.22706422018348624
2022-06-01,Madison,Rape,399,109,265859,150.07955344750414,0.2731829573934837
2022-07-01,Madison,Violent Crime,2529,638,265859,951.2561169642554,0.25227362593910635
2022-07-01,Madison,Property Crime,5803,1054,265859,2182.735961543525,0.18163019128037222
2022-07-01,Madison,Burglary,1619,327,265859,608.9694161190706,0.20197652872143299
2022-07-01,Madison,Larceny-Theft,4162,1091,265859,1565.491482327098,0.2621335896203748
2022-07-01,Madison,Motor Vehicle Theft,1282,398,265859,482.2104950368429,0.31045241809672386
2022-07-01,Madison,Aggravated Assault,2129,490,265859,800.8004242850534,0.23015500234852043
2022-07-01,Madison,Robbery,835,330,265859,314.07625846783446,0.39520958083832336
2022-07-01,Madison,Rape,441,66,265859,165.87740117882035,0.14965986394557823
2022-08-01,Madison,Violent Crime,2275,406,265859,855.7167521129621,0.17846153846153845
2022-08-01,Madison,Property Crime,5599,1871,265859,2106.003558277132,0.33416681550276833
2022-08-01,Madison,Burglary,1562,432,265859,587.5294799122843,0.2765685019206146
2022-08-01,Madison,Larceny-Theft,4057,1531,265859,1525.9968629988075,0.37737244269164405
2022-08-01,Madison,Motor Vehicle Theft,1199,213,265859,450.99093880590846,0.17764804003336113
2022-08-01,Madison,Aggravated Assault,2006,517,265859,754.5352987861986,0.2577268195413759
2022-08-01,Madison,Robbery,810,132,265859,304.6727776753843,0.16296296296296298
2022-08-01,Madison,Rape,383,151,265859,144.06132574033603,0.39425587467362927
2022-09-01,Madison,Violent Crime,2202,630,265859,828.2585881990077,0.28610354223433243
2022-09-01,Madison,Property Crime,5291,1185,265859,1990.1526749141462,0.22396522396522398
2022-09-01,Madison,Burglary,1493,495,265859,561.575872925122,0.3315472203616879
2022-09-01,Madison,Larceny-Theft,3746,1376,265859,1409.017561940728,0.36732514682327816
2022-09-01,Madison,Motor Vehicle Theft,1122,348,265859,422.02821796516196,0.31016042780748665
2022-09-01,Madison,Aggravated Assault,1902,756,265859,715.4168186896062,0.39747634069400634
2022-09-01,Madison,Robbery,715,263,265859,268.9395506640738,0.3678321678321678
2022-09-01,Madison,Rape,355,65,265859,133.5294272527919,0.18309859154929578
2022-10-01,Madison,Violent Crime,2049,493,265859,770.7092857492129,0.24060517325524647
2022-10-01,Madison,Property Crime,4859,765,265859,1827.660526820608,0.15743980242848324
2022-10-01,Madison,Burglary,1451,276,265859,545.7780251938057,0.19021364576154376
2022-10-01,Madison,Larceny-Theft,3391,991,265859,1275.488134687936,0.292244175759363
2022-10-01,Madison,Motor Vehicle Theft,1003,228,265859,377.2676493930993,0.22731804586241275
2022-10-01,Madison,Aggravated Assault,1791,464,265859,673.6653639711276,0.25907314349525407
2022-10-01,Madison,Robbery,711,158,265859,267.4349937372818,0.2222222222222222
2022-10-01,Madison,Rape,335,64,265859,126.00664261883179,0.191044776119403
2022-11-01,Madison,Violent Crime,1829,640,265859,687.9586547756518,0.34991798797156914
2022-11-01,Madison,Property Crime,4583,1298,265859,1723.8460988719587,0.28322059786166265
2022-11-01,Madison,Burglary,1239,426,265859,466.03650807382866,0.34382566585956414
2022-11-01,Madison,Larceny-Theft,3143,481,265859,1182.2056052268306,0.15303849825007954
2022-11-01,Madison,Motor Vehicle Theft,978,310,265859,367.86416860064924,0.3169734151329243
2022-11-01,Madison,Aggravated Assault,1679,383,265859,631.537770020951,0.2281119714115545
2022-11-01,Madison,Robbery,683,231,265859,256.90309524973765,0.33821376281112736
2022-11-01,Madison,Rape,327,92,265859,122.99752876524775,0.28134556574923547
2022-12-01,Madison,Violent Crime,1877,637,265859,706.013337897156,0.339371337240277
2022-12-01,Madison,Property Crime,4529,1595,265859,1703.534580360266,0.3521748730404063
2022-12-01,Madison,Burglary,1335,243,265859,502.1458743168371,0.18202247191011237
2022-12-01,Madison,Larceny-Theft,3063,940,265859,1152.1144666909902,0.30688867123734903
2022-12-01,Madison,Motor Vehicle Theft,938,287,265859,352.818599332729,0.30597014925373134
2022-12-01,Madison,Aggravated Assault,1618,499,265859,608.5932768873727,0.3084054388133498
2022-12-01,Madison,Robbery,662,135,265859,249.0041713840795,0.2039274924471299
2022-12-01,Madison,Rape,296,97,265859,111.33721258260957,0.3277027027027027
2023-01-01,Madison,Violent Crime,1877,421,265859,706.013337897156,0.2242940863079382
2023-01-01,Madison,Property Crime,4538,1446,265859,1706.9198334455482,0.31864257382106653
2023-01-01,Madison,Burglary,1217,334,265859,457.76144497647255,0.2744453574363188
2023-01-01,Madison,Larceny-Theft,3206,534,265859,1205.902376823805,0.16656269494697443
2023-01-01,Madison,Motor Vehicle Theft,1016,183,265859,382.1574594051734,0.18011811023622049
2023-01-01,Madison,Aggravated Assault,1638,533,265859,616.1160615213327,0.3253968253968254
2023-01-01,Madison,Robbery,667,179,265859,250.88486754256957,0.2683658170914543
2023-01-01,Madison,Rape,320,122,265859,120.3645541433617,0.38125
2023-02-01,Madison,Violent Crime,2076,788,265859,780.8650450050591,0.37957610789980734
2023-02-01,Madison,Property Crime,4927,1815,265859,1853.2379945760722,0.36837832352344224
2023-02-01,Madison,Burglary,1417,294,265859,532.9892913160736,0.20748059280169373
2023-02-01,Madison,Larceny-Theft,3402,513,265859,1279.6256662366143,0.15079365079365079
2023-02-01,Madison,Motor Vehicle Theft,1005,292,265859,378.01992785649537,0.29054726368159206
2023-02-01,Madison,Aggravated Assault,1646,406,265859,619.1251753749168,0.24665856622114216
2023-02-01,Madison,Robbery,661,167,265859,248.62803215238154,0.2526475037821483
2023-02-01,Madison,Rape,314,54,265859,118.10771875317367,0.17197452229299362
2023-03-01,Madison,Violent Crime,2168,791,265859,815.4698543212756,0.36485239852398527
2023-03-01,Madison,Property Crime,5331,1244,265859,2005.1982441820662,0.23335209154004877
2023-03-01,Madison,Burglary,1460,482,265859,549.1632782790878,0.33013698630136984
2023-03-01,Madison,Larceny-Theft,3577,1280,265859,1345.450031783765,0.3578417668437238
2023-03-01,Madison,Motor Vehicle Theft,1154,448,265859,434.0646733794982,0.3882149046793761
2023-03-01,Madison,Aggravated Assault,1859,728,265859,699.2428317265919,0.3916083916083916
2023-03-01,Madison,Robbery,775,154,265859,291.50790456595416,0.19870967741935483
2023-03-01,Madison,Rape,374,138,265859,140.67607265505399,0.3689839572192513
2023-04-01,Madison,Violent Crime,2323,785,265859,873.7714352344665,0.3379250968575118
2023-04-01,Madison,Property Crime,5476,1351,265859,2059.7384327782775,0.24671292914536158
2023-04-01,Madison,Burglary,1612,588,265859,606.3364414971846,0.36476426799007444
2023-04-01,Madison,Larceny-Theft,3985,1063,265859,1498.9148383165511,0.2667503136762861
2023-04-01,Madison,Motor Vehicle Theft,1175,177,265859,441.9635972451563,0.15063829787234043
2023-04-01,Madison,Aggravated Assault,2001,496,265859,752.6546026277086,0.2478760619690155
2023-04-01,Madison,Robbery,806,156,265859,303.1682207485923,0.1935483870967742
2023-04-01,Madison,Rape,369,143,265859,138.79537649656396,0.3875338753387534
2023-05-01,Madison,Violent Crime,2491,571,265859,936.9628261597313,0.22922521075873142
2023-05-01,Madison,Property Crime,5912,1244,265859,2223.7351377986074,0.2104194857916103
2023-05-01,Madison,Burglary,1714,654,265859,644.7026431303811,0.38156359393232203
2023-05-01,Madison,Larceny-Theft,4186,1097,265859,1574.5188238878504,0.26206402293358816
2023-05-01,Madison,Motor Vehicle Theft,1242,449,265859,467.16492576892267,0.3615136876006441
2023-05-01,Madison,Aggravated Assault,2058,346,265859,774.094538834495,0.16812439261418854
2023-05-01,Madison,Robbery,872,146,265859,327.99341004066065,0.16743119266055045
2023-05-01,Madison,Rape,414,150,265859,155.72164192297421,0.36231884057971014
2023-06-01,Madison,Violent Crime,2461,716,265859,925.6786492087912,0.29093864282811865
2023-06-01,Madison,Property Crime,5971,1645,265859,2245.92735246879,0.27549824150058616
2023-06-01,Madison,Burglary,1690,483,265859,635.675301569629,0.28579881656804734
2023-06-01,Madison,Larceny-Theft,4361,913,265859,1640.3431894350015,0.2093556523733089
2023-06-01,Madison,Motor Vehicle Theft,1325,267,265859,498.3844819998571,0.20150943396226415
2023-06-01,Madison,Aggravated Assault,2153,777,265859,809.8277658458055,0.36089177891314445
2023-06-01,Madison,Robbery,851,147,265859,320.09448617500254,0.172737955346651
2023-06-01,Madison,Rape,421,148,265859,158.35461654486025,0.3515439429928741
2023-07-01,Madison,Violent Crime,2462,572,265859,926.054788440489,0.2323314378554021
2023-07-01,Madison,Property Crime,5911,1994,265859,2223.3589985669096,0.33733716799187957
2023-07-01,Madison,Burglary,1681,435,265859,632.2900484843469,0.2587745389649018
2023-07-01,Madison,Larceny-Theft,4112,1595,265859,1546.684520742198,0.38788910505836577
2023-07-01,Madison,Motor Vehicle Theft,1292,402,265859,485.97188735382286,0.3111455108359133
2023-07-01,Madison,Aggravated Assault,2185,508,265859,821.8642212601418,0.23249427917620138
2023-07-01,Madison,Robbery,825,209,265859,310.3148661508544,0.25333333333333335
2023-07-01,Madison,Rape,414,81,265859,155.72164192297421,0.1956521739130435
2023-08-01,Madison,Violent Crime,2403,819,265859,903.8625737703069,0.3408239700374532
2023-08-01,Madison,Property Crime,5610,914,265859,2110.14108982581,0.16292335115864529
2023-08-01,Madison,Burglary,1562,347,265859,587.5294799122843,0.22215108834827144
2023-08-01,Madison,Larceny-Theft,4018,1217,265859,1511.3274329625854,0.30288700846192135
2023-08-01,Madison,Motor Vehicle Theft,1203,253,265859,452.4954957327004,0.21030756442227763
2023-08-01,Madison,Aggravated Assault,1941,590,265859,730.0862487258283,0.3039670273055126
2023-08-01,Madison,Robbery,770,283,265859,289.6272084074641,0.36753246753246754
2023-08-01,Madison,Rape,414,104,265859,155.72164192297421,0.25120772946859904
2023-09-01,Madison,Violent Crime,2274,822,265859,855.3406128812641,0.36147757255936674
2023-09-01,Madison,Property Crime,5259,1349,265859,1978.1162194998099,0.25651264498954174
2023-09-01,Madison,Burglary,1447,478,265859,544.2734682670136,0.33033863165169314
2023-09-01,Madison,Larceny-Theft,3673,1465,265859,1381.5593980267736,0.3988565205554043
2023-09-01,Madison,Motor Vehicle Theft,1056,370,265859,397.2030286730936,0.3503787878787879
2023-09-01,Madison,Aggravated Assault,1897,450,265859,713.5361225311161,0.23721665788086452
2023-09-01,Madison,Robbery,740,291,265859,278.343031456524,0.3932432432432432
2023-09-01,Madison,Rape,362,78,265859,136.16240187467793,0.2154696132596685
2023-10-01,Madison,Violent Crime,2058,448,265859,774.094538834495,0.21768707482993196
2023-10-01,Madison,Property Crime,4765,850,265859,1792.3034390409955,0.1783840503672613
2023-10-01,Madison,Burglary,1358,410,265859,510.79707664589125,0.3019145802650957
2023-10-01,Madison,Larceny-Theft,3350,1006,265859,1260.066426188318,0.30029850746268655
2023-10-01,Madison,Motor Vehicle Theft,997,311,265859,375.01081400291133,0.3119358074222668
2023-10-01,Madison,Aggravated Assault,1583,288,265859,595.4284037779424,0.1819330385344283
2023-10-01,Madison,Robbery,667,181,265859,250.88486754256957,0.27136431784107945
2023-10-01,Madison,Rape,320,95,265859,120.3645541433617,0.296875
2023-11-01,Madison,Violent Crime,1913,324,265859,719.5543502382842,0.1693674856246733
2023-11-01,Madison,Property Crime,4506,1100,265859,1694.883378031212,0.2441189525077674
2023-11-01,Madison,Burglary,1307,271,265859,491.613975829293,0.20734506503442998
2023-11-01,Madison,Larceny-Theft,3207,1171,265859,1206.2785160555031,0.36513875896476455
2023-11-01,Madison,Motor Vehicle Theft,994,239,265859,373.88239630781726,0.24044265593561368
2023-11-01,Madison,Aggravated Assault,1601,255,265859,602.1989099485065,0.15927545284197375
2023-11-01,Madison,Robbery,660,198,265859,248.2518929206835,0.3
2023-11-01,Madison,Rape,322,70,265859,121.11683260675771,0.21739130434782608
2023-12-01,Madison,Violent Crime,1958,496,265859,736.4806156646945,0.2533197139938713
2023-12-01,Madison,Property Crime,4301,1400,265859,1617.7748355331212,0.3255056963496861
2023-12-01,Madison,Burglary,1275,329,265859,479.57752041495684,0.2580392156862745
2023-12-01,Madison,Larceny-Theft,3173,1222,265859,1193.489782177771,0.38512448786637254
2023-12-01,Madison,Motor Vehicle Theft,955,250,265859,359.2129662715951,0.2617801047120419
2023-12-01,Madison,Aggravated Assault,1618,361,265859,608.5932768873727,0.223114956736712
2023-12-01,Madison,Robbery,645,224,265859,242.60980444521346,0.34728682170542635
2023-12-01,Madison,Rape,293,48,265859,110.20879488751557,0.16382252559726962
2024-01-01,Madison,Violent Crime,1950,405,265859,733.4715018111104,0.2076923076923077
2024-01-01,Madison,Property Crime,4549,1810,265859,1711.0573649942264,0.3978896460760607
2024-01-01,Madison,Burglary,1287,412,265859,484.09119119533284,0.3201243201243201
2024-01-01,Madison,Larceny-Theft,3148,531,265859,1184.086301385321,0.16867852604828462
2024-01-01,Madison,Motor Vehicle Theft,914,247,265859,343.79125777197686,0.2702407002188184
2024-01-01,Madison,Aggravated Assault,1652,386,265859,621.3820107651048,0.23365617433414043
2024-01-01,Madison,Robbery,603,131,265859,226.81195671389725,0.21724709784411278
2024-01-01,Madison,Rape,329,58,265859,123.74980722864376,0.1762917933130699
2024-02-01,Madison,Violent Crime,2021,792,265859,760.1773872616689,0.39188520534388915
2024-02-01,Madison,Property Crime,4870,1136,265859,1831.7980583692859,0.23326488706365503
2024-02-01,Madison,Burglary,1442,257,265859,542.3927721085237,0.1782246879334258
2024-02-01,Madison,Larceny-Theft,3265,660,265859,1228.0945914939873,0.20214395099540583
2024-02-01,Madison,Motor Vehicle Theft,1059,300,265859,398.33144636818764,0.28328611898017
2024-02-01,Madison,Aggravated Assault,1758,401,265859,661.2527693250934,0.22810011376564276
2024-02-01,Madison,Robbery,692,246,265859,260.2883483350197,0.3554913294797688
2024-02-01,Madison,Rape,359,123,265859,135.0339841795839,0.3426183844011142
2024-03-01,Madison,Violent Crime,2212,532,265859,832.0199805159879,0.24050632911392406
2024-03-01,Madison,Property Crime,5225,1990,265859,1965.327485622078,0.38086124401913873
2024-03-01,Madison,Burglary,1419,463,265859,533.7415697794696,0.3262861169837914
2024-03-01,Madison,Larceny-Theft,3686,1235,265859,1386.4492080388477,0.33505154639175255
2024-03-01,Madison,Motor Vehicle Theft,1124,277,265859,422.780496428558,0.24644128113879005
2024-03-01,Madison,Aggravated Assault,1819,405,265859,684.1972624586717,0.22264980758658603
2024-03-01,Madison,Robbery,765,170,265859,287.74651224897406,0.2222222222222222
2024-03-01,Madison,Rape,339,87,265859,127.51119954562381,0.25663716814159293
2024-04-01,Madison,Violent Crime,2384,637,265859,896.7159283680447,0.2671979865771812
2024-04-01,Madison,Property Crime,5537,1510,265859,2082.6829259118554,0.2727108542532057
2024-04-01,Madison,Burglary,1609,395,265859,605.2080238020906,0.24549409571162212
2024-04-01,Madison,Larceny-Theft,4129,974,265859,1553.078887681064,0.23589246790990553
2024-04-01,Madison,Motor Vehicle Theft,1211,264,265859,455.50460958628446,0.2180016515276631
2024-04-01,Madison,Aggravated Assault,1998,385,265859,751.5261849326147,0.19269269269269268
2024-04-01,Madison,Robbery,818,261,265859,307.6818915289684,0.31907090464547677
2024-04-01,Madison,Rape,391,125,265859,147.0704395939201,0.319693094629156
2024-05-01,Madison,Violent Crime,2475,487,265859,930.9445984525632,0.19676767676767676
2024-05-01,Madison,Property Crime,5863,1085,265859,2205.3043154454053,0.18505884359542896
2024-05-01,Madison,Burglary,1690,587,265859,635.675301569629,0.3473372781065089
2024-05-01,Madison,Larceny-Theft,4256,1608,265859,1600.8485701067107,0.37781954887218044
2024-05-01,Madison,Motor Vehicle Theft,1225,485,265859,460.77055883005653,0.39591836734693875
2024-05-01,Madison,Aggravated Assault,2162,509,265859,813.2130189310875,0.23543015726179464
2024-05-01,Madison,Robbery,797,219,265859,299.7829676633102,0.27478042659974905
2024-05-01,Madison,Rape,439,138,265859,165.12512271542434,0.3143507972665148
2024-06-01,Madison,Violent Crime,2538,800,265859,954.6413700495375,0.31520882584712373
2024-06-01,Madison,Property Crime,5975,1129,265859,2247.431909395582,0.1889539748953975
2024-06-01,Madison,Burglary,1747,346,265859,657.1152377764154,0.19805380652547225
2024-06-01,Madison,Larceny-Theft,4303,917,265859,1618.5271139965168,0.2131071345572856
2024-06-01,Madison,Motor Vehicle Theft,1264,256,265859,475.4399888662788,0.20253164556962025
2024-06-01,Madison,Aggravated Assault,2183,406,265859,821.1119427967456,0.1859825927622538
2024-06-01,Madison,Robbery,852,199,265859,320.47062540670055,0.2335680751173709
2024-06-01,Madison,Rape,435,131,265859,163.62056578863232,0.30114942528735633
2024-07-01,Madison,Violent Crime,2461,587,265859,925.6786492087912,0.2385209264526615
2024-07-01,Madison,Property Crime,5828,947,265859,2192.139442335975,0.16249142072752232
2024-07-01,Madison,Burglary,1667,368,265859,627.0240992405749,0.22075584883023394
2024-07-01,Madison,Larceny-Theft,4304,714,265859,1618.903253228215,0.16589219330855018
2024-07-01,Madison,Motor Vehicle Theft,1282,481,265859,482.2104950368429,0.375195007800312
2024-07-01,Madison,Aggravated Assault,2074,570,265859,780.1127665416631,0.274831243972999
2024-07-01,Madison,Robbery,839,168,265859,315.5808153946265,0.20023837902264602
2024-07-01,Madison,Rape,436,169,265859,163.99670502033032,0.3876146788990826
2024-08-01,Madison,Violent Crime,2361,909,265859,888.0647260389906,0.3850063532401525
2024-08-01,Madison,Property Crime,5628,2008,265859,2116.9115959963738,0.35678749111584934
2024-08-01,Madison,Burglary,1582,299,265859,595.0522645462445,0.18900126422250316
2024-08-01,Madison,Larceny-Theft,4001,1344,265859,1504.9330660237192,0.3359160209947513
2024-08-01,Madison,Motor Vehicle Theft,1201,260,265859,451.7432172693044,0.21648626144879268
2024-08-01,Madison,Aggravated Assault,1887,741,265859,709.7747302141361,0.39268680445151033
2024-08-01,Madison,Robbery,837,328,265859,314.8285369312305,0.3918757467144564
2024-08-01,Madison,Rape,375,66,265859,141.052211886752,0.176
2024-09-01,Madison,Violent Crime,2239,541,265859,842.175739771834,0.24162572577043323
2024-09-01,Madison,Property Crime,5117,1636,265859,1924.7044485986933,0.319718585108462
2024-09-01,Madison,Burglary,1528,455,265859,574.7407460345522,0.29777486910994766
2024-09-01,Madison,Larceny-Theft,3673,1456,265859,1381.5593980267736,0.39640620745984206
2024-09-01,Madison,Motor Vehicle Theft,1121,435,265859,421.652078733464,0.3880463871543265
2024-09-01,Madison,Aggravated Assault,1856,362,265859,698.1144140314979,0.19504310344827586
2024-09-01,Madison,Robbery,722,219,265859,271.5725252859599,0.3033240997229917
2024-09-01,Madison,Rape,403,72,265859,151.58411037429616,0.17866004962779156
2024-10-01,Madison,Violent Crime,2037,703,265859,766.1956149688368,0.34511536573392243
2024-10-01,Madison,Property Crime,4771,985,265859,1794.5602744311836,0.20645566967092852
2024-10-01,Madison,Burglary,1372,304,265859,516.0630258896633,0.22157434402332363
2024-10-01,Madison,Larceny-Theft,3374,1341,265859,1269.09376774907,0.3974510966212211
2024-10-01,Madison,Motor Vehicle Theft,1059,223,265859,398.33144636818764,0.210576015108593
2024-10-01,Madison,Aggravated Assault,1682,484,265859,632.666187716045,0.2877526753864447
2024-10-01,Madison,Robbery,695,222,265859,261.4167660301137,0.3194244604316547
2024-10-01,Madison,Rape,332,106,265859,124.87822492373776,0.3192771084337349
2024-11-01,Madison,Violent Crime,1921,467,265859,722.5634640918682,0.2431025507548152
2024-11-01,Madison,Property Crime,4480,1601,265859,1685.103758007064,0.3573660714285714
2024-11-01,Madison,Burglary,1336,222,265859,502.52201354853514,0.1661676646706587
2024-11-01,Madison,Larceny-Theft,3274,813,265859,1231.4798445792694,0.24832009773976788
2024-11-01,Madison,Motor Vehicle Theft,909,316,265859,341.91056161348683,0.34763476347634764
2024-11-01,Madison,Aggravated Assault,1656,387,265859,622.8865676918969,0.23369565217391305
2024-11-01,Madison,Robbery,614,244,265859,230.9494882625753,0.3973941368078176
2024-11-01,Madison,Rape,331,112,265859,124.50208569203976,0.338368580060423
2024-12-01,Madison,Violent Crime,1944,299,265859,731.2146664209223,0.15380658436213993
2024-12-01,Madison,Property Crime,4355,1062,265859,1638.0863540448133,0.24385763490241102
2024-12-01,Madison,Burglary,1351,494,265859,508.1641020240052,0.36565507031828276
2024-12-01,Madison,Larceny-Theft,3094,1077,265859,1163.7747828736285,0.348093083387201
2024-12-01,Madison,Motor Vehicle Theft,942,373,265859,354.32315625952106,0.39596602972399153
2024-12-01,Madison,Aggravated Assault,1571,257,265859,590.9147329975664,0.16359007001909612
2024-12-01,Madison,Robbery,660,165,265859,248.2518929206835,0.25
2024-12-01,Madison,Rape,322,63,265859,121.11683260675771,0.1956521739130435
2020-01-01,St. Clair,Violent Crime,1578,295,257400,613.053613053613,0.18694550063371357
2020-01-01,St. Clair,Property Crime,3902,1288,257400,1515.928515928516,0.3300871348026653
2020-01-01,St. Clair,Burglary,1086,184,257400,421.91142191142194,0.1694290976058932
2020-01-01,St. Clair,Larceny-Theft,2766,565,257400,1074.5920745920746,0.20426608821402747
2020-01-01,St. Clair,Motor Vehicle Theft,812,244,257400,315.4623154623155,0.30049261083743845
2020-01-01,St. Clair,Aggravated Assault,1408,514,257400,547.008547008547,0.3650568181818182
2020-01-01,St. Clair,Robbery,554,123,257400,215.22921522921524,0.22202166064981949
2020-01-01,St. Clair,Rape,286,80,257400,111.11111111111111,0.27972027972027974
2020-02-01,St. Clair,Violent Crime,1794,664,257400,696.969696969697,0.3701226309921962
2020-02-01,St. Clair,Property Crime,4149,880,257400,1611.8881118881118,0.21209930103639432
2020-02-01,St. Clair,Burglary,1199,295,257400,465.8119658119658,0.24603836530442036
2020-02-01,St. Clair,Larceny-Theft,2999,494,257400,1165.1126651126651,0.16472157385795266
2020-02-01,St. Clair,Motor Vehicle Theft,893,349,257400,346.93084693084694,0.3908174692049272
2020-02-01,St. Clair,Aggravated Assault,1514,273,257400,588.1895881895882,0.18031704095112286
2020-02-01,St. Clair,Robbery,597,94,257400,231.93473193473193,0.1574539363484087
2020-02-01,St. Clair,Rape,297,52,257400,115.3846153846154,0.1750841750841751
2020-03-01,St. Clair,Violent Crime,1949,397,257400,757.1872571872573,0.20369420215495126
2020-03-01,St. Clair,Property Crime,4421,1508,257400,1717.5602175602178,0.34109929880117623
2020-03-01,St. Clair,Burglary,1355,501,257400,526.4180264180263,0.36974169741697416
2020-03-01,St. Clair,Larceny-Theft,3214,824,257400,1248.6402486402487,0.2563783447417548
2020-03-01,St. Clair,Motor Vehicle Theft,902,292,257400,350.42735042735046,0.3237250554323725
2020-03-01,St. Clair,Aggravated Assault,1589,459,257400,617.3271173271173,0.28886091881686593
2020-03-01,St. Clair,Robbery,621,166,257400,241.25874125874125,0.2673107890499195
2020-03-01,St. Clair,Rape,313,82,257400,121.60062160062161,0.26198083067092653
2020-04-01,St. Clair,Violent Crime,2072,759,257400,804.9728049728051,0.36631274131274133
2020-04-01,St. Clair,Property Crime,4903,778,257400,1904.8174048174048,0.15867836018764023
2020-04-01,St. Clair,Burglary,1346,507,257400,522.9215229215229,0.37667161961367013
2020-04-01,St. Clair,Larceny-Theft,3456,635,257400,1342.6573426573427,0.18373842592592593
2020-04-01,St. Clair,Motor Vehicle Theft,992,331,257400,385.3923853923854,0.3336693548387097
2020-04-01,St. Clair,Aggravated Assault,1676,352,257400,651.1266511266512,0.2100238663484487
2020-04-01,St. Clair,Robbery,675,198,257400,262.23776223776224,0.29333333333333333
2020-04-01,St. Clair,Rape,356,55,257400,138.3061383061383,0.1544943820224719
2020-05-01,St. Clair,Violent Crime,2073,683,257400,805.3613053613054,0.32947419199228173
2020-05-01,St. Clair,Property Crime,4986,1758,257400,1937.0629370629372,0.3525872442839952
2020-05-01,St. Clair,Burglary,1433,359,257400,556.7210567210567,0.2505233775296581
2020-05-01,St. Clair,Larceny-Theft,3638,1447,257400,1413.3644133644134,0.3977460142935679
2020-05-01,St. Clair,Motor Vehicle Theft,1067,204,257400,414.5299145299145,0.19119025304592316
2020-05-01,St. Clair,Aggravated Assault,1763,668,257400,684.9261849261849,0.37889960294951786
2020-05-01,St. Clair,Robbery,713,157,257400,277.00077700077696,0.22019635343618513
2020-05-01,St. Clair,Rape,358,74,257400,139.0831390831391,0.20670391061452514
2020-06-01,St. Clair,Violent Crime,2236,636,257400,868.6868686868687,0.2844364937388193
2020-06-01,St. Clair,Property Crime,5205,1565,257400,2022.1445221445222,0.30067243035542746
2020-06-01,St. Clair,Burglary,1487,388,257400,577.7000777000777,0.2609280430396772
2020-06-01,St. Clair,Larceny-Theft,3643,1237,257400,1415.3069153069155,0.33955531155640956
2020-06-01,St. Clair,Motor Vehicle Theft,1084,182,257400,421.1344211344212,0.16789667896678967
2020-06-01,St. Clair,Aggravated Assault,1768,288,257400,686.8686868686868,0.16289592760180996
2020-06-01,St. Clair,Robbery,721,161,257400,280.1087801087801,0.22330097087378642
2020-06-01,St. Clair,Rape,383,80,257400,148.79564879564882,0.20887728459530025
2020-07-01,St. Clair,Violent Crime,2196,547,257400,853.1468531468531,0.24908925318761385
2020-07-01,St. Clair,Property Crime,4984,1895,257400,1936.2859362859363,0.3802166934189406
2020-07-01,St. Clair,Burglary,1458,467,257400,566.4335664335664,0.32030178326474623
2020-07-01,St. Clair,Larceny-Theft,3594,1198,257400,1396.2703962703963,0.3333333333333333
2020-07-01,St. Clair,Motor Vehicle Theft,1083,357,257400,420.7459207459207,0.3296398891966759
2020-07-01,St. Clair,Aggravated Assault,1817,652,257400,705.9052059052059,0.3588332416070446
2020-07-01,St. Clair,Robbery,774,210,257400,300.6993006993007,0.2713178294573643
2020-07-01,St. Clair,Rape,347,114,257400,134.80963480963482,0.3285302593659942
2020-08-01,St. Clair,Violent Crime,2003,391,257400,778.1662781662782,0.19520718921617575
2020-08-01,St. Clair,Property Crime,4868,1129,257400,1891.2198912198912,0.2319227608874281
2020-08-01,St. Clair,Burglary,1330,419,257400,516.7055167055166,0.3150375939849624
2020-08-01,St. Clair,Larceny-Theft,3439,612,257400,1336.052836052836,0.17795870892701365
2020-08-01,St. Clair,Motor Vehicle Theft,971,318,257400,377.23387723387725,0.3274974253347065
2020-08-01,St. Clair,Aggravated Assault,1630,279,257400,633.2556332556333,0.17116564417177915
2020-08-01,St. Clair,Robbery,727,235,257400,282.43978243978245,0.32324621733149933
2020-08-01,St. Clair,Rape,376,134,257400,146.07614607614607,0.35638297872340424
2020-09-01,St. Clair,Violent Crime,1924,393,257400,747.4747474747476,0.20426195426195426
2020-09-01,St. Clair,Property Crime,4434,856,257400,1722.6107226107229,0.1930536761389265
2020-09-01,St. Clair,Burglary,1250,260,257400,485.6254856254856,0.208
2020-09-01,St. Clair,Larceny-Theft,3206,1080,257400,1245.5322455322455,0.3368683718028696
2020-09-01,St. Clair,Motor Vehicle Theft,973,264,257400,378.010878010878,0.27132579650565264
2020-09-01,St. Clair,Aggravated Assault,1555,329,257400,604.118104118104,0.21157556270096464
2020-09-01,St. Clair,Robbery,598,115,257400,232.32323232323233,0.19230769230769232
2020-09-01,St. Clair,Rape,312,57,257400,121.21212121212122,0.18269230769230768
2020-10-01,St. Clair,Violent Crime,1726,542,257400,670.5516705516706,0.31402085747392816
2020-10-01,St. Clair,Property Crime,4205,1550,257400,1633.6441336441337,0.3686087990487515
2020-10-01,St. Clair,Burglary,1150,215,257400,446.7754467754468,0.18695652173913044
2020-10-01,St. Clair,Larceny-Theft,2971,901,257400,1154.2346542346543,0.30326489397509254
2020-10-01,St. Clair,Motor Vehicle Theft,910,279,257400,353.5353535353536,0.3065934065934066
2020-10-01,St. Clair,Aggravated Assault,1551,371,257400,602.5641025641025,0.23920051579626048
2020-10-01,St. Clair,Robbery,606,117,257400,235.43123543123545,0.19306930693069307
2020-10-01,St. Clair,Rape,289,73,257400,112.27661227661228,0.25259515570934254
2020-11-01,St. Clair,Violent Crime,1699,543,257400,660.06216006216,0.3195997645673926
2020-11-01,St. Clair,Property Crime,3981,846,257400,1546.6200466200467,0.21250941974378296
2020-11-01,St. Clair,Burglary,1115,177,257400,433.17793317793314,0.15874439461883408
2020-11-01,St. Clair,Larceny-Theft,2755,533,257400,1070.3185703185702,0.19346642468239564
2020-11-01,St. Clair,Motor Vehicle Theft,826,294,257400,320.9013209013209,0.3559322033898305
2020-11-01,St. Clair,Aggravated Assault,1386,358,257400,538.4615384615385,0.2582972582972583
2020-11-01,St. Clair,Robbery,559,181,257400,217.17171717171718,0.32379248658318427
2020-11-01,St. Clair,Rape,295,68,257400,114.60761460761462,0.2305084745762712
2020-12-01,St. Clair,Violent Crime,1626,360,257400,631.7016317016316,0.22140221402214022
2020-12-01,St. Clair,Property Crime,3814,625,257400,1481.7404817404818,0.1638699528054536
2020-12-01,St. Clair,Burglary,1078,201,257400,418.8034188034188,0.18645640074211503
2020-12-01,St. Clair,Larceny-Theft,2720,823,257400,1056.7210567210568,0.3025735294117647
2020-12-01,St. Clair,Motor Vehicle Theft,868,296,257400,337.21833721833724,0.34101382488479265
2020-12-01,St. Clair,Aggravated Assault,1304,252,257400,506.6045066045066,0.19325153374233128
2020-12-01,St. Clair,Robbery,534,120,257400,207.45920745920748,0.2247191011235955
2020-12-01,St. Clair,Rape,279,69,257400,108.3916083916084,0.24731182795698925
2021-01-01,St. Clair,Violent Crime,1626,591,257400,631.7016317016316,0.3634686346863469
2021-01-01,St. Clair,Property Crime,3900,730,257400,1515.1515151515152,0.18717948717948718
2021-01-01,St. Clair,Burglary,1106,426,257400,429.6814296814297,0.38517179023508136
2021-01-01,St. Clair,Larceny-Theft,2850,795,257400,1107.2261072261072,0.2789473684210526
2021-01-01,St. Clair,Motor Vehicle Theft,808,298,257400,313.9083139083139,0.3688118811881188
2021-01-01,St. Clair,Aggravated Assault,1391,280,257400,540.4040404040404,0.201294033069734
2021-01-01,St. Clair,Robbery,578,154,257400,224.55322455322457,0.2664359861591695
2021-01-01,St. Clair,Rape,263,102,257400,102.17560217560218,0.38783269961977185
2021-02-01,St. Clair,Violent Crime,1774,497,257400,689.1996891996893,0.2801578354002255
2021-02-01,St. Clair,Property Crime,4189,815,257400,1627.4281274281273,0.19455717354977323
2021-02-01,St. Clair,Burglary,1189,390,257400,461.92696192696195,0.3280067283431455
2021-02-01,St. Clair,Larceny-Theft,3027,511,257400,1175.990675990676,0.16881400726792203
2021-02-01,St. Clair,Motor Vehicle Theft,961,293,257400,373.3488733488733,0.3048907388137357
2021-02-01,St. Clair,Aggravated Assault,1495,300,257400,580.8080808080808,0.20066889632107024
2021-02-01,St. Clair,Robbery,609,175,257400,236.59673659673658,0.28735632183908044
2021-02-01,St. Clair,Rape,295,50,257400,114.60761460761462,0.1694915254237288
2021-03-01,St. Clair,Violent Crime,1894,735,257400,735.8197358197358,0.3880675818373812
2021-03-01,St. Clair,Property Crime,4527,1264,257400,1758.7412587412587,0.2792136072454164
2021-03-01,St. Clair,Burglary,1264,345,257400,491.06449106449105,0.27294303797468356
2021-03-01,St. Clair,Larceny-Theft,3266,498,257400,1268.8422688422688,0.1524800979791794
2021-03-01,St. Clair,Motor Vehicle Theft,1001,159,257400,388.88888888888886,0.15884115884115885
2021-03-01,St. Clair,Aggravated Assault,1643,491,257400,638.3061383061382,0.2988435788192331
2021-03-01,St. Clair,Robbery,644,223,257400,250.1942501942502,0.34627329192546585
2021-03-01,St. Clair,Rape,345,135,257400,134.03263403263404,0.391304347826087
2021-04-01,St. Clair,Violent Crime,2112,521,257400,820.5128205128206,0.24668560606060605
2021-04-01,St. Clair,Property Crime,4826,1334,257400,1874.902874902875,0.27641939494405304
2021-04-01,St. Clair,Burglary,1421,364,257400,552.0590520590521,0.2561576354679803
2021-04-01,St. Clair,Larceny-Theft,3549,850,257400,1378.7878787878788,0.23950408565793183
2021-04-01,St. Clair,Motor Vehicle Theft,1024,315,257400,397.8243978243978,0.3076171875
2021-04-01,St. Clair,Aggravated Assault,1755,621,257400,681.8181818181818,0.35384615384615387
2021-04-01,St. Clair,Robbery,689,216,257400,267.67676767676767,0.3134978229317852
2021-04-01,St. Clair,Rape,355,58,257400,137.91763791763793,0.16338028169014085
2021-05-01,St. Clair,Violent Crime,2113,466,257400,820.9013209013209,0.220539517274018
2021-05-01,St. Clair,Property Crime,5085,1723,257400,1975.5244755244753,0.33883972468043266
2021-05-01,St. Clair,Burglary,1416,399,257400,550.1165501165501,0.2817796610169492
2021-05-01,St. Clair,Larceny-Theft,3553,608,257400,1380.3418803418804,0.1711229946524064
2021-05-01,St. Clair,Motor Vehicle Theft,1077,327,257400,418.4149184149185,0.30362116991643456
2021-05-01,St. Clair,Aggravated Assault,1777,580,257400,690.3651903651903,0.32639279684862127
2021-05-01,St. Clair,Robbery,750,123,257400,291.3752913752914,0.164
2021-05-01,St. Clair,Rape,345,114,257400,134.03263403263404,0.33043478260869563
2021-06-01,St. Clair,Violent Crime,2219,612,257400,862.0823620823621,0.2757999098693105
2021-06-01,St. Clair,Property Crime,5268,1215,257400,2046.6200466200467,0.2306378132118451
2021-06-01,St. Clair,Burglary,1392,267,257400,540.7925407925408,0.19181034482758622
2021-06-01,St. Clair,Larceny-Theft,3712,1031,257400,1442.113442113442,0.2777478448275862
2021-06-01,St. Clair,Motor Vehicle Theft,1049,247,257400,407.5369075369075,0.23546234509056244
2021-06-01,St. Clair,Aggravated Assault,1903,288,257400,739.3162393162394,0.15133998949027852
2021-06-01,St. Clair,Robbery,731,275,257400,283.993783993784,0.3761969904240766
2021-06-01,St. Clair,Rape,368,65,257400,142.96814296814296,0.1766304347826087
2021-07-01,St. Clair,Violent Crime,2148,694,257400,834.4988344988344,0.3230912476722533
2021-07-01,St. Clair,Property Crime,5140,826,257400,1996.891996891997,0.16070038910505838
2021-07-01,St. Clair,Burglary,1575,609,257400,611.8881118881119,0.38666666666666666
2021-07-01,St. Clair,Larceny-Theft,3583,1154,257400,1391.996891996892,0.3220764722299749
2021-07-01,St. Clair,Motor Vehicle Theft,1045,304,257400,405.982905982906,0.2909090909090909
2021-07-01,St. Clair,Aggravated Assault,1820,355,257400,707.0707070707072,0.19505494505494506
2021-07-01,St. Clair,Robbery,753,190,257400,292.54079254079255,0.25232403718459495
2021-07-01,St. Clair,Rape,370,55,257400,143.74514374514374,0.14864864864864866
2021-08-01,St. Clair,Violent Crime,1941,381,257400,754.0792540792542,0.19629057187017002
2021-08-01,St. Clair,Property Crime,4752,1140,257400,1846.1538461538464,0.2398989898989899
2021-08-01,St. Clair,Burglary,1364,219,257400,529.9145299145299,0.16055718475073313
2021-08-01,St. Clair,Larceny-Theft,3461,903,257400,1344.5998445998446,0.2609072522392372
2021-08-01,St. Clair,Motor Vehicle Theft,1042,267,257400,404.8174048174048,0.2562380038387716
2021-08-01,St. Clair,Aggravated Assault,1732,623,257400,672.882672882673,0.3596997690531178
2021-08-01,St. Clair,Robbery,681,132,257400,264.56876456876455,0.19383259911894274
2021-08-01,St. Clair,Rape,346,96,257400,134.4211344211344,0.2774566473988439
2021-09-01,St. Clair,Violent Crime,1995,797,257400,775.0582750582751,0.3994987468671679
2021-09-01,St. Clair,Property Crime,4483,1330,257400,1741.6472416472418,0.29667633281284855
2021-09-01,St. Clair,Burglary,1252,444,257400,486.40248640248643,0.3546325878594249
2021-09-01,St. Clair,Larceny-Theft,3154,700,257400,1225.3302253302254,0.2219403931515536
2021-09-01,St. Clair,Motor Vehicle Theft,945,285,257400,367.13286713286715,0.30158730158730157
2021-09-01,St. Clair,Aggravated Assault,1603,510,257400,622.7661227661227,0.31815346225826574
2021-09-01,St. Clair,Robbery,631,123,257400,245.14374514374515,0.1949286846275753
2021-09-01,St. Clair,Rape,321,98,257400,124.70862470862473,0.3052959501557632
2021-10-01,St. Clair,Violent Crime,1814,652,257400,704.7397047397047,0.35942668136714445
2021-10-01,St. Clair,Property Crime,4270,821,257400,1658.8966588966587,0.19227166276346605
2021-10-01,St. Clair,Burglary,1179,243,257400,458.041958041958,0.20610687022900764
2021-10-01,St. Clair,Larceny-Theft,2937,702,257400,1141.025641025641,0.2390194075587334
2021-10-01,St. Clair,Motor Vehicle Theft,853,321,257400,331.39083139083135,0.37631887456037516
2021-10-01,St. Clair,Aggravated Assault,1393,369,257400,541.1810411810412,0.2648959081119885
2021-10-01,St. Clair,Robbery,568,113,257400,220.66822066822067,0.198943661971831
2021-10-01,St. Clair,Rape,310,95,257400,120.43512043512044,0.3064516129032258
2021-11-01,St. Clair,Violent Crime,1653,648,257400,642.1911421911423,0.39201451905626133
2021-11-01,St. Clair,Property Crime,3821,1075,257400,1484.4599844599845,0.28133996336037687
2021-11-01,St. Clair,Burglary,1057,312,257400,410.6449106449106,0.29517502365184484
2021-11-01,St. Clair,Larceny-Theft,2780,793,257400,1080.0310800310801,0.28525179856115107
2021-11-01,St. Clair,Motor Vehicle Theft,907,284,257400,352.36985236985237,0.3131201764057332
2021-11-01,St. Clair,Aggravated Assault,1296,373,257400,503.4965034965035,0.28780864197530864
2021-11-01,St. Clair,Robbery,521,100,257400,202.4087024087024,0.19193857965451055
2021-11-01,St. Clair,Rape,281,56,257400,109.16860916860918,0.199288256227758
2021-12-01,St. Clair,Violent Crime,1648,499,257400,640.2486402486403,0.30279126213592233
2021-12-01,St. Clair,Property Crime,3783,1508,257400,1469.6969696969695,0.39862542955326463
2021-12-01,St. Clair,Burglary,1151,427,257400,447.16394716394717,0.37098175499565594
2021-12-01,St. Clair,Larceny-Theft,2679,463,257400,1040.7925407925406,0.17282568122433745
2021-12-01,St. Clair,Motor Vehicle Theft,773,298,257400,300.3108003108003,0.3855109961190168
2021-12-01,St. Clair,Aggravated Assault,1368,465,257400,531.4685314685315,0.3399122807017544
2021-12-01,St. Clair,Robbery,526,79,257400,204.35120435120436,0.15019011406844107
2021-12-01,St. Clair,Rape,264,43,257400,102.56410256410257,0.16287878787878787
2022-01-01,St. Clair,Violent Crime,1624,615,257400,630.924630924631,0.3786945812807882
2022-01-01,St. Clair,Property Crime,3811,1136,257400,1480.5749805749806,0.29808449225924954
2022-01-01,St. Clair,Burglary,1115,256,257400,433.17793317793314,0.2295964125560538
2022-01-01,St. Clair,Larceny-Theft,2659,524,257400,1033.022533022533,0.19706656637833772
2022-01-01,St. Clair,Motor Vehicle Theft,838,237,257400,325.5633255633256,0.2828162291169451
2022-01-01,St. Clair,Aggravated Assault,1381,497,257400,536.5190365190366,0.3598841419261405
2022-01-01,St. Clair,Robbery,535,181,257400,207.84770784770785,0.3383177570093458
2022-01-01,St. Clair,Rape,274,73,257400,106.44910644910645,0.2664233576642336
2022-02-01,St. Clair,Violent Crime,1705,303,257400,662.3931623931624,0.17771260997067448
2022-02-01,St. Clair,Property Crime,4069,1474,257400,1580.8080808080808,0.36225116736298846
2022-02-01,St. Clair,Burglary,1219,205,257400,473.58197358197356,0.1681706316652994
2022-02-01,St. Clair,Larceny-Theft,2963,1074,257400,1151.126651126651,0.362470469119136
2022-02-01,St. Clair,Motor Vehicle Theft,872,131,257400,338.7723387723388,0.15022935779816513
2022-02-01,St. Clair,Aggravated Assault,1477,526,257400,573.8150738150739,0.3561272850372376
2022-02-01,St. Clair,Robbery,591,181,257400,229.60372960372962,0.3062605752961083
2022-02-01,St. Clair,Rape,315,114,257400,122.37762237762239,0.3619047619047619
2022-03-01,St. Clair,Violent Crime,1937,382,257400,752.5252525252525,0.197212183789365
2022-03-01,St. Clair,Property Crime,4589,1218,257400,1782.828282828283,0.2654173022444977
2022-03-01,St. Clair,Burglary,1257,452,257400,488.34498834498834,0.35958631662688945
2022-03-01,St. Clair,Larceny-Theft,3169,1253,257400,1231.1577311577312,0.3953928684127485
2022-03-01,St. Clair,Motor Vehicle Theft,985,255,257400,382.6728826728827,0.25888324873096447
2022-03-01,St. Clair,Aggravated Assault,1563,514,257400,607.2261072261072,0.3288547664747281
2022-03-01,St. Clair,Robbery,602,97,257400,233.8772338772339,0.1611295681063123
2022-03-01,St. Clair,Rape,316,49,257400,122.76612276612276,0.1550632911392405
2022-04-01,St. Clair,Violent Crime,2082,435,257400,808.8578088578089,0.20893371757925072
2022-04-01,St. Clair,Property Crime,4991,873,257400,1939.0054390054388,0.17491484672410337
2022-04-01,St. Clair,Burglary,1328,440,257400,515.9285159285159,0.3313253012048193
2022-04-01,St. Clair,Larceny-Theft,3461,666,257400,1344.5998445998446,0.19242993354521815
2022-04-01,St. Clair,Motor Vehicle Theft,1037,344,257400,402.8749028749029,0.3317261330761813
2022-04-01,St. Clair,Aggravated Assault,1709,381,257400,663.947163947164,0.22293739028671739
2022-04-01,St. Clair,Robbery,662,114,257400,257.1872571872572,0.17220543806646527
2022-04-01,St. Clair,Rape,335,65,257400,130.14763014763017,0.19402985074626866
2022-05-01,St. Clair,Violent Crime,2199,697,257400,854.3123543123543,0.31696225557071395
2022-05-01,St. Clair,Property Crime,5095,1985,257400,1979.4094794094794,0.38959764474975467
2022-05-01,St. Clair,Burglary,1401,270,257400,544.2890442890442,0.19271948608137046
2022-05-01,St. Clair,Larceny-Theft,3624,830,257400,1407.925407925408,0.22902869757174393
2022-05-01,St. Clair,Motor Vehicle Theft,1085,277,257400,421.52292152292154,0.2552995391705069
2022-05-01,St. Clair,Aggravated Assault,1854,308,257400,720.2797202797203,0.16612729234088458
2022-05-01,St. Clair,Robbery,731,211,257400,283.993783993784,0.28864569083447333
2022-05-01,St. Clair,Rape,355,74,257400,137.91763791763793,0.2084507042253521
2022-06-01,St. Clair,Violent Crime,2206,633,257400,857.031857031857,0.2869446962828649
2022-06-01,St. Clair,Property Crime,5187,898,257400,2015.1515151515152,0.17312512049354153
2022-06-01,St. Clair,Burglary,1470,417,257400,571.0955710955711,0.2836734693877551
2022-06-01,St. Clair,Larceny-Theft,3737,1152,257400,1451.825951825952,0.30826866470430825
2022-06-01,St. Clair,Motor Vehicle Theft,1105,423,257400,429.2929292929293,0.38280542986425337
2022-06-01,St. Clair,Aggravated Assault,1837,486,257400,713.6752136752137,0.26456178551986936
2022-06-01,St. Clair,Robbery,707,194,257400,274.66977466977465,0.2743988684582744
2022-06-01,St. Clair,Rape,338,91,257400,131.31313131313132,0.2692307692307692
2022-07-01,St. Clair,Violent Crime,2230,714,257400,866.3558663558663,0.3201793721973094
2022-07-01,St. Clair,Property Crime,5015,1313,257400,1948.3294483294483,0.261814556331007
2022-07-01,St. Clair,Burglary,1460,399,257400,567.2105672105672,0.2732876712328767
2022-07-01,St. Clair,Larceny-Theft,3570,1393,257400,1386.9463869463868,0.39019607843137255
2022-07-01,St. Clair,Motor Vehicle Theft,1048,290,257400,407.14840714840716,0.2767175572519084
2022-07-01,St. Clair,Aggravated Assault,1856,623,257400,721.056721056721,0.33566810344827586
2022-07-01,St. Clair,Robbery,754,187,257400,292.92929292929296,0.2480106100795756
2022-07-01,St. Clair,Rape,353,56,257400,137.14063714063715,0.15864022662889518
2022-08-01,St. Clair,Violent Crime,2033,592,257400,789.8212898212898,0.2911952779144122
2022-08-01,St. Clair,Property Crime,4791,955,257400,1861.3053613053612,0.19933208098518054
2022-08-01,St. Clair,Burglary,1365,512,257400,530.3030303030304,0.3750915750915751
2022-08-01,St. Clair,Larceny-Theft,3389,1054,257400,1316.6278166278166,0.3110061965181469
2022-08-01,St. Clair,Motor Vehicle Theft,1071,229,257400,416.0839160839161,0.2138188608776844
2022-08-01,St. Clair,Aggravated Assault,1701,413,257400,660.8391608391609,0.24279835390946503
2022-08-01,St. Clair,Robbery,672,128,257400,261.0722610722611,0.19047619047619047
2022-08-01,St. Clair,Rape,365,98,257400,141.8026418026418,0.2684931506849315
2022-09-01,St. Clair,Violent Crime,1967,303,257400,764.1802641802642,0.15404168784951702
2022-09-01,St. Clair,Property Crime,4491,1310,257400,1744.7552447552448,0.2916945001113338
2022-09-01,St. Clair,Burglary,1290,220,257400,501.16550116550115,0.17054263565891473
2022-09-01,St. Clair,Larceny-Theft,3128,806,257400,1215.2292152292152,0.25767263427109977
2022-09-01,St. Clair,Motor Vehicle Theft,953,287,257400,370.2408702408702,0.3011542497376705
2022-09-01,St. Clair,Aggravated Assault,1555,300,257400,604.118104118104,0.19292604501607716
2022-09-01,St. Clair,Robbery,589,122,257400,228.8267288267288,0.2071307300509338
2022-09-01,St. Clair,Rape,345,66,257400,134.03263403263404,0.19130434782608696
2022-10-01,St. Clair,Violent Crime,1777,286,257400,690.3651903651903,0.16094541361845807
2022-10-01,St. Clair,Property Crime,4163,1114,257400,1617.3271173271175,0.26759548402594285
2022-10-01,St. Clair,Burglary,1157,361,257400,449.49494949494954,0.31201382886776147
2022-10-01,St. Clair,Larceny-Theft,3027,1089,257400,1175.990675990676,0.3597621407333994
2022-10-01,St. Clair,Motor Vehicle Theft,845,134,257400,328.2828282828283,0.15857988165680473
2022-10-01,St. Clair,Aggravated Assault,1429,378,257400,555.1670551670552,0.26452064380685797
2022-10-01,St. Clair,Robbery,548,202,257400,212.8982128982129,0.3686131386861314
2022-10-01,St. Clair,Rape,280,90,257400,108.78010878010878,0.32142857142857145
2022-11-01,St. Clair,Violent Crime,1719,406,257400,667.8321678321679,0.23618382780686445
2022-11-01,St. Clair,Property Crime,3941,914,257400,1531.080031080031,0.23192083227607208
2022-11-01,St. Clair,Burglary,1062,236,257400,412.5874125874126,0.2222222222222222
2022-11-01,St. Clair,Larceny-Theft,2780,1084,257400,1080.0310800310801,0.3899280575539568
2022-11-01,St. Clair,Motor Vehicle Theft,819,297,257400,318.1818181818182,0.3626373626373626
2022-11-01,St. Clair,Aggravated Assault,1382,465,257400,536.907536907537,0.33646888567293776
2022-11-01,St. Clair,Robbery,594,122,257400,230.7692307692308,0.2053872053872054
2022-11-01,St. Clair,Rape,301,88,257400,116.93861693861695,0.292358803986711
2022-12-01,St. Clair,Violent Crime,1672,578,257400,649.5726495726495,0.3456937799043062
2022-12-01,St. Clair,Property Crime,3815,736,257400,1482.128982128982,0.1929226736566186
2022-12-01,St. Clair,Burglary,1078,166,257400,418.8034188034188,0.15398886827458255
2022-12-01,St. Clair,Larceny-Theft,2659,899,257400,1033.022533022533,0.338097028958255
2022-12-01,St. Clair,Motor Vehicle Theft,827,233,257400,321.2898212898213,0.28174123337363965
2022-12-01,St. Clair,Aggravated Assault,1399,364,257400,543.5120435120435,0.26018584703359543
2022-12-01,St. Clair,Robbery,516,109,257400,200.46620046620046,0.21124031007751937
2022-12-01,St. Clair,Rape,263,41,257400,102.17560217560218,0.155893536121673
2023-01-01,St. Clair,Violent Crime,1601,411,257400,621.9891219891219,0.2567145534041224
2023-01-01,St. Clair,Property Crime,3967,603,257400,1541.181041181041,0.15200403327451475
2023-01-01,St. Clair,Burglary,1122,387,257400,435.89743589743586,0.3449197860962567
2023-01-01,St. Clair,Larceny-Theft,2805,727,257400,1089.7435897435896,0.25918003565062386
2023-01-01,St. Clair,Motor Vehicle Theft,868,187,257400,337.21833721833724,0.2154377880184332
2023-01-01,St. Clair,Aggravated Assault,1383,337,257400,537.2960372960373,0.24367317425885757
2023-01-01,St. Clair,Robbery,598,145,257400,232.32323232323233,0.24247491638795987
2023-01-01,St. Clair,Rape,288,90,257400,111.8881118881119,0.3125
2023-02-01,St. Clair,Violent Crime,1725,310,257400,670.1631701631702,0.17971014492753623
2023-02-01,St. Clair,Property Crime,4253,1484,257400,1652.2921522921522,0.34893016694098283
2023-02-01,St. Clair,Burglary,1164,318,257400,452.21445221445225,0.27319587628865977
2023-02-01,St. Clair,Larceny-Theft,3069,1020,257400,1192.3076923076924,0.33235581622678395
2023-02-01,St. Clair,Motor Vehicle Theft,815,217,257400,316.6278166278166,0.26625766871165646
2023-02-01,St. Clair,Aggravated Assault,1546,336,257400,600.6216006216006,0.21733505821474774
2023-02-01,St. Clair,Robbery,584,106,257400,226.88422688422688,0.1815068493150685
2023-02-01,St. Clair,Rape,316,115,257400,122.76612276612276,0.3639240506329114
2023-03-01,St. Clair,Violent Crime,1963,563,257400,762.6262626262626,0.28680590932246564
2023-03-01,St. Clair,Property Crime,4356,1093,257400,1692.3076923076922,0.25091827364554636
2023-03-01,St. Clair,Burglary,1266,335,257400,491.8414918414918,0.2646129541864139
2023-03-01,St. Clair,Larceny-Theft,3149,1102,257400,1223.3877233877233,0.34995236583042233
2023-03-01,St. Clair,Motor Vehicle Theft,992,265,257400,385.3923853923854,0.26713709677419356
2023-03-01,St. Clair,Aggravated Assault,1649,613,257400,640.6371406371406,0.37174044875682233
2023-03-01,St. Clair,Robbery,616,182,257400,239.31623931623932,0.29545454545454547
2023-03-01,St. Clair,Rape,322,56,257400,125.0971250971251,0.17391304347826086
2023-04-01,St. Clair,Violent Crime,2038,719,257400,791.7637917637917,0.35279685966633956
2023-04-01,St. Clair,Property Crime,4742,1185,257400,1842.2688422688423,0.24989455925769719
2023-04-01,St. Clair,Burglary,1335,230,257400,518.6480186480187,0.17228464419475656
2023-04-01,St. Clair,Larceny-Theft,3433,820,257400,1333.7218337218337,0.23885814156714244
2023-04-01,St. Clair,Motor Vehicle Theft,1039,260,257400,403.65190365190364,0.2502406159769009
2023-04-01,St. Clair,Aggravated Assault,1707,450,257400,663.1701631701632,0.26362038664323373
2023-04-01,St. Clair,Robbery,654,250,257400,254.0792540792541,0.382262996941896
2023-04-01,St. Clair,Rape,344,118,257400,133.64413364413363,0.3430232558139535
2023-05-01,St. Clair,Violent Crime,2138,838,257400,830.6138306138307,0.39195509822263797
2023-05-01,St. Clair,Property Crime,5084,931,257400,1975.1359751359753,0.18312352478363494
2023-05-01,St. Clair,Burglary,1407,314,257400,546.6200466200467,0.22316986496090974
2023-05-01,St. Clair,Larceny-Theft,3541,741,257400,1375.6798756798755,0.2092629200790737
2023-05-01,St. Clair,Motor Vehicle Theft,1055,401,257400,409.8679098679099,0.3800947867298578
2023-05-01,St. Clair,Aggravated Assault,1861,470,257400,722.999222999223,0.2525523911875336
2023-05-01,St. Clair,Robbery,725,118,257400,281.66278166278164,0.16275862068965516
2023-05-01,St. Clair,Rape,399,79,257400,155.01165501165502,0.19799498746867167
2023-06-01,St. Clair,Violent Crime,2199,339,257400,854.3123543123543,0.15416098226466576
2023-06-01,St. Clair,Property Crime,5053,1621,257400,1963.092463092463,0.3207995250346329
2023-06-01,St. Clair,Burglary,1436,415,257400,557.886557886558,0.2889972144846797
2023-06-01,St. Clair,Larceny-Theft,3757,688,257400,1459.5959595959596,0.18312483364386478
2023-06-01,St. Clair,Motor Vehicle Theft,1100,195,257400,427.35042735042737,0.17727272727272728
2023-06-01,St. Clair,Aggravated Assault,1826,289,257400,709.4017094017094,0.15826944140197152
2023-06-01,St. Clair,Robbery,733,264,257400,284.77078477078476,0.3601637107776262
2023-06-01,St. Clair,Rape,373,93,257400,144.91064491064492,0.24932975871313673
2023-07-01,St. Clair,Violent Crime,2163,807,257400,840.3263403263403,0.37309292649098474
2023-07-01,St. Clair,Property Crime,4952,1561,257400,1923.853923853924,0.31522617124394187
2023-07-01,St. Clair,Burglary,1460,493,257400,567.2105672105672,0.3376712328767123
2023-07-01,St. Clair,Larceny-Theft,3598,1158,257400,1397.824397824398,0.3218454697053919
2023-07-01,St. Clair,Motor Vehicle Theft,1083,337,257400,420.7459207459207,0.31117266851338876
2023-07-01,St. Clair,Aggravated Assault,1810,548,257400,703.1857031857031,0.3027624309392265
2023-07-01,St. Clair,Robbery,739,206,257400,287.1017871017871,0.2787550744248985
2023-07-01,St. Clair,Rape,371,78,257400,144.13364413364414,0.21024258760107817
2023-08-01,St. Clair,Violent Crime,2070,497,257400,804.1958041958042,0.2400966183574879
2023-08-01,St. Clair,Property Crime,4782,801,257400,1857.8088578088577,0.16750313676286072
2023-08-01,St. Clair,Burglary,1404,424,257400,545.4545454545455,0.301994301994302
2023-08-01,St. Clair,Larceny-Theft,3463,1278,257400,1345.3768453768453,0.36904418134565403
2023-08-01,St. Clair,Motor Vehicle Theft,1024,382,257400,397.8243978243978,0.373046875
2023-08-01,St. Clair,Aggravated Assault,1767,276,257400,686.4801864801865,0.15619694397283532
2023-08-01,St. Clair,Robbery,644,253,257400,250.1942501942502,0.39285714285714285
2023-08-01,St. Clair,Rape,346,128,257400,134.4211344211344,0.3699421965317919
2023-09-01,St. Clair,Violent Crime,1909,735,257400,741.6472416472417,0.38501833420639076
2023-09-01,St. Clair,Property Crime,4547,1264,257400,1766.5112665112667,0.27798548493512204
2023-09-01,St. Clair,Burglary,1309,383,257400,508.5470085470086,0.29258976317799845
2023-09-01,St. Clair,Larceny-Theft,3244,518,257400,1260.2952602952603,0.1596794081381011
2023-09-01,St. Clair,Motor Vehicle Theft,982,302,257400,381.5073815073815,0.3075356415478615
2023-09-01,St. Clair,Aggravated Assault,1530,341,257400,594.4055944055943,0.22287581699346407
2023-09-01,St. Clair,Robbery,617,238,257400,239.7047397047397,0.3857374392220421
2023-09-01,St. Clair,Rape,330,90,257400,128.2051282051282,0.2727272727272727
2023-10-01,St. Clair,Violent Crime,1768,512,257400,686.8686868686868,0.2895927601809955
2023-10-01,St. Clair,Property Crime,4193,787,257400,1628.982128982129,0.18769377533985213
2023-10-01,St. Clair,Burglary,1212,239,257400,470.8624708624709,0.1971947194719472
2023-10-01,St. Clair,Larceny-Theft,2903,1006,257400,1127.8166278166277,0.34653806407165
2023-10-01,St. Clair,Motor Vehicle Theft,869,231,257400,337.6068376068376,0.26582278481012656
2023-10-01,St. Clair,Aggravated Assault,1505,308,257400,584.6930846930846,0.20465116279069767
2023-10-01,St. Clair,Robbery,566,133,257400,219.89121989121992,0.23498233215547704
2023-10-01,St. Clair,Rape,286,99,257400,111.11111111111111,0.34615384615384615
2023-11-01,St. Clair,Violent Crime,1694,639,257400,658.1196581196582,0.3772136953955136
2023-11-01,St. Clair,Property Crime,3955,1454,257400,1536.5190365190365,0.36763590391908973
2023-11-01,St. Clair,Burglary,1088,341,257400,422.6884226884227,0.3134191176470588
2023-11-01,St. Clair,Larceny-Theft,2801,643,257400,1088.1895881895882,0.22956087111745804
2023-11-01,St. Clair,Motor Vehicle Theft,853,144,257400,331.39083139083135,0.16881594372801875
2023-11-01,St. Clair,Aggravated Assault,1363,284,257400,529.5260295260294,0.20836390315480557
2023-11-01,St. Clair,Robbery,532,123,257400,206.68220668220667,0.231203007518797
2023-11-01,St. Clair,Rape,295,78,257400,114.60761460761462,0.26440677966101694
2023-12-01,St. Clair,Violent Crime,1665,285,257400,646.8531468531469,0.17117117117117117
2023-12-01,St. Clair,Property Crime,3814,753,257400,1481.7404817404818,0.19743051914001047
2023-12-01,St. Clair,Burglary,1091,373,257400,423.85392385392385,0.34188817598533455
2023-12-01,St. Clair,Larceny-Theft,2763,1062,257400,1073.4265734265734,0.38436482084690554
2023-12-01,St. Clair,Motor Vehicle Theft,806,280,257400,313.13131313131316,0.34739454094292804
2023-12-01,St. Clair,Aggravated Assault,1332,273,257400,517.4825174825176,0.20495495495495494
2023-12-01,St. Clair,Robbery,557,186,257400,216.3947163947164,0.3339317773788151
2023-12-01,St. Clair,Rape,281,59,257400,109.16860916860918,0.2099644128113879
2024-01-01,St. Clair,Violent Crime,1681,620,257400,653.069153069153,0.3688280785246877
2024-01-01,St. Clair,Property Crime,3902,1374,257400,1515.928515928516,0.3521271143003588
2024-01-01,St. Clair,Burglary,1160,454,257400,450.66045066045064,0.3913793103448276
2024-01-01,St. Clair,Larceny-Theft,2773,504,257400,1077.3115773115774,0.18175261449693472
2024-01-01,St. Clair,Motor Vehicle Theft,824,183,257400,320.12432012432015,0.2220873786407767
2024-01-01,St. Clair,Aggravated Assault,1338,203,257400,519.8135198135197,0.1517189835575486
2024-01-01,St. Clair,Robbery,542,161,257400,210.5672105672106,0.29704797047970477
2024-01-01,St. Clair,Rape,265,72,257400,102.95260295260296,0.27169811320754716
2024-02-01,St. Clair,Violent Crime,1790,347,257400,695.4156954156954,0.19385474860335195
2024-02-01,St. Clair,Property Crime,4114,865,257400,1598.2905982905984,0.21025765678172095
2024-02-01,St. Clair,Burglary,1180,187,257400,458.4304584304585,0.15847457627118644
2024-02-01,St. Clair,Larceny-Theft,2947,542,257400,1144.9106449106448,0.1839158466236851
2024-02-01,St. Clair,Motor Vehicle Theft,877,342,257400,340.7148407148407,0.3899657924743444
2024-02-01,St. Clair,Aggravated Assault,1518,507,257400,589.7435897435897,0.3339920948616601
2024-02-01,St. Clair,Robbery,559,122,257400,217.17171717171718,0.2182468694096601
2024-02-01,St. Clair,Rape,276,50,257400,107.22610722610723,0.18115942028985507
2024-03-01,St. Clair,Violent Crime,1941,548,257400,754.0792540792542,0.28232869654817105
2024-03-01,St. Clair,Property Crime,4388,1298,257400,1704.7397047397046,0.29580674567000914
2024-03-01,St. Clair,Burglary,1254,210,257400,487.1794871794872,0.1674641148325359
2024-03-01,St. Clair,Larceny-Theft,3267,823,257400,1269.2307692307693,0.2519130700948883
2024-03-01,St. Clair,Motor Vehicle Theft,940,212,257400,365.1903651903652,0.225531914893617
2024-03-01,St. Clair,Aggravated Assault,1652,524,257400,641.8026418026418,0.3171912832929782
2024-03-01,St. Clair,Robbery,662,201,257400,257.1872571872572,0.30362537764350456
2024-03-01,St. Clair,Rape,317,72,257400,123.15462315462317,0.22712933753943218
2024-04-01,St. Clair,Violent Crime,2077,520,257400,806.9153069153069,0.25036109773712084
2024-04-01,St. Clair,Property Crime,4671,1104,257400,1814.6853146853146,0.2363519588953115
2024-04-01,St. Clair,Burglary,1391,377,257400,540.4040404040404,0.27102803738317754
2024-04-01,St. Clair,Larceny-Theft,3425,602,257400,1330.6138306138307,0.17576642335766424
2024-04-01,St. Clair,Motor Vehicle Theft,1005,319,257400,390.4428904428904,0.3174129353233831
2024-04-01,St. Clair,Aggravated Assault,1738,625,257400,675.2136752136752,0.35960874568469503
2024-04-01,St. Clair,Robbery,670,193,257400,260.29526029526033,0.2880597014925373
2024-04-01,St. Clair,Rape,354,63,257400,137.52913752913753,0.17796610169491525
2024-05-01,St. Clair,Violent Crime,2291,489,257400,890.0543900543901,0.21344391095591445
2024-05-01,St. Clair,Property Crime,5120,1840,257400,1989.1219891219891,0.359375
2024-05-01,St. Clair,Burglary,1444,549,257400,560.9945609945611,0.3801939058171745
2024-05-01,St. Clair,Larceny-Theft,3556,657,257400,1381.5073815073815,0.1847581552305962
2024-05-01,St. Clair,Motor Vehicle Theft,1089,292,257400,423.07692307692304,0.2681359044995409
2024-05-01,St. Clair,Aggravated Assault,1835,613,257400,712.8982128982128,0.3340599455040872
2024-05-01,St. Clair,Robbery,769,148,257400,298.75679875679873,0.19245773732119636
2024-05-01,St. Clair,Rape,317,58,257400,123.15462315462317,0.1829652996845426
2024-06-01,St. Clair,Violent Crime,2210,353,257400,858.5858585858585,0.1597285067873303
2024-06-01,St. Clair,Property Crime,5157,1926,257400,2003.4965034965037,0.37347294938917974
2024-06-01,St. Clair,Burglary,1481,473,257400,575.3690753690754,0.3193787981093856
2024-06-01,St. Clair,Larceny-Theft,3719,1358,257400,1444.8329448329448,0.3651519225598279
2024-06-01,St. Clair,Motor Vehicle Theft,1062,184,257400,412.5874125874126,0.17325800376647835
2024-06-01,St. Clair,Aggravated Assault,1796,681,257400,697.7466977466978,0.37917594654788417
2024-06-01,St. Clair,Robbery,687,194,257400,266.8997668997669,0.2823871906841339
2024-06-01,St. Clair,Rape,379,94,257400,147.24164724164726,0.24802110817941952
2024-07-01,St. Clair,Violent Crime,2183,476,257400,848.096348096348,0.2180485570316079
2024-07-01,St. Clair,Property Crime,5064,803,257400,1967.3659673659672,0.15857030015797788
2024-07-01,St. Clair,Burglary,1474,576,257400,572.6495726495726,0.39077340569877883
2024-07-01,St. Clair,Larceny-Theft,3718,1041,257400,1444.4444444444443,0.27998924152770305
2024-07-01,St. Clair,Motor Vehicle Theft,1051,358,257400,408.31390831390826,0.340627973358706
2024-07-01,St. Clair,Aggravated Assault,1866,370,257400,724.9417249417249,0.1982851018220793
2024-07-01,St. Clair,Robbery,729,111,257400,283.2167832167832,0.1522633744855967
2024-07-01,St. Clair,Rape,342,123,257400,132.86713286713288,0.35964912280701755
2024-08-01,St. Clair,Violent Crime,2025,789,257400,786.7132867132868,0.3896296296296296
2024-08-01,St. Clair,Property Crime,4779,1055,257400,1856.6433566433566,0.2207574806444863
2024-08-01,St. Clair,Burglary,1322,223,257400,513.5975135975136,0.1686838124054463
2024-08-01,St. Clair,Larceny-Theft,3447,828,257400,1339.160839160839,0.2402088772845953
2024-08-01,St. Clair,Motor Vehicle Theft,1069,405,257400,415.30691530691536,0.37885874649204865
2024-08-01,St. Clair,Aggravated Assault,1715,578,257400,666.2781662781663,0.33702623906705537
2024-08-01,St. Clair,Robbery,639,200,257400,248.25174825174827,0.3129890453834116
2024-08-01,St. Clair,Rape,342,129,257400,132.86713286713288,0.37719298245614036
2024-09-01,St. Clair,Violent Crime,1901,523,257400,738.5392385392386,0.2751183587585481
2024-09-01,St. Clair,Property Crime,4577,1570,257400,1778.1662781662783,0.3430194450513437
2024-09-01,St. Clair,Burglary,1251,482,257400,486.01398601398597,0.3852917665867306
2024-09-01,St. Clair,Larceny-Theft,3125,684,257400,1214.063714063714,0.21888
2024-09-01,St. Clair,Motor Vehicle Theft,944,279,257400,366.74436674436674,0.2955508474576271
2024-09-01,St. Clair,Aggravated Assault,1578,242,257400,613.053613053613,0.15335868187579213
2024-09-01,St. Clair,Robbery,589,150,257400,228.8267288267288,0.2546689303904924
2024-09-01,St. Clair,Rape,337,71,257400,130.92463092463095,0.21068249258160238
2024-10-01,St. Clair,Violent Crime,1780,395,257400,691.5306915306916,0.22191011235955055
2024-10-01,St. Clair,Property Crime,4116,756,257400,1599.0675990675993,0.1836734693877551
2024-10-01,St. Clair,Burglary,1193,235,257400,463.48096348096345,0.1969823973176865
2024-10-01,St. Clair,Larceny-Theft,2927,579,257400,1137.1406371406372,0.19781346088144858
2024-10-01,St. Clair,Motor Vehicle Theft,934,292,257400,362.8593628593629,0.31263383297644537
2024-10-01,St. Clair,Aggravated Assault,1463,434,257400,568.3760683760684,0.2966507177033493
2024-10-01,St. Clair,Robbery,569,155,257400,221.05672105672105,0.27240773286467485
2024-10-01,St. Clair,Rape,313,124,257400,121.60062160062161,0.3961661341853035
2024-11-01,St. Clair,Violent Crime,1668,565,257400,648.018648018648,0.33872901678657075
2024-11-01,St. Clair,Property Crime,3856,781,257400,1498.0574980574982,0.2025414937759336
2024-11-01,St. Clair,Burglary,1115,264,257400,433.17793317793314,0.2367713004484305
2024-11-01,St. Clair,Larceny-Theft,2876,886,257400,1117.3271173271173,0.30806675938803896
2024-11-01,St. Clair,Motor Vehicle Theft,841,194,257400,326.72882672882673,0.23067776456599287
2024-11-01,St. Clair,Aggravated Assault,1395,488,257400,541.9580419580419,0.34982078853046594
2024-11-01,St. Clair,Robbery,532,179,257400,206.68220668220667,0.33646616541353386
2024-11-01,St. Clair,Rape,267,76,257400,103.72960372960374,0.2846441947565543
2024-12-01,St. Clair,Violent Crime,1727,440,257400,670.9401709401709,0.25477707006369427
2024-12-01,St. Clair,Property Crime,3838,1510,257400,1491.064491064491,0.39343408025013027
2024-12-01,St. Clair,Burglary,1103,358,257400,428.5159285159285,0.32456935630099726
2024-12-01,St. Clair,Larceny-Theft,2750,621,257400,1068.3760683760684,0.2258181818181818
2024-12-01,St. Clair,Motor Vehicle Theft,839,243,257400,325.951825951826,0.2896305125148987
2024-12-01,St. Clair,Aggravated Assault,1328,235,257400,515.9285159285159,0.1769578313253012
2024-12-01,St. Clair,Robbery,568,111,257400,220.66822066822067,0.1954225352112676
2024-12-01,St. Clair,Rape,273,63,257400,106.06060606060608,0.23076923076923078
2020-01-01,Sangamon,Violent Crime,1029,245,196778,522.9243106444826,0.23809523809523808
2020-01-01,Sangamon,Property Crime,2455,792,196778,1247.5988169409181,0.32260692464358454
2020-01-01,Sangamon,Burglary,657,144,196778,333.87878726280377,0.2191780821917808
2020-01-01,Sangamon,Larceny-Theft,1728,563,196778,878.1469473213468,0.3258101851851852
2020-01-01,Sangamon,Motor Vehicle Theft,508,83,196778,258.1589405319701,0.16338582677165353
2020-01-01,Sangamon,Aggravated Assault,884,209,196778,449.23721147689275,0.23642533936651583
2020-01-01,Sangamon,Robbery,358,95,196778,181.93090691032535,0.26536312849162014
2020-01-01,Sangamon,Rape,174,54,196778,88.42451900110784,0.3103448275862069
2020-02-01,Sangamon,Violent Crime,1086,205,196778,551.8909634207076,0.1887661141804788
2020-02-01,Sangamon,Property Crime,2603,656,196778,1322.810476780941,0.2520169035728006
2020-02-01,Sangamon,Burglary,708,253,196778,359.79631869416295,0.3573446327683616
2020-02-01,Sangamon,Larceny-Theft,1904,695,196778,967.5878401040767,0.3650210084033613
2020-02-01,Sangamon,Motor Vehicle Theft,516,86,196778,262.22443565845776,0.16666666666666666
2020-02-01,Sangamon,Aggravated Assault,922,209,196778,468.5483133277094,0.22668112798264642
2020-02-01,Sangamon,Robbery,394,93,196778,200.22563497952007,0.23604060913705585
2020-02-01,Sangamon,Rape,196,62,196778,99.60463059894907,0.3163265306122449
2020-03-01,Sangamon,Violent Crime,1243,368,196778,631.676305278029,0.29605792437650846
2020-03-01,Sangamon,Property Crime,2700,468,196778,1372.1046051896046,0.17333333333333334
2020-03-01,Sangamon,Burglary,782,185,196778,397.40214861417434,0.23657289002557544
2020-03-01,Sangamon,Larceny-Theft,2002,529,196778,1017.3901554035513,0.2642357642357642
2020-03-01,Sangamon,Motor Vehicle Theft,607,100,196778,308.4694427222555,0.16474464579901152
2020-03-01,Sangamon,Aggravated Assault,996,173,196778,506.1541432477208,0.17369477911646586
2020-03-01,Sangamon,Robbery,362,123,196778,183.9636544735692,0.3397790055248619
2020-03-01,Sangamon,Rape,209,55,196778,106.2110601794916,0.2631578947368421
2020-04-01,Sangamon,Violent Crime,1337,471,196778,679.4458730142597,0.35228122662677636
2020-04-01,Sangamon,Property Crime,3057,808,196778,1553.5273252091188,0.2643114164213281
2020-04-01,Sangamon,Burglary,932,343,196778,473.630182235819,0.36802575107296137
2020-04-01,Sangamon,Larceny-Theft,2129,362,196778,1081.9298905365438,0.1700328792860498
2020-04-01,Sangamon,Motor Vehicle Theft,614,167,196778,312.02675095793234,0.2719869706840391
2020-04-01,Sangamon,Aggravated Assault,1067,299,196778,542.2354124952992,0.2802249297094658
2020-04-01,Sangamon,Robbery,431,65,196778,219.02854993952576,0.15081206496519722
2020-04-01,Sangamon,Rape,192,38,196778,97.57188303570521,0.19791666666666666
2020-05-01,Sangamon,Violent Crime,1406,553,196778,714.5107684802164,0.3933143669985775
2020-05-01,Sangamon,Property Crime,3268,906,196778,1660.7547591702323,0.277233782129743
2020-05-01,Sangamon,Burglary,870,323,196778,442.1225950055392,0.37126436781609196
2020-05-01,Sangamon,Larceny-Theft,2310,784,196778,1173.9117177733283,0.3393939393939394
2020-05-01,Sangamon,Motor Vehicle Theft,636,215,196778,323.2068625557735,0.3380503144654088
2020-05-01,Sangamon,Aggravated Assault,1120,195,196778,569.1693177082803,0.17410714285714285
2020-05-01,Sangamon,Robbery,477,170,196778,242.40514691683015,0.35639412997903563
2020-05-01,Sangamon,Rape,208,53,196778,105.70287328868064,0.2548076923076923
2020-06-01,Sangamon,Violent Crime,1416,505,196778,719.5926373883259,0.356638418079096
2020-06-01,Sangamon,Property Crime,3250,1258,196778,1651.607395135635,0.3870769230769231
2020-06-01,Sangamon,Burglary,900,230,196778,457.36820172986813,0.25555555555555554
2020-06-01,Sangamon,Larceny-Theft,2242,444,196778,1139.3550091981826,0.19803746654772525
2020-06-01,Sangamon,Motor Vehicle Theft,663,180,196778,336.92790860766956,0.27149321266968324
2020-06-01,Sangamon,Aggravated Assault,1179,440,196778,599.1523442661273,0.37319762510602206
2020-06-01,Sangamon,Robbery,467,147,196778,237.32327800872048,0.3147751605995717
2020-06-01,Sangamon,Rape,227,38,196778,115.35842421408898,0.16740088105726872
2020-07-01,Sangamon,Violent Crime,1398,295,196778,710.4452733537286,0.21101573676680974
2020-07-01,Sangamon,Property Crime,3202,654,196778,1627.2144243767088,0.2042473454091193
2020-07-01,Sangamon,Burglary,843,285,196778,428.40154895364316,0.33807829181494664
2020-07-01,Sangamon,Larceny-Theft,2302,633,196778,1169.8462226468407,0.2749782797567333
2020-07-01,Sangamon,Motor Vehicle Theft,692,216,196778,351.6653284411875,0.31213872832369943
2020-07-01,Sangamon,Aggravated Assault,1071,288,196778,544.2681600585431,0.2689075630252101
2020-07-01,Sangamon,Robbery,460,90,196778,233.76596977304374,0.1956521739130435
2020-07-01,Sangamon,Rape,211,43,196778,107.22743396111355,0.2037914691943128
2020-08-01,Sangamon,Violent Crime,1276,331,196778,648.4464726747909,0.25940438871473354
2020-08-01,Sangamon,Property Crime,3049,553,196778,1549.4618300826312,0.18137094129222697
2020-08-01,Sangamon,Burglary,807,125,196778,410.10682088444844,0.15489467162329615
2020-08-01,Sangamon,Larceny-Theft,2161,857,196778,1098.1918710424945,0.3965756594169366
2020-08-01,Sangamon,Motor Vehicle Theft,679,164,196778,345.058898860645,0.24153166421207659
2020-08-01,Sangamon,Aggravated Assault,1052,194,196778,534.6126091331348,0.1844106463878327
2020-08-01,Sangamon,Robbery,402,84,196778,204.2911301060078,0.208955223880597
2020-08-01,Sangamon,Rape,206,60,196778,104.68649950705871,0.2912621359223301
2020-09-01,Sangamon,Violent Crime,1193,233,196778,606.2669607374808,0.1953059513830679
2020-09-01,Sangamon,Property Crime,2730,536,196778,1387.3502119139334,0.19633699633699633
2020-09-01,Sangamon,Burglary,787,207,196778,399.9430830682292,0.2630241423125794
2020-09-01,Sangamon,Larceny-Theft,1964,340,196778,998.0790535527346,0.17311608961303462
2020-09-01,Sangamon,Motor Vehicle Theft,593,137,196778,301.354826250902,0.23102866779089376
2020-09-01,Sangamon,Aggravated Assault,1040,403,196778,528.5143664434032,0.3875
2020-09-01,Sangamon,Robbery,417,151,196778,211.91393346817225,0.36211031175059955
2020-09-01,Sangamon,Rape,174,69,196778,88.42451900110784,0.39655172413793105
2020-10-01,Sangamon,Violent Crime,1136,371,196778,577.3003079612558,0.3265845070422535
2020-10-01,Sangamon,Property Crime,2624,999,196778,1333.4824014879712,0.38071646341463417
2020-10-01,Sangamon,Burglary,767,244,196778,389.7793452520099,0.318122555410691
2020-10-01,Sangamon,Larceny-Theft,1820,698,196778,924.9001412759558,0.38351648351648354
2020-10-01,Sangamon,Motor Vehicle Theft,559,104,196778,284.0764719633292,0.18604651162790697
2020-10-01,Sangamon,Aggravated Assault,955,337,196778,485.3184807244712,0.35287958115183243
2020-10-01,Sangamon,Robbery,377,85,196778,191.58645783573365,0.22546419098143236
2020-10-01,Sangamon,Rape,162,44,196778,82.32627631137626,0.2716049382716049
2020-11-01,Sangamon,Violent Crime,1044,164,196778,530.547114006647,0.15708812260536398
2020-11-01,Sangamon,Property Crime,2471,394,196778,1255.7298071938935,0.1594496155402671
2020-11-01,Sangamon,Burglary,689,239,196778,350.14076776875464,0.3468795355587808
2020-11-01,Sangamon,Larceny-Theft,1739,278,196778,883.7370031202674,0.15986198964922368
2020-11-01,Sangamon,Motor Vehicle Theft,528,136,196778,268.32267834818936,0.25757575757575757
2020-11-01,Sangamon,Aggravated Assault,872,263,196778,443.1389687871612,0.30160550458715596
2020-11-01,Sangamon,Robbery,331,101,196778,168.2098608584293,0.30513595166163143
2020-11-01,Sangamon,Rape,183,71,196778,92.99820101840653,0.3879781420765027
2020-12-01,Sangamon,Violent Crime,1021,178,196778,518.8588155179949,0.1743388834476004
2020-12-01,Sangamon,Property Crime,2357,770,196778,1197.7965016414437,0.3266864658464149
2020-12-01,Sangamon,Burglary,717,261,196778,364.3700007114616,0.36401673640167365
2020-12-01,Sangamon,Larceny-Theft,1766,582,196778,897.4580491721636,0.32955832389580975
2020-12-01,Sangamon,Motor Vehicle Theft,505,118,196778,256.63437985953715,0.23366336633663368
2020-12-01,Sangamon,Aggravated Assault,832,155,196778,422.81149315472254,0.18629807692307693
2020-12-01,Sangamon,Robbery,359,89,196778,182.4390938011363,0.2479108635097493
2020-12-01,Sangamon,Rape,189,54,196778,96.04732236327231,0.2857142857142857
2021-01-01,Sangamon,Violent Crime,1006,395,196778,511.2360121558304,0.3926441351888668
2021-01-01,Sangamon,Property Crime,2412,479,196778,1225.7467806360467,0.19859038142620233
2021-01-01,Sangamon,Burglary,657,225,196778,333.87878726280377,0.3424657534246575
2021-01-01,Sangamon,Larceny-Theft,1703,674,196778,865.4422750510728,0.3957721667645332
2021-01-01,Sangamon,Motor Vehicle Theft,510,192,196778,259.17531431359197,0.3764705882352941
2021-01-01,Sangamon,Aggravated Assault,875,325,196778,444.66352945959403,0.37142857142857144
2021-01-01,Sangamon,Robbery,370,103,196778,188.02914960005694,0.27837837837837837
2021-01-01,Sangamon,Rape,195,42,196778,99.09644370813811,0.2153846153846154
2021-02-01,Sangamon,Violent Crime,1077,312,196778,547.317281403409,0.28969359331476324
2021-02-01,Sangamon,Property Crime,2491,398,196778,1265.893545010113,0.1597751906864713
2021-02-01,Sangamon,Burglary,768,178,196778,390.28753214282085,0.23177083333333334
2021-02-01,Sangamon,Larceny-Theft,1901,389,196778,966.0632794316438,0.20462914255654918
2021-02-01,Sangamon,Motor Vehicle Theft,510,126,196778,259.17531431359197,0.24705882352941178
2021-02-01,Sangamon,Aggravated Assault,947,223,196778,481.2529855979835,0.235480464625132
2021-02-01,Sangamon,Robbery,366,137,196778,185.99640203681307,0.3743169398907104
2021-02-01,Sangamon,Rape,154,24,196778,78.26078118488856,0.15584415584415584
2021-03-01,Sangamon,Violent Crime,1194,287,196778,606.7751476282918,0.2403685092127303
2021-03-01,Sangamon,Property Crime,2893,1109,196778,1470.1846751161206,0.38333909436571034
2021-03-01,Sangamon,Burglary,820,170,196778,416.713250464991,0.2073170731707317
2021-03-01,Sangamon,Larceny-Theft,1981,542,196778,1006.7182306965209,0.2735991923271075
2021-03-01,Sangamon,Motor Vehicle Theft,596,154,196778,302.87938692333495,0.25838926174496646
2021-03-01,Sangamon,Aggravated Assault,1040,284,196778,528.5143664434032,0.27307692307692305
2021-03-01,Sangamon,Robbery,390,93,196778,198.19288741627622,0.23846153846153847
2021-03-01,Sangamon,Rape,215,60,196778,109.26018152435739,0.27906976744186046
2021-04-01,Sangamon,Violent Crime,1285,241,196778,653.0201546920896,0.18754863813229572
2021-04-01,Sangamon,Property Crime,3019,1107,196778,1534.2162233583022,0.36667770785028153
2021-04-01,Sangamon,Burglary,843,252,196778,428.40154895364316,0.298932384341637
2021-04-01,Sangamon,Larceny-Theft,2097,532,196778,1065.6679100305928,0.2536957558416786
2021-04-01,Sangamon,Motor Vehicle Theft,632,189,196778,321.17411499252967,0.2990506329113924
2021-04-01,Sangamon,Aggravated Assault,1078,244,196778,547.8254682942198,0.22634508348794063
2021-04-01,Sangamon,Robbery,401,145,196778,203.78294321519684,0.36159600997506236
2021-04-01,Sangamon,Rape,203,55,196778,103.16193883462583,0.270935960591133
2021-05-01,Sangamon,Violent Crime,1356,217,196778,689.101423939668,0.16002949852507375
2021-05-01,Sangamon,Property Crime,3192,852,196778,1622.132555468599,0.2669172932330827
2021-05-01,Sangamon,Burglary,934,174,196778,474.64655601744096,0.18629550321199143
2021-05-01,Sangamon,Larceny-Theft,2294,449,196778,1165.780727520353,0.19572798605056668
2021-05-01,Sangamon,Motor Vehicle Theft,730,265,196778,370.9764302920042,0.363013698630137
2021-05-01,Sangamon,Aggravated Assault,1111,440,196778,564.5956356909818,0.39603960396039606
2021-05-01,Sangamon,Robbery,452,92,196778,229.700474646556,0.20353982300884957
2021-05-01,Sangamon,Rape,225,59,196778,114.34205043246703,0.26222222222222225
2021-06-01,Sangamon,Violent Crime,1368,326,196778,695.1996666293996,0.23830409356725146
2021-06-01,Sangamon,Property Crime,3226,1075,196778,1639.410909756172,0.333230006199628
2021-06-01,Sangamon,Burglary,922,330,196778,468.5483133277094,0.3579175704989154
2021-06-01,Sangamon,Larceny-Theft,2280,430,196778,1158.6661110489995,0.18859649122807018
2021-06-01,Sangamon,Motor Vehicle Theft,668,145,196778,339.4688430617244,0.21706586826347304
2021-06-01,Sangamon,Aggravated Assault,1175,405,196778,597.1195967028835,0.3446808510638298
2021-06-01,Sangamon,Robbery,467,152,196778,237.32327800872048,0.32548179871520344
2021-06-01,Sangamon,Rape,225,71,196778,114.34205043246703,0.31555555555555553
2021-07-01,Sangamon,Violent Crime,1374,510,196778,698.2487879742655,0.37117903930131
2021-07-01,Sangamon,Property Crime,3113,1072,196778,1581.985791094533,0.34436235142948923
2021-07-01,Sangamon,Burglary,901,213,196778,457.87638862067917,0.23640399556048836
2021-07-01,Sangamon,Larceny-Theft,2236,594,196778,1136.3058878533168,0.26565295169946335
2021-07-01,Sangamon,Motor Vehicle Theft,677,148,196778,344.04252507902305,0.21861152141802068
2021-07-01,Sangamon,Aggravated Assault,1142,422,196778,580.3494293061216,0.36952714535901926
2021-07-01,Sangamon,Robbery,469,151,196778,238.3396517903424,0.32196162046908317
2021-07-01,Sangamon,Rape,230,50,196778,116.88298488652187,0.21739130434782608
2021-08-01,Sangamon,Violent Crime,1277,395,196778,648.9546595656018,0.3093187157400157
2021-08-01,Sangamon,Property Crime,3007,1020,196778,1528.1179806685707,0.33920851346857334
2021-08-01,Sangamon,Burglary,868,202,196778,441.10622122391726,0.23271889400921658
2021-08-01,Sangamon,Larceny-Theft,2208,785,196778,1122.07665491061,0.3555253623188406
2021-08-01,Sangamon,Motor Vehicle Theft,647,184,196778,328.7969183546941,0.28438948995363217
2021-08-01,Sangamon,Aggravated Assault,1060,285,196778,538.6781042596225,0.2688679245283019
2021-08-01,Sangamon,Robbery,452,145,196778,229.700474646556,0.32079646017699115
2021-08-01,Sangamon,Rape,231,53,196778,117.39117177733283,0.22943722943722944
2021-09-01,Sangamon,Violent Crime,1200,341,196778,609.8242689731576,0.2841666666666667
2021-09-01,Sangamon,Property Crime,2729,851,196778,1386.8420250231225,0.31183583730304143
2021-09-01,Sangamon,Burglary,789,291,196778,400.9594568498511,0.3688212927756654
2021-09-01,Sangamon,Larceny-Theft,1930,371,196778,980.8006992651618,0.1922279792746114
2021-09-01,Sangamon,Motor Vehicle Theft,531,181,196778,269.8472390206222,0.3408662900188324
2021-09-01,Sangamon,Aggravated Assault,989,278,196778,502.596835012044,0.2810920121334681
2021-09-01,Sangamon,Robbery,370,71,196778,188.02914960005694,0.1918918918918919
2021-09-01,Sangamon,Rape,193,74,196778,98.08006992651619,0.38341968911917096
2021-10-01,Sangamon,Violent Crime,1095,216,196778,556.4646454380063,0.19726027397260273
2021-10-01,Sangamon,Property Crime,2633,521,196778,1338.05608350527,0.1978731484998101
2021-10-01,Sangamon,Burglary,722,177,196778,366.9109351655165,0.2451523545706371
2021-10-01,Sangamon,Larceny-Theft,1805,719,196778,917.2773379137913,0.39833795013850415
2021-10-01,Sangamon,Motor Vehicle Theft,558,154,196778,283.5682850725183,0.27598566308243727
2021-10-01,Sangamon,Aggravated Assault,926,201,196778,470.58106089095327,0.21706263498920086
2021-10-01,Sangamon,Robbery,328,53,196778,166.6853001859964,0.16158536585365854
2021-10-01,Sangamon,Rape,186,52,196778,94.52276169083943,0.27956989247311825
2021-11-01,Sangamon,Violent Crime,1089,256,196778,553.4155240931404,0.23507805325987144
2021-11-01,Sangamon,Property Crime,2446,583,196778,1243.0251349236196,0.2383483237939493
2021-11-01,Sangamon,Burglary,674,244,196778,342.5179644065902,0.3620178041543027
2021-11-01,Sangamon,Larceny-Theft,1745,667,196778,886.7861244651333,0.38223495702005733
2021-11-01,Sangamon,Motor Vehicle Theft,490,156,196778,249.0115764973727,0.3183673469387755
2021-11-01,Sangamon,Aggravated Assault,871,144,196778,442.6307818963502,0.1653272101033295
2021-11-01,Sangamon,Robbery,374,89,196778,190.06189716330078,0.23796791443850268
2021-11-01,Sangamon,Rape,193,67,196778,98.08006992651619,0.3471502590673575
2021-12-01,Sangamon,Violent Crime,1011,261,196778,513.7769466098853,0.258160237388724
2021-12-01,Sangamon,Property Crime,2368,417,196778,1203.3865574403642,0.17609797297297297
2021-12-01,Sangamon,Burglary,653,185,196778,331.8460396995599,0.2833078101071976
2021-12-01,Sangamon,Larceny-Theft,1688,471,196778,857.8194716889084,0.2790284360189573
2021-12-01,Sangamon,Motor Vehicle Theft,516,80,196778,262.22443565845776,0.15503875968992248
2021-12-01,Sangamon,Aggravated Assault,854,131,196778,433.99160475256383,0.15339578454332553
2021-12-01,Sangamon,Robbery,334,79,196778,169.7344215308622,0.23652694610778444
2021-12-01,Sangamon,Rape,168,33,196778,85.37539765624206,0.19642857142857142
2022-01-01,Sangamon,Violent Crime,979,359,196778,497.5149661039344,0.36670071501532175
2022-01-01,Sangamon,Property Crime,2426,870,196778,1232.8613971074003,0.3586150041220115
2022-01-01,Sangamon,Burglary,713,109,196778,362.33725314821777,0.15287517531556802
2022-01-01,Sangamon,Larceny-Theft,1733,648,196778,880.6878817754018,0.3739180611656088
2022-01-01,Sangamon,Motor Vehicle Theft,526,180,196778,267.3063045665674,0.34220532319391633
2022-01-01,Sangamon,Aggravated Assault,889,152,196778,451.7781459309475,0.17097862767154107
2022-01-01,Sangamon,Robbery,381,91,196778,193.61920539897753,0.2388451443569554
2022-01-01,Sangamon,Rape,178,36,196778,90.45726656435171,0.20224719101123595
2022-02-01,Sangamon,Violent Crime,1144,224,196778,581.3658030877435,0.1958041958041958
2022-02-01,Sangamon,Property Crime,2569,1005,196778,1305.5321224933682,0.39120280264694435
2022-02-01,Sangamon,Burglary,704,203,196778,357.7635711309191,0.2883522727272727
2022-02-01,Sangamon,Larceny-Theft,1818,578,196778,923.8837674943337,0.3179317931793179
2022-02-01,Sangamon,Motor Vehicle Theft,552,115,196778,280.5191637276525,0.20833333333333334
2022-02-01,Sangamon,Aggravated Assault,930,243,196778,472.6138084541971,0.26129032258064516
2022-02-01,Sangamon,Robbery,361,101,196778,183.45546758275825,0.27977839335180055
2022-02-01,Sangamon,Rape,178,40,196778,90.45726656435171,0.2247191011235955
2022-03-01,Sangamon,Violent Crime,1174,214,196778,596.6114098120725,0.18228279386712096
2022-03-01,Sangamon,Property Crime,2794,859,196778,1419.8741729258352,0.30744452397995703
2022-03-01,Sangamon,Burglary,825,230,196778,419.2541849190459,0.2787878787878788
2022-03-01,Sangamon,Larceny-Theft,2039,663,196778,1036.193070363557,0.3251593918587543
2022-03-01,Sangamon,Motor Vehicle Theft,594,201,196778,301.863013141713,0.3383838383838384
2022-03-01,Sangamon,Aggravated Assault,964,198,196778,489.8921627417699,0.2053941908713693
2022-03-01,Sangamon,Robbery,391,115,196778,198.70107430708717,0.29411764705882354
2022-03-01,Sangamon,Rape,213,51,196778,108.24380774273547,0.23943661971830985
2022-04-01,Sangamon,Violent Crime,1276,424,196778,648.4464726747909,0.3322884012539185
2022-04-01,Sangamon,Property Crime,3043,812,196778,1546.4127087377656,0.2668419323036477
2022-04-01,Sangamon,Burglary,894,286,196778,454.3190803850024,0.319910514541387
2022-04-01,Sangamon,Larceny-Theft,2156,476,196778,1095.6509365884397,0.22077922077922077
2022-04-01,Sangamon,Motor Vehicle Theft,649,209,196778,329.813292136316,0.3220338983050847
2022-04-01,Sangamon,Aggravated Assault,1095,349,196778,556.4646454380063,0.3187214611872146
2022-04-01,Sangamon,Robbery,424,108,196778,215.47124170384902,0.25471698113207547
2022-04-01,Sangamon,Rape,200,49,196778,101.63737816219292,0.245
2022-05-01,Sangamon,Violent Crime,1379,416,196778,700.7897224283203,0.30166787527193617
2022-05-01,Sangamon,Property Crime,3186,1130,196778,1619.0834341237335,0.354676710608914
2022-05-01,Sangamon,Burglary,873,232,196778,443.64715567797214,0.26575028636884307
2022-05-01,Sangamon,Larceny-Theft,2243,581,196778,1139.8631960889936,0.25902808738296923
2022-05-01,Sangamon,Motor Vehicle Theft,630,239,196778,320.1577412109077,0.37936507936507935
2022-05-01,Sangamon,Aggravated Assault,1145,198,196778,581.8739899785545,0.17292576419213973
2022-05-01,Sangamon,Robbery,470,78,196778,238.84783868115338,0.16595744680851063
2022-05-01,Sangamon,Rape,227,34,196778,115.35842421408898,0.14977973568281938
2022-06-01,Sangamon,Violent Crime,1368,260,196778,695.1996666293996,0.19005847953216373
2022-06-01,Sangamon,Property Crime,3111,1023,196778,1580.969417312911,0.32883317261330763
2022-06-01,Sangamon,Burglary,947,261,196778,481.2529855979835,0.27560718057022177
2022-06-01,Sangamon,Larceny-Theft,2152,461,196778,1093.6181890251958,0.2142193308550186
2022-06-01,Sangamon,Motor Vehicle Theft,691,208,196778,351.1571415503766,0.30101302460202606
2022-06-01,Sangamon,Aggravated Assault,1136,392,196778,577.3003079612558,0.34507042253521125
2022-06-01,Sangamon,Robbery,450,125,196778,228.68410086493407,0.2777777777777778
2022-06-01,Sangamon,Rape,240,91,196778,121.96485379463151,0.37916666666666665
2022-07-01,Sangamon,Violent Crime,1356,293,196778,689.101423939668,0.21607669616519173
2022-07-01,Sangamon,Property Crime,3265,593,196778,1659.2301984977996,0.18162327718223584
2022-07-01,Sangamon,Burglary,896,246,196778,455.3354541666243,0.27455357142857145
2022-07-01,Sangamon,Larceny-Theft,2262,379,196778,1149.518747014402,0.16755083996463307
2022-07-01,Sangamon,Motor Vehicle Theft,731,262,196778,371.48461718281516,0.35841313269493846
2022-07-01,Sangamon,Aggravated Assault,1114,302,196778,566.1201963634146,0.2710951526032316
2022-07-01,Sangamon,Robbery,430,101,196778,218.52036304871478,0.23488372093023255
2022-07-01,Sangamon,Rape,191,50,196778,97.06369614489425,0.2617801047120419
2022-08-01,Sangamon,Violent Crime,1265,237,196778,642.8564168758703,0.18735177865612648
2022-08-01,Sangamon,Property Crime,3050,908,196778,1549.9700169734422,0.29770491803278687
2022-08-01,Sangamon,Burglary,877,314,196778,445.679903241216,0.3580387685290764
2022-08-01,Sangamon,Larceny-Theft,2159,595,196778,1097.1754972608726,0.2755905511811024
2022-08-01,Sangamon,Motor Vehicle Theft,664,116,196778,337.4360954984805,0.1746987951807229
2022-08-01,Sangamon,Aggravated Assault,1061,273,196778,539.1862911504335,0.2573044297832234
2022-08-01,Sangamon,Robbery,419,125,196778,212.9303072497942,0.29832935560859186
2022-08-01,Sangamon,Rape,201,32,196778,102.1455650530039,0.15920398009950248
2022-09-01,Sangamon,Violent Crime,1202,241,196778,610.8406427547795,0.20049916805324458
2022-09-01,Sangamon,Property Crime,2823,606,196778,1434.611592759353,0.2146652497343252
2022-09-01,Sangamon,Burglary,788,207,196778,400.45126995904013,0.2626903553299492
2022-09-01,Sangamon,Larceny-Theft,2036,645,196778,1034.668509691124,0.31679764243614933
2022-09-01,Sangamon,Motor Vehicle Theft,604,150,196778,306.94488204982264,0.24834437086092714
2022-09-01,Sangamon,Aggravated Assault,1022,198,196778,519.3670024088059,0.19373776908023482
2022-09-01,Sangamon,Robbery,354,75,196778,179.89815934708147,0.211864406779661
2022-09-01,Sangamon,Rape,199,57,196778,101.12919127138196,0.2864321608040201
2022-10-01,Sangamon,Violent Crime,1051,215,196778,534.1044222423238,0.20456707897240722
2022-10-01,Sangamon,Property Crime,2546,702,196778,1293.843824004716,0.27572663000785547
2022-10-01,Sangamon,Burglary,712,137,196778,361.82906625740685,0.19241573033707865
2022-10-01,Sangamon,Larceny-Theft,1900,527,196778,965.5550925408329,0.2773684210526316
2022-10-01,Sangamon,Motor Vehicle Theft,568,182,196778,288.6501539806279,0.3204225352112676
2022-10-01,Sangamon,Aggravated Assault,902,154,196778,458.3845755114901,0.17073170731707318
2022-10-01,Sangamon,Robbery,385,142,196778,195.6519529622214,0.36883116883116884
2022-10-01,Sangamon,Rape,176,47,196778,89.44089278272978,0.26704545454545453
2022-11-01,Sangamon,Violent Crime,1029,398,196778,522.9243106444826,0.3867832847424684
2022-11-01,Sangamon,Property Crime,2445,601,196778,1242.5169480328086,0.2458077709611452
2022-11-01,Sangamon,Burglary,692,175,196778,351.6653284411875,0.25289017341040465
2022-11-01,Sangamon,Larceny-Theft,1740,329,196778,884.2451900110784,0.18908045977011495
2022-11-01,Sangamon,Motor Vehicle Theft,530,156,196778,269.33905212981125,0.2943396226415094
2022-11-01,Sangamon,Aggravated Assault,832,198,196778,422.81149315472254,0.23798076923076922
2022-11-01,Sangamon,Robbery,347,119,196778,176.34085111140473,0.34293948126801155
2022-11-01,Sangamon,Rape,172,31,196778,87.40814521948592,0.18023255813953487
2022-12-01,Sangamon,Violent Crime,1033,268,196778,524.9570582077265,0.25943852855759925
2022-12-01,Sangamon,Property Crime,2296,401,196778,1166.7971013019749,0.17465156794425088
2022-12-01,Sangamon,Burglary,693,210,196778,352.1735153319985,0.30303030303030304
2022-12-01,Sangamon,Larceny-Theft,1645,630,196778,835.9674353840368,0.3829787234042553
2022-12-01,Sangamon,Motor Vehicle Theft,489,76,196778,248.50338960656168,0.1554192229038855
2022-12-01,Sangamon,Aggravated Assault,903,145,196778,458.89276240230106,0.16057585825027684
2022-12-01,Sangamon,Robbery,331,82,196778,168.2098608584293,0.24773413897280966
2022-12-01,Sangamon,Rape,176,43,196778,89.44089278272978,0.24431818181818182
2023-01-01,Sangamon,Violent Crime,997,174,196778,506.6623301385318,0.17452357071213642
2023-01-01,Sangamon,Property Crime,2478,740,196778,1259.2871154295703,0.2986279257465698
2023-01-01,Sangamon,Burglary,682,211,196778,346.58345953307787,0.3093841642228739
2023-01-01,Sangamon,Larceny-Theft,1730,515,196778,879.1633211029689,0.2976878612716763
2023-01-01,Sangamon,Motor Vehicle Theft,520,150,196778,264.2571832217016,0.28846153846153844
2023-01-01,Sangamon,Aggravated Assault,882,235,196778,448.22083769527086,0.26643990929705214
2023-01-01,Sangamon,Robbery,308,89,196778,156.52156236977712,0.288961038961039
2023-01-01,Sangamon,Rape,190,31,196778,96.55550925408329,0.1631578947368421
2023-02-01,Sangamon,Violent Crime,1099,205,196778,558.4973930012501,0.18653321201091902
2023-02-01,Sangamon,Property Crime,2625,986,196778,1333.9905883787821,0.37561904761904763
2023-02-01,Sangamon,Burglary,767,286,196778,389.7793452520099,0.3728813559322034
2023-02-01,Sangamon,Larceny-Theft,1755,512,196778,891.8679933732428,0.2917378917378917
2023-02-01,Sangamon,Motor Vehicle Theft,561,122,196778,285.0928457449512,0.21746880570409982
2023-02-01,Sangamon,Aggravated Assault,935,340,196778,475.15474290825193,0.36363636363636365
2023-02-01,Sangamon,Robbery,360,142,196778,182.94728069194727,0.39444444444444443
2023-02-01,Sangamon,Rape,207,70,196778,105.19468639786967,0.33816425120772947
2023-03-01,Sangamon,Violent Crime,1147,250,196778,582.8903637601765,0.21795989537925023
2023-03-01,Sangamon,Property Crime,2756,903,196778,1400.5630710750186,0.3276487663280116
2023-03-01,Sangamon,Burglary,791,316,196778,401.97583063147306,0.3994943109987358
2023-03-01,Sangamon,Larceny-Theft,2023,778,196778,1028.0620801105815,0.38457736035590706
2023-03-01,Sangamon,Motor Vehicle Theft,564,204,196778,286.6174064173841,0.3617021276595745
2023-03-01,Sangamon,Aggravated Assault,1073,296,196778,545.2845338401651,0.27586206896551724
2023-03-01,Sangamon,Robbery,410,123,196778,208.3566252324955,0.3
2023-03-01,Sangamon,Rape,189,49,196778,96.04732236327231,0.25925925925925924
2023-04-01,Sangamon,Violent Crime,1289,352,196778,655.0529022553335,0.2730799069045772
2023-04-01,Sangamon,Property Crime,2969,480,196778,1508.806878817754,0.16167059616032334
2023-04-01,Sangamon,Burglary,829,287,196778,421.2869324822897,0.34620024125452353
2023-04-01,Sangamon,Larceny-Theft,2094,706,196778,1064.1433493581599,0.33715377268385865
2023-04-01,Sangamon,Motor Vehicle Theft,629,206,196778,319.64955432009674,0.3275039745627981
2023-04-01,Sangamon,Aggravated Assault,1055,296,196778,536.1371698055677,0.28056872037914693
2023-04-01,Sangamon,Robbery,393,76,196778,199.7174480887091,0.19338422391857507
2023-04-01,Sangamon,Rape,227,34,196778,115.35842421408898,0.14977973568281938
2023-05-01,Sangamon,Violent Crime,1371,380,196778,696.7242273018326,0.27716994894237784
2023-05-01,Sangamon,Property Crime,3105,1225,196778,1577.9202959680451,0.394524959742351
2023-05-01,Sangamon,Burglary,847,178,196778,430.434296516887,0.2101534828807556
2023-05-01,Sangamon,Larceny-Theft,2217,785,196778,1126.6503369279085,0.3540820929183581
2023-05-01,Sangamon,Motor Vehicle Theft,719,205,196778,365.38637449308357,0.2851182197496523
2023-05-01,Sangamon,Aggravated Assault,1140,294,196778,579.3330555244997,0.2578947368421053
2023-05-01,Sangamon,Robbery,430,107,196778,218.52036304871478,0.24883720930232558
2023-05-01,Sangamon,Rape,239,43,196778,121.45666690382055,0.1799163179916318
2023-06-01,Sangamon,Violent Crime,1316,373,196778,668.7739483072295,0.28343465045592703
2023-06-01,Sangamon,Property Crime,3281,924,196778,1667.361188750775,0.28162145687290463
2023-06-01,Sangamon,Burglary,921,160,196778,468.0401264368984,0.1737242128121607
2023-06-01,Sangamon,Larceny-Theft,2256,826,196778,1146.4696256695363,0.36613475177304966
2023-06-01,Sangamon,Motor Vehicle Theft,755,122,196778,383.6811025622783,0.16158940397350993
2023-06-01,Sangamon,Aggravated Assault,1106,395,196778,562.0547012369269,0.35714285714285715
2023-06-01,Sangamon,Robbery,490,149,196778,249.0115764973727,0.3040816326530612
2023-06-01,Sangamon,Rape,255,44,196778,129.58765715679598,0.17254901960784313
2023-07-01,Sangamon,Violent Crime,1348,396,196778,685.0359288131804,0.29376854599406527
2023-07-01,Sangamon,Property Crime,3145,1253,196778,1598.2477716004837,0.39841017488076313
2023-07-01,Sangamon,Burglary,905,351,196778,459.909136183923,0.3878453038674033
2023-07-01,Sangamon,Larceny-Theft,2199,774,196778,1117.5029728933114,0.3519781718963165
2023-07-01,Sangamon,Motor Vehicle Theft,657,143,196778,333.87878726280377,0.2176560121765601
2023-07-01,Sangamon,Aggravated Assault,1094,339,196778,555.9564585471953,0.30987202925045704
2023-07-01,Sangamon,Robbery,488,95,196778,247.99520271575074,0.19467213114754098
2023-07-01,Sangamon,Rape,240,76,196778,121.96485379463151,0.31666666666666665
2023-08-01,Sangamon,Violent Crime,1326,353,196778,673.8558172153391,0.26621417797888386
2023-08-01,Sangamon,Property Crime,3023,591,196778,1536.248970921546,0.19550115779027455
2023-08-01,Sangamon,Burglary,867,147,196778,440.59803433310634,0.1695501730103806
2023-08-01,Sangamon,Larceny-Theft,2126,518,196778,1080.4053298641109,0.2436500470366886
2023-08-01,Sangamon,Motor Vehicle Theft,642,200,196778,326.2559839006393,0.3115264797507788
2023-08-01,Sangamon,Aggravated Assault,1058,406,196778,537.6617304780007,0.3837429111531191
2023-08-01,Sangamon,Robbery,426,142,196778,216.48761548547094,0.3333333333333333
2023-08-01,Sangamon,Rape,223,73,196778,113.32567665084511,0.3273542600896861
2023-09-01,Sangamon,Violent Crime,1235,398,196778,627.6108101515413,0.32226720647773277
2023-09-01,Sangamon,Property Crime,2765,1037,196778,1405.1367530923171,0.37504520795660035
2023-09-01,Sangamon,Burglary,773,191,196778,392.82846659687567,0.24708926261319533
2023-09-01,Sangamon,Larceny-Theft,1957,613,196778,994.5217453170578,0.31323454266734796
2023-09-01,Sangamon,Motor Vehicle Theft,555,212,196778,282.04372440008535,0.38198198198198197
2023-09-01,Sangamon,Aggravated Assault,1035,412,196778,525.9734319893485,0.39806763285024155
2023-09-01,Sangamon,Robbery,411,62,196778,208.86481212330645,0.15085158150851583
2023-09-01,Sangamon,Rape,184,28,196778,93.5063879092175,0.15217391304347827
2023-10-01,Sangamon,Violent Crime,1080,320,196778,548.8418420758418,0.2962962962962963
2023-10-01,Sangamon,Property Crime,2628,427,196778,1335.515149051215,0.16248097412480975
2023-10-01,Sangamon,Burglary,777,224,196778,394.8612141601195,0.2882882882882883
2023-10-01,Sangamon,Larceny-Theft,1863,734,196778,946.7521775808272,0.39398819108964034
2023-10-01,Sangamon,Motor Vehicle Theft,553,212,196778,281.02735061846346,0.3833634719710669
2023-10-01,Sangamon,Aggravated Assault,930,261,196778,472.6138084541971,0.2806451612903226
2023-10-01,Sangamon,Robbery,390,84,196778,198.19288741627622,0.2153846153846154
2023-10-01,Sangamon,Rape,183,59,196778,92.99820101840653,0.3224043715846995
2023-11-01,Sangamon,Violent Crime,1031,155,196778,523.9406844261046,0.15033947623666344
2023-11-01,Sangamon,Property Crime,2462,612,196778,1251.156125176595,0.24857839155158407
2023-11-01,Sangamon,Burglary,699,213,196778,355.2226366768643,0.30472103004291845
2023-11-01,Sangamon,Larceny-Theft,1753,430,196778,890.851619591621,0.2452937820878494
2023-11-01,Sangamon,Motor Vehicle Theft,539,205,196778,273.9127341471099,0.3803339517625232
2023-11-01,Sangamon,Aggravated Assault,859,319,196778,436.53253920661865,0.3713620488940629
2023-11-01,Sangamon,Robbery,305,52,196778,154.99700169734422,0.17049180327868851
2023-11-01,Sangamon,Rape,189,69,196778,96.04732236327231,0.36507936507936506
2023-12-01,Sangamon,Violent Crime,1013,253,196778,514.7933203915072,0.24975320829220138
2023-12-01,Sangamon,Property Crime,2325,743,196778,1181.5345211354927,0.3195698924731183
2023-12-01,Sangamon,Burglary,677,212,196778,344.04252507902305,0.31314623338257014
2023-12-01,Sangamon,Larceny-Theft,1742,622,196778,885.2615637927004,0.35706084959816303
2023-12-01,Sangamon,Motor Vehicle Theft,487,112,196778,247.48701582493976,0.2299794661190965
2023-12-01,Sangamon,Aggravated Assault,908,188,196778,461.43369685635594,0.20704845814977973
2023-12-01,Sangamon,Robbery,325,121,196778,165.16073951356353,0.3723076923076923
2023-12-01,Sangamon,Rape,154,34,196778,78.26078118488856,0.22077922077922077
2024-01-01,Sangamon,Violent Crime,1035,362,196778,525.9734319893485,0.3497584541062802
2024-01-01,Sangamon,Property Crime,2434,744,196778,1236.9268922338879,0.3056696795398521
2024-01-01,Sangamon,Burglary,663,131,196778,336.92790860766956,0.1975867269984917
2024-01-01,Sangamon,Larceny-Theft,1814,604,196778,921.8510199310898,0.33296582138919517
2024-01-01,Sangamon,Motor Vehicle Theft,506,115,196778,257.14256675034807,0.22727272727272727
2024-01-01,Sangamon,Aggravated Assault,890,329,196778,452.28633282175855,0.36966292134831463
2024-01-01,Sangamon,Robbery,336,113,196778,170.75079531248412,0.33630952380952384
2024-01-01,Sangamon,Rape,158,42,196778,80.29352874813242,0.26582278481012656
2024-02-01,Sangamon,Violent Crime,1093,351,196778,555.4482716563843,0.3211344922232388
2024-02-01,Sangamon,Property Crime,2538,973,196778,1289.7783288782282,0.3833727344365642
2024-02-01,Sangamon,Burglary,743,124,196778,377.58285987254675,0.16689098250336473
2024-02-01,Sangamon,Larceny-Theft,1899,576,196778,965.0469056500218,0.3033175355450237
2024-02-01,Sangamon,Motor Vehicle Theft,569,93,196778,289.1583408714389,0.1634446397188049
2024-02-01,Sangamon,Aggravated Assault,951,309,196778,483.28573316122737,0.3249211356466877
2024-02-01,Sangamon,Robbery,347,103,196778,176.34085111140473,0.2968299711815562
2024-02-01,Sangamon,Rape,183,48,196778,92.99820101840653,0.26229508196721313
2024-03-01,Sangamon,Violent Crime,1177,282,196778,598.1359704845054,0.23959218351741715
2024-03-01,Sangamon,Property Crime,2802,1112,196778,1423.939668052323,0.396859386152748
2024-03-01,Sangamon,Burglary,798,214,196778,405.5331388671498,0.2681704260651629
2024-03-01,Sangamon,Larceny-Theft,2052,656,196778,1042.7994999440996,0.31968810916179335
2024-03-01,Sangamon,Motor Vehicle Theft,602,213,196778,305.92850826820074,0.3538205980066445
2024-03-01,Sangamon,Aggravated Assault,985,351,196778,500.56408744880014,0.35634517766497464
2024-03-01,Sangamon,Robbery,407,125,196778,206.8320645600626,0.3071253071253071
2024-03-01,Sangamon,Rape,210,34,196778,106.71924707030259,0.1619047619047619
2024-04-01,Sangamon,Violent Crime,1317,220,196778,669.2821351980405,0.16704631738800305
2024-04-01,Sangamon,Property Crime,3003,1002,196778,1526.0852331053268,0.3336663336663337
2024-04-01,Sangamon,Burglary,861,168,196778,437.5489129882406,0.1951219512195122
2024-04-01,Sangamon,Larceny-Theft,2158,654,196778,1096.6673103700616,0.3030583873957368
2024-04-01,Sangamon,Motor Vehicle Theft,660,233,196778,335.40334793523664,0.353030303030303
2024-04-01,Sangamon,Aggravated Assault,1111,261,196778,564.5956356909818,0.23492349234923493
2024-04-01,Sangamon,Robbery,440,86,196778,223.60223195682445,0.19545454545454546
2024-04-01,Sangamon,Rape,217,53,196778,110.27655530597931,0.24423963133640553
2024-05-01,Sangamon,Violent Crime,1389,217,196778,705.8715913364299,0.156227501799856
2024-05-01,Sangamon,Property Crime,3039,1185,196778,1544.3799611745214,0.3899308983218164
2024-05-01,Sangamon,Burglary,918,353,196778,466.5155657644656,0.38453159041394336
2024-05-01,Sangamon,Larceny-Theft,2276,777,196778,1156.6333634857556,0.3413884007029877
2024-05-01,Sangamon,Motor Vehicle Theft,667,131,196778,338.9606561709134,0.19640179910044978
2024-05-01,Sangamon,Aggravated Assault,1106,413,196778,562.0547012369269,0.37341772151898733
2024-05-01,Sangamon,Robbery,465,79,196778,236.30690422709856,0.16989247311827957
2024-05-01,Sangamon,Rape,194,51,196778,98.58825681732715,0.26288659793814434
2024-06-01,Sangamon,Violent Crime,1388,551,196778,705.3634044456189,0.3969740634005764
2024-06-01,Sangamon,Property Crime,3189,904,196778,1620.6079947961662,0.2834744433991847
2024-06-01,Sangamon,Burglary,878,287,196778,446.18809013202696,0.32687927107061504
2024-06-01,Sangamon,Larceny-Theft,2297,394,196778,1167.3052881927858,0.17152808010448412
2024-06-01,Sangamon,Motor Vehicle Theft,700,121,196778,355.73082356767526,0.17285714285714285
2024-06-01,Sangamon,Aggravated Assault,1123,248,196778,570.6938783807133,0.22083704363312556
2024-06-01,Sangamon,Robbery,468,139,196778,237.83146489953143,0.297008547008547
2024-06-01,Sangamon,Rape,226,36,196778,114.850237323278,0.1592920353982301
2024-07-01,Sangamon,Violent Crime,1379,438,196778,700.7897224283203,0.31762146482958664
2024-07-01,Sangamon,Property Crime,3179,494,196778,1615.5261258880566,0.15539477823214848
2024-07-01,Sangamon,Burglary,931,211,196778,473.1219953450081,0.22663802363050484
2024-07-01,Sangamon,Larceny-Theft,2182,517,196778,1108.8637957495248,0.2369385884509624
2024-07-01,Sangamon,Motor Vehicle Theft,715,269,196778,363.3536269298397,0.37622377622377623
2024-07-01,Sangamon,Aggravated Assault,1129,394,196778,573.742999725579,0.3489813994685562
2024-07-01,Sangamon,Robbery,432,89,196778,219.5367368303367,0.20601851851851852
2024-07-01,Sangamon,Rape,226,42,196778,114.850237323278,0.18584070796460178
2024-08-01,Sangamon,Violent Crime,1282,375,196778,651.4955940196567,0.2925117004680187
2024-08-01,Sangamon,Property Crime,3076,589,196778,1563.1828761345273,0.19148244473342002
2024-08-01,Sangamon,Burglary,864,272,196778,439.0734736606734,0.3148148148148148
2024-08-01,Sangamon,Larceny-Theft,2187,843,196778,1111.4047302035797,0.38545953360768176
2024-08-01,Sangamon,Motor Vehicle Theft,636,182,196778,323.2068625557735,0.2861635220125786
2024-08-01,Sangamon,Aggravated Assault,1025,207,196778,520.8915630812387,0.20195121951219513
2024-08-01,Sangamon,Robbery,423,66,196778,214.96305481303804,0.15602836879432624
2024-08-01,Sangamon,Rape,221,72,196778,112.30930286922319,0.3257918552036199
2024-09-01,Sangamon,Violent Crime,1213,270,196778,616.4306985537002,0.2225886232481451
2024-09-01,Sangamon,Property Crime,2724,917,196778,1384.3010905690676,0.3366372980910426
2024-09-01,Sangamon,Burglary,771,301,196778,391.8120928152537,0.39040207522697795
2024-09-01,Sangamon,Larceny-Theft,2007,433,196778,1019.931089857606,0.21574489287493773
2024-09-01,Sangamon,Motor Vehicle Theft,576,185,196778,292.7156491071156,0.3211805555555556
2024-09-01,Sangamon,Aggravated Assault,1014,294,196778,515.3015072823182,0.28994082840236685
2024-09-01,Sangamon,Robbery,413,98,196778,209.8811859049284,0.23728813559322035
2024-09-01,Sangamon,Rape,218,62,196778,110.7847421967903,0.28440366972477066
2024-10-01,Sangamon,Violent Crime,1101,397,196778,559.513766782872,0.3605812897366031
2024-10-01,Sangamon,Property Crime,2632,699,196778,1337.547896614459,0.2655775075987842
2024-10-01,Sangamon,Burglary,724,267,196778,367.9273089471384,0.3687845303867403
2024-10-01,Sangamon,Larceny-Theft,1905,489,196778,968.0960269948877,0.2566929133858268
2024-10-01,Sangamon,Motor Vehicle Theft,551,176,196778,280.0109768368415,0.3194192377495463
2024-10-01,Sangamon,Aggravated Assault,914,266,196778,464.48281820122173,0.2910284463894967
2024-10-01,Sangamon,Robbery,339,114,196778,172.275355984917,0.336283185840708
2024-10-01,Sangamon,Rape,183,68,196778,92.99820101840653,0.37158469945355194
2024-11-01,Sangamon,Violent Crime,1021,392,196778,518.8588155179949,0.38393731635651324
2024-11-01,Sangamon,Property Crime,2478,492,196778,1259.2871154295703,0.19854721549636803
2024-11-01,Sangamon,Burglary,662,138,196778,336.4197217168586,0.2084592145015106
2024-11-01,Sangamon,Larceny-Theft,1771,588,196778,899.9989836262184,0.33201581027667987
2024-11-01,Sangamon,Motor Vehicle Theft,503,199,196778,255.6180060779152,0.3956262425447316
2024-11-01,Sangamon,Aggravated Assault,845,190,196778,429.4179227352651,0.22485207100591717
2024-11-01,Sangamon,Robbery,320,78,196778,162.61980505950868,0.24375
2024-11-01,Sangamon,Rape,181,51,196778,91.9818272367846,0.281767955801105
2024-12-01,Sangamon,Violent Crime,949,304,196778,482.2693593796054,0.3203371970495258
2024-12-01,Sangamon,Property Crime,2327,879,196778,1182.5508949171146,0.3777395788568973
2024-12-01,Sangamon,Burglary,704,208,196778,357.7635711309191,0.29545454545454547
2024-12-01,Sangamon,Larceny-Theft,1764,626,196778,896.4416753905417,0.35487528344671204
2024-12-01,Sangamon,Motor Vehicle Theft,527,182,196778,267.8144914573784,0.34535104364326374
2024-12-01,Sangamon,Aggravated Assault,902,187,196778,458.3845755114901,0.2073170731707317
2024-12-01,Sangamon,Robbery,368,117,196778,187.012775818435,0.3179347826086957
2024-12-01,Sangamon,Rape,171,37,196778,86.89995832867496,0.21637426900584794
2020-01-01,Champaign,Violent Crime,1267,387,205865,615.4518738007918,0.30544593528018943
2020-01-01,Champaign,Property Crime,2859,514,205865,1388.7741966822916,0.17978314095837705
2020-01-01,Champaign,Burglary,809,164,205865,392.97597940397833,0.2027194066749073
2020-01-01,Champaign,Larceny-Theft,2034,327,205865,988.0261336312632,0.1607669616519174
2020-01-01,Champaign,Motor Vehicle Theft,619,104,205865,300.6824860952566,0.1680129240710824
2020-01-01,Champaign,Aggravated Assault,1088,395,205865,528.5016879994172,0.3630514705882353
2020-01-01,Champaign,Robbery,400,100,205865,194.30209117625628,0.25
2020-01-01,Champaign,Rape,178,29,205865,86.46443057343404,0.16292134831460675
2020-02-01,Champaign,Violent Crime,1366,368,205865,663.5416413669152,0.26939970717423134
2020-02-01,Champaign,Property Crime,3077,628,205865,1494.6688363733515,0.2040948976275593
2020-02-01,Champaign,Burglary,892,339,205865,433.2936633230515,0.38004484304932734
2020-02-01,Champaign,Larceny-Theft,2155,518,205865,1046.8025162120807,0.24037122969837588
2020-02-01,Champaign,Motor Vehicle Theft,632,148,205865,306.99730405848493,0.23417721518987342
2020-02-01,Champaign,Aggravated Assault,1079,354,205865,524.1298909479514,0.32808155699721964
2020-02-01,Champaign,Robbery,470,125,205865,228.30495713210115,0.26595744680851063
2020-02-01,Champaign,Rape,230,37,205865,111.72370242634737,0.1608695652173913
2020-03-01,Champaign,Violent Crime,1350,356,205865,655.769557719865,0.2637037037037037
2020-03-01,Champaign,Property Crime,3347,823,205865,1625.8227479173247,0.24589184344188825
2020-03-01,Champaign,Burglary,988,312,205865,479.926165205353,0.3157894736842105
2020-03-01,Champaign,Larceny-Theft,2313,356,205865,1123.551842226702,0.15391266753134458
2020-03-01,Champaign,Motor Vehicle Theft,665,191,205865,323.0272265805261,0.28721804511278193
2020-03-01,Champaign,Aggravated Assault,1107,216,205865,537.7310373302893,0.1951219512195122
2020-03-01,Champaign,Robbery,478,137,205865,232.19099895562624,0.28661087866108786
2020-03-01,Champaign,Rape,223,38,205865,108.32341583076287,0.17040358744394618
2020-04-01,Champaign,Violent Crime,1481,584,205865,719.4034925800889,0.39432815665091153
2020-04-01,Champaign,Property Crime,3558,1105,205865,1728.3171010127996,0.31056773468240584
2020-04-01,Champaign,Burglary,961,204,205865,466.8107740509558,0.21227887617065558
2020-04-01,Champaign,Larceny-Theft,2508,649,205865,1218.274111675127,0.25877192982456143
2020-04-01,Champaign,Motor Vehicle Theft,736,173,205865,357.51584776431156,0.23505434782608695
2020-04-01,Champaign,Aggravated Assault,1258,443,205865,611.080076749326,0.3521462639109698
2020-04-01,Champaign,Robbery,479,115,205865,232.6767541835669,0.24008350730688935
2020-04-01,Champaign,Rape,274,49,205865,133.09693245573555,0.17883211678832117
2020-05-01,Champaign,Violent Crime,1591,464,205865,772.8365676535594,0.2916404776869893
2020-05-01,Champaign,Property Crime,3705,659,205865,1799.723119520074,0.17786774628879892
2020-05-01,Champaign,Burglary,1021,379,205865,495.95608772739416,0.3712047012732615
2020-05-01,Champaign,Larceny-Theft,2610,426,205865,1267.8211449250723,0.1632183908045977
2020-05-01,Champaign,Motor Vehicle Theft,804,195,205865,390.54720326427514,0.24253731343283583
2020-05-01,Champaign,Aggravated Assault,1345,516,205865,653.3407815801618,0.3836431226765799
2020-05-01,Champaign,Robbery,486,81,205865,236.0770407791514,0.16666666666666666
2020-05-01,Champaign,Rape,286,83,205865,138.92599519102325,0.2902097902097902
2020-06-01,Champaign,Violent Crime,1552,348,205865,753.8921137638744,0.22422680412371135
2020-06-01,Champaign,Property Crime,3790,637,205865,1841.0123138950282,0.16807387862796833
2020-06-01,Champaign,Burglary,1103,290,205865,535.7880164185267,0.2629193109700816
2020-06-01,Champaign,Larceny-Theft,2631,766,205865,1278.0220047118257,0.2911440516913721
2020-06-01,Champaign,Motor Vehicle Theft,853,328,205865,414.3492094333665,0.38452520515826494
2020-06-01,Champaign,Aggravated Assault,1403,538,205865,681.5145848007189,0.383464005702067
2020-06-01,Champaign,Robbery,528,85,205865,256.4787603526583,0.16098484848484848
2020-06-01,Champaign,Rape,274,94,205865,133.09693245573555,0.34306569343065696
2020-07-01,Champaign,Violent Crime,1544,299,205865,750.0060719403493,0.19365284974093264
2020-07-01,Champaign,Property Crime,3742,1407,205865,1817.6960629538773,0.37600213789417425
2020-07-01,Champaign,Burglary,1034,375,205865,502.2709056906225,0.36266924564796904
2020-07-01,Champaign,Larceny-Theft,2646,724,205865,1285.3083331309354,0.273620559334845
2020-07-01,Champaign,Motor Vehicle Theft,749,222,205865,363.8306657275399,0.2963951935914553
2020-07-01,Champaign,Aggravated Assault,1299,219,205865,630.9960410948923,0.16859122401847576
2020-07-01,Champaign,Robbery,561,129,205865,272.50868287469945,0.22994652406417113
2020-07-01,Champaign,Rape,267,100,205865,129.69664586015105,0.37453183520599254
2020-08-01,Champaign,Violent Crime,1471,247,205865,714.5459403006824,0.167912984364378
2020-08-01,Champaign,Property Crime,3482,960,205865,1691.399703689311,0.27570361860999426
2020-08-01,Champaign,Burglary,992,334,205865,481.8691861171156,0.33669354838709675
2020-08-01,Champaign,Larceny-Theft,2477,587,205865,1203.215699608967,0.236980218005652
2020-08-01,Champaign,Motor Vehicle Theft,758,120,205865,368.20246277900566,0.158311345646438
2020-08-01,Champaign,Aggravated Assault,1262,374,205865,613.0230976610885,0.29635499207606975
2020-08-01,Champaign,Robbery,490,156,205865,238.02006169091396,0.3183673469387755
2020-08-01,Champaign,Rape,275,46,205865,133.5826876836762,0.16727272727272727
2020-09-01,Champaign,Violent Crime,1389,300,205865,674.7140116095499,0.2159827213822894
2020-09-01,Champaign,Property Crime,3237,591,205865,1572.389672843854,0.18257645968489342
2020-09-01,Champaign,Burglary,998,200,205865,484.78371748475945,0.20040080160320642
2020-09-01,Champaign,Larceny-Theft,2310,782,205865,1122.09457654288,0.3385281385281385
2020-09-01,Champaign,Motor Vehicle Theft,728,261,205865,353.6298059407864,0.3585164835164835
2020-09-01,Champaign,Aggravated Assault,1165,342,205865,565.9048405508464,0.2935622317596567
2020-09-01,Champaign,Robbery,492,183,205865,238.99157214679525,0.3719512195121951
2020-09-01,Champaign,Rape,263,67,205865,127.7536249483885,0.25475285171102663
2020-10-01,Champaign,Violent Crime,1261,292,205865,612.537342433148,0.2315622521808089
2020-10-01,Champaign,Property Crime,3019,699,205865,1466.4950331527943,0.23153362040410733
2020-10-01,Champaign,Burglary,910,228,205865,442.03725742598306,0.25054945054945055
2020-10-01,Champaign,Larceny-Theft,2121,783,205865,1030.286838462099,0.36916548797736914
2020-10-01,Champaign,Motor Vehicle Theft,647,192,205865,314.28363247759455,0.29675425038639874
2020-10-01,Champaign,Aggravated Assault,1045,299,205865,507.6142131979695,0.2861244019138756
2020-10-01,Champaign,Robbery,417,113,205865,202.55993005124716,0.2709832134292566
2020-10-01,Champaign,Rape,196,45,205865,95.20802467636558,0.22959183673469388
2020-11-01,Champaign,Violent Crime,1184,402,205865,575.1341898817186,0.33952702702702703
2020-11-01,Champaign,Property Crime,2857,471,205865,1387.8026862264105,0.1648582429121456
2020-11-01,Champaign,Burglary,821,240,205865,398.80504213926605,0.292326431181486
2020-11-01,Champaign,Larceny-Theft,2010,483,205865,976.3680081606877,0.24029850746268658
2020-11-01,Champaign,Motor Vehicle Theft,616,151,205865,299.2252204114347,0.24512987012987014
2020-11-01,Champaign,Aggravated Assault,1042,157,205865,506.1569475141476,0.15067178502879078
2020-11-01,Champaign,Robbery,447,145,205865,217.1325868894664,0.3243847874720358
2020-11-01,Champaign,Rape,222,79,205865,107.83766060282224,0.35585585585585583
2020-12-01,Champaign,Violent Crime,1161,364,205865,563.9618196390838,0.31352282515073215
2020-12-01,Champaign,Property Crime,2862,889,205865,1390.2314623661136,0.3106219426974144
2020-12-01,Champaign,Burglary,800,316,205865,388.60418235251257,0.395
2020-12-01,Champaign,Larceny-Theft,1972,558,205865,957.9093094989435,0.2829614604462475
2020-12-01,Champaign,Motor Vehicle Theft,606,237,205865,294.36766813202826,0.3910891089108911
2020-12-01,Champaign,Aggravated Assault,1004,152,205865,487.6982488524033,0.15139442231075698
2020-12-01,Champaign,Robbery,403,135,205865,195.7593568600782,0.3349875930521092
2020-12-01,Champaign,Rape,222,33,205865,107.83766060282224,0.14864864864864866
2021-01-01,Champaign,Violent Crime,1223,481,205865,594.0786437714036,0.39329517579721995
2021-01-01,Champaign,Property Crime,2813,464,205865,1366.4294561970223,0.16494845360824742
2021-01-01,Champaign,Burglary,819,131,205865,397.83353168338476,0.15995115995115994
2021-01-01,Champaign,Larceny-Theft,2021,803,205865,981.7113156680348,0.39732805541810984
2021-01-01,Champaign,Motor Vehicle Theft,590,234,205865,286.595584484978,0.39661016949152544
2021-01-01,Champaign,Aggravated Assault,1040,270,205865,505.1854370582663,0.25961538461538464
2021-01-01,Champaign,Robbery,429,139,205865,208.38899278653486,0.32400932400932403
2021-01-01,Champaign,Rape,215,79,205865,104.43737400723774,0.3674418604651163
2021-02-01,Champaign,Violent Crime,1299,475,205865,630.9960410948923,0.36566589684372597
2021-02-01,Champaign,Property Crime,3027,868,205865,1470.3810749763193,0.2867525602907169
2021-02-01,Champaign,Burglary,858,254,205865,416.7779855730697,0.29603729603729606
2021-02-01,Champaign,Larceny-Theft,2157,806,205865,1047.774026667962,0.37366713027352805
2021-02-01,Champaign,Motor Vehicle Theft,641,243,205865,311.3691011099507,0.3790951638065523
2021-02-01,Champaign,Aggravated Assault,1047,357,205865,508.58572365385083,0.34097421203438394
2021-02-01,Champaign,Robbery,451,138,205865,219.07560780122895,0.30598669623059865
2021-02-01,Champaign,Rape,229,77,205865,111.23794719840672,0.33624454148471616
2021-03-01,Champaign,Violent Crime,1401,337,205865,680.5430743448376,0.24054246966452533
2021-03-01,Champaign,Property Crime,3211,707,205865,1559.7600369173974,0.22018062908751168
2021-03-01,Champaign,Burglary,872,146,205865,423.57855876423866,0.16743119266055045
2021-03-01,Champaign,Larceny-Theft,2302,381,205865,1118.208534719355,0.16550825369244135
2021-03-01,Champaign,Motor Vehicle Theft,686,268,205865,333.2280863672795,0.39067055393586003
2021-03-01,Champaign,Aggravated Assault,1219,236,205865,592.135622859641,0.19360131255127153
2021-03-01,Champaign,Robbery,454,156,205865,220.53287348505089,0.3436123348017621
2021-03-01,Champaign,Rape,206,43,205865,100.06557695577199,0.2087378640776699
2021-04-01,Champaign,Violent Crime,1545,452,205865,750.4918271682899,0.29255663430420714
2021-04-01,Champaign,Property Crime,3610,1395,205865,1753.576372865713,0.3864265927977839
2021-04-01,Champaign,Burglary,989,318,205865,480.4119204332937,0.32153690596562184
2021-04-01,Champaign,Larceny-Theft,2508,990,205865,1218.274111675127,0.39473684210526316
2021-04-01,Champaign,Motor Vehicle Theft,756,202,205865,367.23095232312437,0.2671957671957672
2021-04-01,Champaign,Aggravated Assault,1304,210,205865,633.4248172345955,0.16104294478527606
2021-04-01,Champaign,Robbery,507,174,205865,246.27790056590484,0.3431952662721893
2021-04-01,Champaign,Rape,244,85,205865,118.52427561751632,0.3483606557377049
2021-05-01,Champaign,Violent Crime,1497,373,205865,727.1755762271391,0.24916499665998665
2021-05-01,Champaign,Property Crime,3662,1463,205865,1778.835644718626,0.3995084653194975
2021-05-01,Champaign,Burglary,1095,420,205865,531.9019745950015,0.3835616438356164
2021-05-01,Champaign,Larceny-Theft,2628,547,205865,1276.5647390280037,0.20814307458143075
2021-05-01,Champaign,Motor Vehicle Theft,826,172,205865,401.2338182789692,0.20823244552058112
2021-05-01,Champaign,Aggravated Assault,1313,370,205865,637.7966142860613,0.2817974105102818
2021-05-01,Champaign,Robbery,563,212,205865,273.4801933305807,0.3765541740674956
2021-05-01,Champaign,Rape,262,100,205865,127.26786972044786,0.3816793893129771
2021-06-01,Champaign,Violent Crime,1684,339,205865,818.0118038520391,0.2013064133016627
2021-06-01,Champaign,Property Crime,3775,1171,205865,1833.7259854759186,0.3101986754966887
2021-06-01,Champaign,Burglary,1150,302,205865,558.6185121317368,0.26260869565217393
2021-06-01,Champaign,Larceny-Theft,2648,1035,205865,1286.2798435868167,0.39086102719033233
2021-06-01,Champaign,Motor Vehicle Theft,808,279,205865,392.49022417603766,0.34529702970297027
2021-06-01,Champaign,Aggravated Assault,1371,509,205865,665.9704175066184,0.3712618526622903
2021-06-01,Champaign,Robbery,544,161,205865,264.2508439997086,0.2959558823529412
2021-06-01,Champaign,Rape,267,44,205865,129.69664586015105,0.1647940074906367
2021-07-01,Champaign,Violent Crime,1561,445,205865,758.2639108153402,0.28507367072389495
2021-07-01,Champaign,Property Crime,3731,921,205865,1812.3527554465304,0.24685071026534441
2021-07-01,Champaign,Burglary,1054,283,205865,511.98601024943525,0.2685009487666034
2021-07-01,Champaign,Larceny-Theft,2675,838,205865,1299.395234741214,0.31327102803738316
2021-07-01,Champaign,Motor Vehicle Theft,802,233,205865,389.57569280839385,0.29052369077306733
2021-07-01,Champaign,Aggravated Assault,1284,484,205865,623.7097126757827,0.37694704049844235
2021-07-01,Champaign,Robbery,527,97,205865,255.99300512471763,0.1840607210626186
2021-07-01,Champaign,Rape,274,103,205865,133.09693245573555,0.3759124087591241
2021-08-01,Champaign,Violent Crime,1534,444,205865,745.1485196609428,0.2894393741851369
2021-08-01,Champaign,Property Crime,3539,580,205865,1719.0877516819276,0.16388810398417633
2021-08-01,Champaign,Burglary,1021,351,205865,495.95608772739416,0.3437806072477963
2021-08-01,Champaign,Larceny-Theft,2565,1010,205865,1245.9621596677434,0.3937621832358674
2021-08-01,Champaign,Motor Vehicle Theft,811,261,205865,393.94748985985956,0.3218249075215783
2021-08-01,Champaign,Aggravated Assault,1245,218,205865,604.7652587860977,0.1751004016064257
2021-08-01,Champaign,Robbery,504,116,205865,244.8206348820829,0.23015873015873015
2021-08-01,Champaign,Rape,259,85,205865,125.81060403662596,0.3281853281853282
2021-09-01,Champaign,Violent Crime,1455,336,205865,706.7738566536323,0.2309278350515464
2021-09-01,Champaign,Property Crime,3289,1270,205865,1597.6489446967676,0.3861356035269079
2021-09-01,Champaign,Burglary,902,154,205865,438.1512156024579,0.17073170731707318
2021-09-01,Champaign,Larceny-Theft,2398,382,205865,1164.8410366016565,0.15929941618015012
2021-09-01,Champaign,Motor Vehicle Theft,722,237,205865,350.71527457314255,0.32825484764542934
2021-09-01,Champaign,Aggravated Assault,1179,451,205865,572.7054137420154,0.3825275657336726
2021-09-01,Champaign,Robbery,466,128,205865,226.36193622033858,0.27467811158798283
2021-09-01,Champaign,Rape,239,47,205865,116.09549947781312,0.19665271966527198
2021-10-01,Champaign,Violent Crime,1307,323,205865,634.8820829184174,0.24713083397092578
2021-10-01,Champaign,Property Crime,3068,495,205865,1490.2970393218857,0.16134289439374186
2021-10-01,Champaign,Burglary,855,148,205865,415.3207198892478,0.17309941520467836
2021-10-01,Champaign,Larceny-Theft,2133,851,205865,1036.1159011973866,0.3989685888420066
2021-10-01,Champaign,Motor Vehicle Theft,670,103,205865,325.45600272022926,0.1537313432835821
2021-10-01,Champaign,Aggravated Assault,1107,383,205865,537.7310373302893,0.34598012646793136
2021-10-01,Champaign,Robbery,471,92,205865,228.79071236004177,0.19532908704883228
2021-10-01,Champaign,Rape,220,51,205865,106.86615014694097,0.2318181818181818
2021-11-01,Champaign,Violent Crime,1213,463,205865,589.2210914919972,0.3816982687551525
2021-11-01,Champaign,Property Crime,2879,555,205865,1398.4893012411046,0.1927752691906912
2021-11-01,Champaign,Burglary,791,153,205865,384.2323853010468,0.1934260429835651
2021-11-01,Champaign,Larceny-Theft,2060,716,205865,1000.65576955772,0.34757281553398056
2021-11-01,Champaign,Motor Vehicle Theft,637,124,205865,309.4260801981881,0.1946624803767661
2021-11-01,Champaign,Aggravated Assault,1032,159,205865,501.2993952347412,0.15406976744186046
2021-11-01,Champaign,Robbery,398,140,205865,193.330580720375,0.35175879396984927
2021-11-01,Champaign,Rape,221,51,205865,107.3519053748816,0.23076923076923078
2021-12-01,Champaign,Violent Crime,1169,322,205865,567.847861462609,0.2754491017964072
2021-12-01,Champaign,Property Crime,2817,866,205865,1368.372477108785,0.30741924032658857
2021-12-01,Champaign,Burglary,789,243,205865,383.2608748451655,0.30798479087452474
2021-12-01,Champaign,Larceny-Theft,2007,375,205865,974.910742476866,0.18684603886397608
2021-12-01,Champaign,Motor Vehicle Theft,589,180,205865,286.10982925703735,0.30560271646859083
2021-12-01,Champaign,Aggravated Assault,1050,221,205865,510.0429893376728,0.21047619047619048
2021-12-01,Champaign,Robbery,379,97,205865,184.10123138950283,0.2559366754617414
2021-12-01,Champaign,Rape,209,62,205865,101.52284263959392,0.2966507177033493
2022-01-01,Champaign,Violent Crime,1274,496,205865,618.8521603963762,0.3893249607535322
2022-01-01,Champaign,Property Crime,2905,606,205865,1411.1189371675612,0.20860585197934595
2022-01-01,Champaign,Burglary,789,257,205865,383.2608748451655,0.3257287705956908
2022-01-01,Champaign,Larceny-Theft,2132,659,205865,1035.630145969446,0.30909943714821764
2022-01-01,Champaign,Motor Vehicle Theft,623,147,205865,302.62550700701917,0.23595505617977527
2022-01-01,Champaign,Aggravated Assault,1007,247,205865,489.1555145362252,0.24528301886792453
2022-01-01,Champaign,Robbery,424,100,205865,205.96021664683167,0.2358490566037736
2022-01-01,Champaign,Rape,205,31,205865,99.57982172783134,0.15121951219512195
2022-02-01,Champaign,Violent Crime,1309,222,205865,635.8535933742987,0.16959511077158135
2022-02-01,Champaign,Property Crime,3083,1201,205865,1497.5833677409953,0.38955562763542007
2022-02-01,Champaign,Burglary,870,143,205865,422.60704830835743,0.16436781609195403
2022-02-01,Champaign,Larceny-Theft,2182,787,205865,1059.9179073664782,0.3606782768102658
2022-02-01,Champaign,Motor Vehicle Theft,641,233,205865,311.3691011099507,0.36349453978159124
2022-02-01,Champaign,Aggravated Assault,1074,265,205865,521.7011148082481,0.2467411545623836
2022-02-01,Champaign,Robbery,444,114,205865,215.67532120564448,0.25675675675675674
2022-02-01,Champaign,Rape,186,63,205865,90.35047239695918,0.3387096774193548
2022-03-01,Champaign,Violent Crime,1399,240,205865,679.5715638889563,0.17155110793423875
2022-03-01,Champaign,Property Crime,3232,874,205865,1569.9608967041506,0.27042079207920794
2022-03-01,Champaign,Burglary,941,158,205865,457.09566949214286,0.16790648246546228
2022-03-01,Champaign,Larceny-Theft,2361,658,205865,1146.8680931678527,0.27869546802202455
2022-03-01,Champaign,Motor Vehicle Theft,739,118,205865,358.9731134481335,0.15967523680649526
2022-03-01,Champaign,Aggravated Assault,1191,183,205865,578.5344764773031,0.15365239294710328
2022-03-01,Champaign,Robbery,453,137,205865,220.04711825711027,0.30242825607064017
2022-03-01,Champaign,Rape,218,58,205865,105.89463969105967,0.26605504587155965
2022-04-01,Champaign,Violent Crime,1510,243,205865,733.4903941903675,0.1609271523178808
2022-04-01,Champaign,Property Crime,3669,1280,205865,1782.2359313142108,0.3488689016080676
2022-04-01,Champaign,Burglary,1003,370,205865,487.21249362446264,0.36889332003988035
2022-04-01,Champaign,Larceny-Theft,2598,519,205865,1261.9920821897847,0.1997690531177829
2022-04-01,Champaign,Motor Vehicle Theft,757,174,205865,367.716707551065,0.22985468956406868
2022-04-01,Champaign,Aggravated Assault,1277,440,205865,620.3094260801981,0.3445575567736883
2022-04-01,Champaign,Robbery,509,199,205865,247.24941102178613,0.39096267190569745
2022-04-01,Champaign,Rape,257,60,205865,124.83909358074466,0.23346303501945526
2022-05-01,Champaign,Violent Crime,1611,340,205865,782.5516722123722,0.21104903786468032
2022-05-01,Champaign,Property Crime,3752,1203,205865,1822.5536152332838,0.32062899786780386
2022-05-01,Champaign,Burglary,1038,270,205865,504.2139266023851,0.26011560693641617
2022-05-01,Champaign,Larceny-Theft,2667,877,205865,1295.5091929176888,0.3288338957630296
2022-05-01,Champaign,Motor Vehicle Theft,823,185,205865,399.7765525951473,0.22478736330498178
2022-05-01,Champaign,Aggravated Assault,1343,437,205865,652.3692711242804,0.3253909158600149
2022-05-01,Champaign,Robbery,543,135,205865,263.7650887717679,0.24861878453038674
2022-05-01,Champaign,Rape,253,81,205865,122.8960726689821,0.3201581027667984
2022-06-01,Champaign,Violent Crime,1556,554,205865,755.8351346756369,0.3560411311053985
2022-06-01,Champaign,Property Crime,3854,971,205865,1872.1006484832294,0.25194603009859884
2022-06-01,Champaign,Burglary,1118,173,205865,543.0743448376363,0.1547406082289803
2022-06-01,Champaign,Larceny-Theft,2746,1090,205865,1333.8838559249994,0.39694100509832486
2022-06-01,Champaign,Motor Vehicle Theft,824,174,205865,400.26230782308795,0.2111650485436893
2022-06-01,Champaign,Aggravated Assault,1368,491,205865,664.5131518227965,0.35891812865497075
2022-06-01,Champaign,Robbery,515,106,205865,250.16394238943,0.2058252427184466
2022-06-01,Champaign,Rape,239,45,205865,116.09549947781312,0.18828451882845187
2022-07-01,Champaign,Violent Crime,1619,381,205865,786.4377140358973,0.23533045089561458
2022-07-01,Champaign,Property Crime,3725,910,205865,1809.4382240788866,0.2442953020134228
2022-07-01,Champaign,Burglary,1094,186,205865,531.416219367061,0.170018281535649
2022-07-01,Champaign,Larceny-Theft,2626,750,205865,1275.5932285721226,0.2856054836252856
2022-07-01,Champaign,Motor Vehicle Theft,785,125,205865,381.31785393340294,0.1592356687898089
2022-07-01,Champaign,Aggravated Assault,1319,411,205865,640.7111456537051,0.3115996967399545
2022-07-01,Champaign,Robbery,460,114,205865,223.44740485269475,0.24782608695652175
2022-07-01,Champaign,Rape,256,66,205865,124.35333835280403,0.2578125
2022-08-01,Champaign,Violent Crime,1496,335,205865,726.6898209991984,0.22393048128342247
2022-08-01,Champaign,Property Crime,3616,1187,205865,1756.4909042333568,0.32826327433628316
2022-08-01,Champaign,Burglary,1020,213,205865,495.4703324994535,0.2088235294117647
2022-08-01,Champaign,Larceny-Theft,2504,595,205865,1216.3310907633643,0.23761980830670926
2022-08-01,Champaign,Motor Vehicle Theft,732,270,205865,355.572826852549,0.36885245901639346
2022-08-01,Champaign,Aggravated Assault,1256,342,205865,610.1085662934447,0.27229299363057324
2022-08-01,Champaign,Robbery,534,144,205865,259.3932917203021,0.2696629213483146
2022-08-01,Champaign,Rape,281,49,205865,136.49721905132003,0.17437722419928825
2022-09-01,Champaign,Violent Crime,1369,491,205865,664.9989070507371,0.35865595325054783
2022-09-01,Champaign,Property Crime,3294,1014,205865,1600.0777208364705,0.30783242258652094
2022-09-01,Champaign,Burglary,934,165,205865,453.69538289655844,0.1766595289079229
2022-09-01,Champaign,Larceny-Theft,2366,450,205865,1149.2968693075559,0.19019442096365174
2022-09-01,Champaign,Motor Vehicle Theft,697,214,205865,338.5713938746266,0.30703012912482064
2022-09-01,Champaign,Aggravated Assault,1162,410,205865,564.4475748670245,0.3528399311531842
2022-09-01,Champaign,Robbery,487,152,205865,236.56279600709203,0.31211498973305957
2022-09-01,Champaign,Rape,202,34,205865,98.12255604400941,0.16831683168316833
2022-10-01,Champaign,Violent Crime,1262,238,205865,613.0230976610885,0.18858954041204437
2022-10-01,Champaign,Property Crime,3014,854,205865,1464.0662570130912,0.2833443928334439
2022-10-01,Champaign,Burglary,899,134,205865,436.693949918636,0.14905450500556172
2022-10-01,Champaign,Larceny-Theft,2209,612,205865,1073.0332985208754,0.27704843820733366
2022-10-01,Champaign,Motor Vehicle Theft,691,194,205865,335.65686250698275,0.28075253256150506
2022-10-01,Champaign,Aggravated Assault,1066,208,205865,517.815072984723,0.1951219512195122
2022-10-01,Champaign,Robbery,465,82,205865,225.87618099239793,0.17634408602150536
2022-10-01,Champaign,Rape,235,64,205865,114.15247856605058,0.2723404255319149
2022-11-01,Champaign,Violent Crime,1246,394,205865,605.2510140140383,0.3162118780096308
2022-11-01,Champaign,Property Crime,2914,1055,205865,1415.490734219027,0.3620452985586822
2022-11-01,Champaign,Burglary,785,126,205865,381.31785393340294,0.16050955414012738
2022-11-01,Champaign,Larceny-Theft,2025,711,205865,983.6543365797975,0.3511111111111111
2022-11-01,Champaign,Motor Vehicle Theft,624,195,205865,303.1112622349598,0.3125
2022-11-01,Champaign,Aggravated Assault,951,291,205865,461.9532217715493,0.305993690851735
2022-11-01,Champaign,Robbery,417,104,205865,202.55993005124716,0.24940047961630696
2022-11-01,Champaign,Rape,214,83,205865,103.95161877929712,0.3878504672897196
2022-12-01,Champaign,Violent Crime,1166,350,205865,566.3905957787871,0.30017152658662094
2022-12-01,Champaign,Property Crime,2797,787,205865,1358.657372549972,0.2813728995352163
2022-12-01,Champaign,Burglary,775,227,205865,376.46030165399657,0.2929032258064516
2022-12-01,Champaign,Larceny-Theft,1974,455,205865,958.8808199548248,0.23049645390070922
2022-12-01,Champaign,Motor Vehicle Theft,604,154,205865,293.39615767614697,0.25496688741721857
2022-12-01,Champaign,Aggravated Assault,1046,306,205865,508.09996842591016,0.2925430210325048
2022-12-01,Champaign,Robbery,399,116,205865,193.81633594831564,0.2907268170426065
2022-12-01,Champaign,Rape,190,57,205865,92.29349330872174,0.3
2023-01-01,Champaign,Violent Crime,1224,304,205865,594.5643989993442,0.24836601307189543
2023-01-01,Champaign,Property Crime,2862,483,205865,1390.2314623661136,0.16876310272536688
2023-01-01,Champaign,Burglary,804,250,205865,390.54720326427514,0.31094527363184077
2023-01-01,Champaign,Larceny-Theft,2014,550,205865,978.3110290724504,0.2730883813306852
2023-01-01,Champaign,Motor Vehicle Theft,613,237,205865,297.7679547276128,0.3866231647634584
2023-01-01,Champaign,Aggravated Assault,1008,233,205865,489.6412697641658,0.23115079365079366
2023-01-01,Champaign,Robbery,346,86,205865,168.07130886746168,0.24855491329479767
2023-01-01,Champaign,Rape,233,64,205865,113.18096811016929,0.27467811158798283
2023-02-01,Champaign,Violent Crime,1309,266,205865,635.8535933742987,0.20320855614973263
2023-02-01,Champaign,Property Crime,2973,924,205865,1444.1502926675248,0.31079717457114026
2023-02-01,Champaign,Burglary,844,259,205865,409.97741238190076,0.3068720379146919
2023-02-01,Champaign,Larceny-Theft,2242,531,205865,1089.0632210429164,0.23684210526315788
2023-02-01,Champaign,Motor Vehicle Theft,658,263,205865,319.6269399849416,0.39969604863221886
2023-02-01,Champaign,Aggravated Assault,1111,284,205865,539.6740582420518,0.2556255625562556
2023-02-01,Champaign,Robbery,441,69,205865,214.21805552182255,0.1564625850340136
2023-02-01,Champaign,Rape,213,65,205865,103.46586355135646,0.3051643192488263
2023-03-01,Champaign,Violent Crime,1345,292,205865,653.3407815801618,0.2171003717472119
2023-03-01,Champaign,Property Crime,3241,953,205865,1574.3326937556167,0.29404504782474544
2023-03-01,Champaign,Burglary,943,310,205865,458.0671799480242,0.32873806998939553
2023-03-01,Champaign,Larceny-Theft,2321,449,205865,1127.437884050227,0.1934510986643688
2023-03-01,Champaign,Motor Vehicle Theft,728,233,205865,353.6298059407864,0.32005494505494503
2023-03-01,Champaign,Aggravated Assault,1172,199,205865,569.305127146431,0.1697952218430034
2023-03-01,Champaign,Robbery,495,92,205865,240.44883783061712,0.18585858585858586
2023-03-01,Champaign,Rape,238,40,205865,115.60974424987249,0.16806722689075632
2023-04-01,Champaign,Violent Crime,1581,476,205865,767.9790153741529,0.3010752688172043
2023-04-01,Champaign,Property Crime,3530,819,205865,1714.7159546304617,0.23201133144475922
2023-04-01,Champaign,Burglary,1009,392,205865,490.1270249921065,0.38850346878097125
2023-04-01,Champaign,Larceny-Theft,2615,544,205865,1270.2499210647754,0.2080305927342256
2023-04-01,Champaign,Motor Vehicle Theft,740,169,205865,359.45886867607413,0.22837837837837838
2023-04-01,Champaign,Aggravated Assault,1249,425,205865,606.7082796978602,0.3402722177742194
2023-04-01,Champaign,Robbery,521,82,205865,253.0784737570738,0.15738963531669867
2023-04-01,Champaign,Rape,254,41,205865,123.38182789692273,0.16141732283464566
2023-05-01,Champaign,Violent Crime,1562,569,205865,758.7496660432809,0.36427656850192064
2023-05-01,Champaign,Property Crime,3816,1092,205865,1853.641949821485,0.2861635220125786
2023-05-01,Champaign,Burglary,1097,306,205865,532.8734850508828,0.27894257064721967
2023-05-01,Champaign,Larceny-Theft,2733,1031,205865,1327.569037961771,0.37724112696670326
2023-05-01,Champaign,Motor Vehicle Theft,771,278,205865,374.517280742234,0.36057068741893644
2023-05-01,Champaign,Aggravated Assault,1274,249,205865,618.8521603963762,0.19544740973312402
2023-05-01,Champaign,Robbery,553,109,205865,268.6226410511743,0.19710669077757687
2023-05-01,Champaign,Rape,264,81,205865,128.23938017632915,0.3068181818181818
2023-06-01,Champaign,Violent Crime,1611,450,205865,782.5516722123722,0.27932960893854747
2023-06-01,Champaign,Property Crime,3780,1438,205865,1836.154761615622,0.38042328042328044
2023-06-01,Champaign,Burglary,1045,366,205865,507.6142131979695,0.35023923444976074
2023-06-01,Champaign,Larceny-Theft,2653,557,205865,1288.7086197265198,0.20995099886920468
2023-06-01,Champaign,Motor Vehicle Theft,833,303,205865,404.6341048745537,0.3637454981992797
2023-06-01,Champaign,Aggravated Assault,1404,465,205865,682.0003400286596,0.3311965811965812
2023-06-01,Champaign,Robbery,543,169,205865,263.7650887717679,0.31123388581952116
2023-06-01,Champaign,Rape,296,67,205865,143.78354747042965,0.22635135135135134
2023-07-01,Champaign,Violent Crime,1579,265,205865,767.0075049182717,0.16782773907536416
2023-07-01,Champaign,Property Crime,3713,1103,205865,1803.609161343599,0.2970643684352276
2023-07-01,Champaign,Burglary,1048,387,205865,509.07147888179145,0.36927480916030536
2023-07-01,Champaign,Larceny-Theft,2778,446,205865,1349.4280232190997,0.1605471562275018
2023-07-01,Champaign,Motor Vehicle Theft,782,145,205865,379.86058824958104,0.18542199488491048
2023-07-01,Champaign,Aggravated Assault,1286,482,205865,624.681223131664,0.374805598755832
2023-07-01,Champaign,Robbery,533,190,205865,258.9075364923615,0.35647279549718575
2023-07-01,Champaign,Rape,280,109,205865,136.01146382337942,0.3892857142857143
2023-08-01,Champaign,Violent Crime,1507,498,205865,732.0331285065456,0.33045786330457866
2023-08-01,Champaign,Property Crime,3423,1101,205865,1662.7401452408133,0.32164767747589834
2023-08-01,Champaign,Burglary,1059,313,205865,514.4147863891385,0.295561850802644
2023-08-01,Champaign,Larceny-Theft,2423,858,205865,1176.9849173001724,0.35410647957078
2023-08-01,Champaign,Motor Vehicle Theft,731,146,205865,355.08707162460837,0.1997264021887825
2023-08-01,Champaign,Aggravated Assault,1213,205,205865,589.2210914919972,0.169002473206925
2023-08-01,Champaign,Robbery,510,90,205865,247.73516624972675,0.17647058823529413
2023-08-01,Champaign,Rape,255,40,205865,123.86758312486337,0.1568627450980392
2023-09-01,Champaign,Violent Crime,1416,468,205865,687.8294027639472,0.3305084745762712
2023-09-01,Champaign,Property Crime,3212,1021,205865,1560.2457921453379,0.31787048567870485
2023-09-01,Champaign,Burglary,987,351,205865,479.4404099774124,0.3556231003039514
2023-09-01,Champaign,Larceny-Theft,2383,761,205865,1157.5547081825468,0.31934536298783045
2023-09-01,Champaign,Motor Vehicle Theft,730,169,205865,354.6013163966677,0.23150684931506849
2023-09-01,Champaign,Aggravated Assault,1161,179,205865,563.9618196390838,0.15417743324720068
2023-09-01,Champaign,Robbery,481,171,205865,233.64826463944817,0.35550935550935553
2023-09-01,Champaign,Rape,225,51,205865,109.29492628664417,0.22666666666666666
2023-10-01,Champaign,Violent Crime,1278,312,205865,620.7951813081388,0.24413145539906103
2023-10-01,Champaign,Property Crime,3061,686,205865,1486.8967527263012,0.224109768049657
2023-10-01,Champaign,Burglary,842,267,205865,409.00590192601953,0.3171021377672209
2023-10-01,Champaign,Larceny-Theft,2242,814,205865,1089.0632210429164,0.36306868867082964
2023-10-01,Champaign,Motor Vehicle Theft,653,112,205865,317.19816384523835,0.17151607963246554
2023-10-01,Champaign,Aggravated Assault,1079,230,205865,524.1298909479514,0.21316033364226136
2023-10-01,Champaign,Robbery,434,145,205865,210.81776892623807,0.33410138248847926
2023-10-01,Champaign,Rape,221,56,205865,107.3519053748816,0.25339366515837103
2023-11-01,Champaign,Violent Crime,1199,363,205865,582.4205183008282,0.30275229357798167
2023-11-01,Champaign,Property Crime,2863,1023,205865,1390.7172175940543,0.35731749912679006
2023-11-01,Champaign,Burglary,834,139,205865,405.11986010249433,0.16666666666666666
2023-11-01,Champaign,Larceny-Theft,2024,740,205865,983.1685813518568,0.36561264822134387
2023-11-01,Champaign,Motor Vehicle Theft,597,156,205865,289.9958710805625,0.2613065326633166
2023-11-01,Champaign,Aggravated Assault,1008,394,205865,489.6412697641658,0.39087301587301587
2023-11-01,Champaign,Robbery,400,149,205865,194.30209117625628,0.3725
2023-11-01,Champaign,Rape,211,42,205865,102.49435309547519,0.1990521327014218
2023-12-01,Champaign,Violent Crime,1192,464,205865,579.0202317052438,0.38926174496644295
2023-12-01,Champaign,Property Crime,2849,543,205865,1383.9166444028854,0.1905931905931906
2023-12-01,Champaign,Burglary,818,209,205865,397.3477764554441,0.2555012224938875
2023-12-01,Champaign,Larceny-Theft,2075,449,205865,1007.9420979768295,0.2163855421686747
2023-12-01,Champaign,Motor Vehicle Theft,550,167,205865,267.1653753673524,0.30363636363636365
2023-12-01,Champaign,Aggravated Assault,980,156,205865,476.0401233818279,0.15918367346938775
2023-12-01,Champaign,Robbery,377,79,205865,183.12972093362154,0.20954907161803712
2023-12-01,Champaign,Rape,189,52,205865,91.80773808078109,0.2751322751322751
2024-01-01,Champaign,Violent Crime,1250,301,205865,607.1940349258009,0.2408
2024-01-01,Champaign,Property Crime,2856,514,205865,1387.3169309984698,0.1799719887955182
2024-01-01,Champaign,Burglary,767,298,205865,372.5742598304714,0.38852672750977835
2024-01-01,Champaign,Larceny-Theft,1966,772,205865,954.9947781312997,0.392675483214649
2024-01-01,Champaign,Motor Vehicle Theft,585,217,205865,284.16680834527483,0.37094017094017095
2024-01-01,Champaign,Aggravated Assault,1073,366,205865,521.2153595803074,0.34109972041006525
2024-01-01,Champaign,Robbery,423,150,205865,205.474461418891,0.3546099290780142
2024-01-01,Champaign,Rape,212,44,205865,102.98010832341583,0.20754716981132076
2024-02-01,Champaign,Violent Crime,1330,297,205865,646.0544531610522,0.22330827067669173
2024-02-01,Champaign,Property Crime,3093,1188,205865,1502.4409200204018,0.38409311348205627
2024-02-01,Champaign,Burglary,836,176,205865,406.0913705583757,0.21052631578947367
2024-02-01,Champaign,Larceny-Theft,2243,704,205865,1089.548976270857,0.3138653588943379
2024-02-01,Champaign,Motor Vehicle Theft,675,262,205865,327.8847788599325,0.38814814814814813
2024-02-01,Champaign,Aggravated Assault,1125,170,205865,546.4746314332208,0.1511111111111111
2024-02-01,Champaign,Robbery,422,157,205865,204.98870619095038,0.37203791469194314
2024-02-01,Champaign,Rape,260,69,205865,126.29635926456658,0.2653846153846154
2024-03-01,Champaign,Violent Crime,1414,345,205865,686.857892308066,0.24398868458274398
2024-03-01,Champaign,Property Crime,3256,1026,205865,1581.619022174726,0.3151105651105651
2024-03-01,Champaign,Burglary,957,338,205865,464.86775313919316,0.35318704284221525
2024-03-01,Champaign,Larceny-Theft,2373,622,205865,1152.6971559031406,0.26211546565528865
2024-03-01,Champaign,Motor Vehicle Theft,743,192,205865,360.91613435989603,0.25841184387617766
2024-03-01,Champaign,Aggravated Assault,1162,382,205865,564.4475748670245,0.3287435456110155
2024-03-01,Champaign,Robbery,509,153,205865,247.24941102178613,0.3005893909626719
2024-03-01,Champaign,Rape,213,83,205865,103.46586355135646,0.38967136150234744
2024-04-01,Champaign,Violent Crime,1493,488,205865,725.2325553153765,0.32685867381111855
2024-04-01,Champaign,Property Crime,3575,802,205865,1736.5749398877906,0.22433566433566435
2024-04-01,Champaign,Burglary,1007,349,205865,489.1555145362252,0.34657398212512414
2024-04-01,Champaign,Larceny-Theft,2496,875,205865,1212.4450489398391,0.3505608974358974
2024-04-01,Champaign,Motor Vehicle Theft,770,214,205865,374.0315255142933,0.2779220779220779
2024-04-01,Champaign,Aggravated Assault,1256,454,205865,610.1085662934447,0.3614649681528662
2024-04-01,Champaign,Robbery,504,88,205865,244.8206348820829,0.1746031746031746
2024-04-01,Champaign,Rape,256,71,205865,124.35333835280403,0.27734375
2024-05-01,Champaign,Violent Crime,1556,266,205865,755.8351346756369,0.17095115681233933
2024-05-01,Champaign,Property Crime,3726,1410,205865,1809.9239793068273,0.3784219001610306
2024-05-01,Champaign,Burglary,1063,311,205865,516.3578073009011,0.2925682031984948
2024-05-01,Champaign,Larceny-Theft,2570,405,205865,1248.3909358074466,0.1575875486381323
2024-05-01,Champaign,Motor Vehicle Theft,797,213,205865,387.14691666869066,0.2672521957340025
2024-05-01,Champaign,Aggravated Assault,1395,236,205865,677.6285429771938,0.16917562724014337
2024-05-01,Champaign,Robbery,511,190,205865,248.2209214776674,0.37181996086105673
2024-05-01,Champaign,Rape,268,104,205865,130.1824010880917,0.3880597014925373
2024-06-01,Champaign,Violent Crime,1650,393,205865,801.4961261020572,0.2381818181818182
2024-06-01,Champaign,Property Crime,3789,872,205865,1840.5265586670876,0.2301398785959356
2024-06-01,Champaign,Burglary,1086,201,205865,527.5301775435358,0.1850828729281768
2024-06-01,Champaign,Larceny-Theft,2681,1016,205865,1302.3097661088577,0.37896307348004477
2024-06-01,Champaign,Motor Vehicle Theft,806,141,205865,391.5187137201564,0.17493796526054592
2024-06-01,Champaign,Aggravated Assault,1407,485,205865,683.4576057124815,0.3447050461975835
2024-06-01,Champaign,Robbery,562,158,205865,272.99443810264006,0.28113879003558717
2024-06-01,Champaign,Rape,313,100,205865,152.04138634542053,0.3194888178913738
2024-07-01,Champaign,Violent Crime,1699,620,205865,825.2981322711486,0.36492054149499703
2024-07-01,Champaign,Property Crime,3830,795,205865,1860.442523012654,0.20757180156657964
2024-07-01,Champaign,Burglary,1045,373,205865,507.6142131979695,0.3569377990430622
2024-07-01,Champaign,Larceny-Theft,2713,646,205865,1317.8539334029583,0.23811279026907484
2024-07-01,Champaign,Motor Vehicle Theft,746,247,205865,362.373400043718,0.33109919571045576
2024-07-01,Champaign,Aggravated Assault,1386,495,205865,673.256745925728,0.35714285714285715
2024-07-01,Champaign,Robbery,548,140,205865,266.1938649114711,0.25547445255474455
2024-07-01,Champaign,Rape,290,72,205865,140.86901610278582,0.2482758620689655
2024-08-01,Champaign,Violent Crime,1449,414,205865,703.8593252859885,0.2857142857142857
2024-08-01,Champaign,Property Crime,3493,984,205865,1696.743011196658,0.28170626968222157
2024-08-01,Champaign,Burglary,975,264,205865,473.61134724212474,0.27076923076923076
2024-08-01,Champaign,Larceny-Theft,2534,585,205865,1230.9037476015835,0.2308602999210734
2024-08-01,Champaign,Motor Vehicle Theft,750,256,205865,364.3164209554805,0.3413333333333333
2024-08-01,Champaign,Aggravated Assault,1231,259,205865,597.9646855949287,0.21039805036555645
2024-08-01,Champaign,Robbery,509,178,205865,247.24941102178613,0.34970530451866405
2024-08-01,Champaign,Rape,263,102,205865,127.7536249483885,0.38783269961977185
2024-09-01,Champaign,Violent Crime,1419,514,205865,689.2866684477692,0.36222692036645526
2024-09-01,Champaign,Property Crime,3315,691,205865,1610.278580623224,0.20844645550527904
2024-09-01,Champaign,Burglary,927,256,205865,450.2950963009739,0.2761596548004315
2024-09-01,Champaign,Larceny-Theft,2363,551,205865,1147.8396036237339,0.2331781633516716
2024-09-01,Champaign,Motor Vehicle Theft,733,237,205865,356.05858208048966,0.32332878581173263
2024-09-01,Champaign,Aggravated Assault,1153,355,205865,560.0757778155587,0.30789245446660884
2024-09-01,Champaign,Robbery,475,177,205865,230.7337332718043,0.3726315789473684
2024-09-01,Champaign,Rape,224,46,205865,108.80917105870351,0.20535714285714285
2024-10-01,Champaign,Violent Crime,1295,440,205865,629.0530201831298,0.33976833976833976
2024-10-01,Champaign,Property Crime,3063,693,205865,1487.8682631821825,0.22624877571008814
2024-10-01,Champaign,Burglary,843,212,205865,409.4916571539601,0.2514827995255042
2024-10-01,Champaign,Larceny-Theft,2126,700,205865,1032.7156146018021,0.3292568203198495
2024-10-01,Champaign,Motor Vehicle Theft,640,119,205865,310.8833458820101,0.1859375
2024-10-01,Champaign,Aggravated Assault,1077,305,205865,523.15838049207,0.28319405756731664
2024-10-01,Champaign,Robbery,402,117,205865,195.27360163213757,0.291044776119403
2024-10-01,Champaign,Rape,227,55,205865,110.26643674252544,0.2422907488986784
2024-11-01,Champaign,Violent Crime,1172,326,205865,569.305127146431,0.2781569965870307
2024-11-01,Champaign,Property Crime,2855,1022,205865,1386.8311757705292,0.357968476357268
2024-11-01,Champaign,Burglary,839,256,205865,407.5486362421976,0.30512514898688914
2024-11-01,Champaign,Larceny-Theft,1965,482,205865,954.509022903359,0.24529262086513995
2024-11-01,Champaign,Motor Vehicle Theft,581,176,205865,282.22378743351226,0.3029259896729776
2024-11-01,Champaign,Aggravated Assault,1008,286,205865,489.6412697641658,0.2837301587301587
2024-11-01,Champaign,Robbery,444,174,205865,215.67532120564448,0.3918918918918919
2024-11-01,Champaign,Rape,186,65,205865,90.35047239695918,0.34946236559139787
2024-12-01,Champaign,Violent Crime,1200,354,205865,582.9062735287689,0.295
2024-12-01,Champaign,Property Crime,2810,956,205865,1364.9721905132003,0.3402135231316726
2024-12-01,Champaign,Burglary,822,167,205865,399.2907973672067,0.20316301703163017
2024-12-01,Champaign,Larceny-Theft,1983,770,205865,963.2526170062905,0.3883005547150782
2024-12-01,Champaign,Motor Vehicle Theft,556,126,205865,270.0799067349962,0.22661870503597123
2024-12-01,Champaign,Aggravated Assault,971,292,205865,471.6683263303621,0.30072090628218334
2024-12-01,Champaign,Robbery,378,97,205865,183.61547616156219,0.2566137566137566
2024-12-01,Champaign,Rape,193,66,205865,93.75075899254367,0.34196891191709844
2020-01-01,Rock Island,Violent Crime,596,147,144277,413.09425618775,0.24664429530201343
2020-01-01,Rock Island,Property Crime,1377,515,144277,954.4140784740465,0.37400145243282495
2020-01-01,Rock Island,Burglary,365,105,144277,252.98557635659185,0.2876712328767123
2020-01-01,Rock Island,Larceny-Theft,947,258,144277,656.3762761909383,0.27243928194297784
2020-01-01,Rock Island,Motor Vehicle Theft,310,74,144277,214.86446211107798,0.23870967741935484
2020-01-01,Rock Island,Aggravated Assault,465,129,144277,322.296693166617,0.27741935483870966
2020-01-01,Rock Island,Robbery,203,41,144277,140.70156712435107,0.2019704433497537
2020-01-01,Rock Island,Rape,93,23,144277,64.4593386333234,0.24731182795698925
2020-02-01,Rock Island,Violent Crime,637,175,144277,441.5118140798603,0.27472527472527475
2020-02-01,Rock Island,Property Crime,1447,477,144277,1002.9318602410641,0.32964754664823775
2020-02-01,Rock Island,Burglary,412,145,144277,285.56180125730367,0.35194174757281554
2020-02-01,Rock Island,Larceny-Theft,999,289,144277,692.4180569321513,0.28928928928928926
2020-02-01,Rock Island,Motor Vehicle Theft,313,110,144277,216.94379561537875,0.3514376996805112
2020-02-01,Rock Island,Aggravated Assault,519,134,144277,359.7246962440306,0.2581888246628131
2020-02-01,Rock Island,Robbery,207,35,144277,143.47401179675208,0.16908212560386474
2020-02-01,Rock Island,Rape,113,21,144277,78.32156199532844,0.18584070796460178
2020-03-01,Rock Island,Violent Crime,688,151,144277,476.8604836529731,0.2194767441860465
2020-03-01,Rock Island,Property Crime,1559,536,144277,1080.560311068292,0.3438101347017319
2020-03-01,Rock Island,Burglary,443,146,144277,307.0482474684115,0.3295711060948081
2020-03-01,Rock Island,Larceny-Theft,1107,414,144277,767.2740630869786,0.37398373983739835
2020-03-01,Rock Island,Motor Vehicle Theft,327,49,144277,226.6473519687823,0.14984709480122324
2020-03-01,Rock Island,Aggravated Assault,561,154,144277,388.8353653042412,0.27450980392156865
2020-03-01,Rock Island,Robbery,236,51,144277,163.57423567165938,0.21610169491525424
2020-03-01,Rock Island,Rape,120,39,144277,83.1733401720302,0.325
2020-04-01,Rock Island,Violent Crime,722,271,144277,500.4262633683816,0.37534626038781166
2020-04-01,Rock Island,Property Crime,1627,541,144277,1127.6918704991094,0.3325138291333743
2020-04-01,Rock Island,Burglary,488,104,144277,338.2382500329228,0.21311475409836064
2020-04-01,Rock Island,Larceny-Theft,1185,308,144277,821.3367341987982,0.25991561181434597
2020-04-01,Rock Island,Motor Vehicle Theft,368,65,144277,255.0649098608926,0.1766304347826087
2020-04-01,Rock Island,Aggravated Assault,616,193,144277,426.956479549755,0.3133116883116883
2020-04-01,Rock Island,Robbery,220,54,144277,152.48445698205535,0.24545454545454545
2020-04-01,Rock Island,Rape,112,39,144277,77.62845082722818,0.3482142857142857
2020-05-01,Rock Island,Violent Crime,761,157,144277,527.4575989242915,0.20630749014454666
2020-05-01,Rock Island,Property Crime,1822,635,144277,1262.8485482786584,0.34851811196487376
2020-05-01,Rock Island,Burglary,480,110,144277,332.6933606881208,0.22916666666666666
2020-05-01,Rock Island,Larceny-Theft,1226,293,144277,849.7542920909085,0.23898858075040783
2020-05-01,Rock Island,Motor Vehicle Theft,374,78,144277,259.2235768694941,0.20855614973262032
2020-05-01,Rock Island,Aggravated Assault,642,131,144277,444.97736992036147,0.20404984423676012
2020-05-01,Rock Island,Robbery,250,85,144277,173.2777920250629,0.34
2020-05-01,Rock Island,Rape,129,44,144277,89.41134068493245,0.34108527131782945
2020-06-01,Rock Island,Violent Crime,741,271,144277,513.5953755622864,0.3657219973009447
2020-06-01,Rock Island,Property Crime,1839,463,144277,1274.6314381363627,0.2517672648178358
2020-06-01,Rock Island,Burglary,518,204,144277,359.03158507593037,0.3938223938223938
2020-06-01,Rock Island,Larceny-Theft,1295,215,144277,897.5789626898259,0.16602316602316602
2020-06-01,Rock Island,Motor Vehicle Theft,398,126,144277,275.85824490390013,0.3165829145728643
2020-06-01,Rock Island,Aggravated Assault,621,110,144277,430.42203539025627,0.17713365539452497
2020-06-01,Rock Island,Robbery,253,60,144277,175.35712552936366,0.23715415019762845
2020-06-01,Rock Island,Rape,114,19,144277,79.01467316342868,0.16666666666666666
2020-07-01,Rock Island,Violent Crime,798,198,144277,553.1027121440007,0.24812030075187969
2020-07-01,Rock Island,Property Crime,1755,667,144277,1216.4101000159417,0.3800569800569801
2020-07-01,Rock Island,Burglary,477,187,144277,330.61402718382004,0.3920335429769392
2020-07-01,Rock Island,Larceny-Theft,1238,231,144277,858.0716261081116,0.18659127625201938
2020-07-01,Rock Island,Motor Vehicle Theft,362,144,144277,250.9062428522911,0.39779005524861877
2020-07-01,Rock Island,Aggravated Assault,633,107,144277,438.73936940745926,0.16903633491311215
2020-07-01,Rock Island,Robbery,249,75,144277,172.58468085696265,0.30120481927710846
2020-07-01,Rock Island,Rape,123,34,144277,85.25267367633094,0.2764227642276423
2020-08-01,Rock Island,Violent Crime,729,136,144277,505.2780415450834,0.18655692729766804
2020-08-01,Rock Island,Property Crime,1632,301,144277,1131.1574263396108,0.18443627450980393
2020-08-01,Rock Island,Burglary,477,122,144277,330.61402718382004,0.2557651991614256
2020-08-01,Rock Island,Larceny-Theft,1194,274,144277,827.5747347117003,0.22948073701842547
2020-08-01,Rock Island,Motor Vehicle Theft,358,88,144277,248.13379817989005,0.24581005586592178
2020-08-01,Rock Island,Aggravated Assault,548,102,144277,379.8249201189379,0.18613138686131386
2020-08-01,Rock Island,Robbery,225,37,144277,155.9500128225566,0.16444444444444445
2020-08-01,Rock Island,Rape,118,30,144277,81.78711783582969,0.2542372881355932
2020-09-01,Rock Island,Violent Crime,654,151,144277,453.2947039375646,0.2308868501529052
2020-09-01,Rock Island,Property Crime,1547,364,144277,1072.2429770510892,0.23529411764705882
2020-09-01,Rock Island,Burglary,473,88,144277,327.841582511419,0.18604651162790697
2020-09-01,Rock Island,Larceny-Theft,1116,362,144277,773.5120635998808,0.32437275985663083
2020-09-01,Rock Island,Motor Vehicle Theft,310,69,144277,214.86446211107798,0.22258064516129034
2020-09-01,Rock Island,Aggravated Assault,550,199,144277,381.2111424551384,0.3618181818181818
2020-09-01,Rock Island,Robbery,249,37,144277,172.58468085696265,0.14859437751004015
2020-09-01,Rock Island,Rape,129,27,144277,89.41134068493245,0.20930232558139536
2020-10-01,Rock Island,Violent Crime,615,185,144277,426.26336838165474,0.3008130081300813
2020-10-01,Rock Island,Property Crime,1431,300,144277,991.8420815514601,0.20964360587002095
2020-10-01,Rock Island,Burglary,396,66,144277,274.47202256769964,0.16666666666666666
2020-10-01,Rock Island,Larceny-Theft,1034,285,144277,716.6769478156602,0.27562862669245647
2020-10-01,Rock Island,Motor Vehicle Theft,317,115,144277,219.71624028777975,0.3627760252365931
2020-10-01,Rock Island,Aggravated Assault,484,81,144277,335.4658053605218,0.16735537190082644
2020-10-01,Rock Island,Robbery,207,79,144277,143.47401179675208,0.38164251207729466
2020-10-01,Rock Island,Rape,110,42,144277,76.24222849102767,0.38181818181818183
2020-11-01,Rock Island,Violent Crime,576,172,144277,399.23203282574497,0.2986111111111111
2020-11-01,Rock Island,Property Crime,1339,262,144277,928.0758540862369,0.19566840926064227
2020-11-01,Rock Island,Burglary,388,145,144277,268.9271332228976,0.37371134020618557
2020-11-01,Rock Island,Larceny-Theft,1006,312,144277,697.269835108853,0.3101391650099404
2020-11-01,Rock Island,Motor Vehicle Theft,284,106,144277,196.84357174047145,0.3732394366197183
2020-11-01,Rock Island,Aggravated Assault,523,96,144277,362.4971409164316,0.1835564053537285
2020-11-01,Rock Island,Robbery,187,64,144277,129.61178843474704,0.3422459893048128
2020-11-01,Rock Island,Rape,95,33,144277,65.8455609695239,0.3473684210526316
2020-12-01,Rock Island,Violent Crime,564,161,144277,390.91469880854186,0.2854609929078014
2020-12-01,Rock Island,Property Crime,1308,324,144277,906.5894078751292,0.24770642201834864
2020-12-01,Rock Island,Burglary,362,68,144277,250.9062428522911,0.1878453038674033
2020-12-01,Rock Island,Larceny-Theft,953,274,144277,660.5349431995397,0.28751311647429173
2020-12-01,Rock Island,Motor Vehicle Theft,255,76,144277,176.74334786556415,0.2980392156862745
2020-12-01,Rock Island,Aggravated Assault,481,166,144277,333.386471856221,0.34511434511434513
2020-12-01,Rock Island,Robbery,168,58,144277,116.44267624084227,0.34523809523809523
2020-12-01,Rock Island,Rape,62,10,144277,42.9728924222156,0.16129032258064516
2021-01-01,Rock Island,Violent Crime,595,144,144277,412.4011450196497,0.24201680672268908
2021-01-01,Rock Island,Property Crime,1294,297,144277,896.8858515217256,0.22952086553323028
2021-01-01,Rock Island,Burglary,371,107,144277,257.14424336519335,0.2884097035040431
2021-01-01,Rock Island,Larceny-Theft,951,207,144277,659.1487208633392,0.21766561514195584
2021-01-01,Rock Island,Motor Vehicle Theft,305,57,144277,211.39890627057673,0.18688524590163935
2021-01-01,Rock Island,Aggravated Assault,501,98,144277,347.24869521822603,0.19560878243512975
2021-01-01,Rock Island,Robbery,173,59,144277,119.90823208134353,0.34104046242774566
2021-01-01,Rock Island,Rape,91,16,144277,63.0731162971229,0.17582417582417584
2021-02-01,Rock Island,Violent Crime,615,152,144277,426.26336838165474,0.24715447154471545
2021-02-01,Rock Island,Property Crime,1366,348,144277,946.7898556249436,0.2547584187408492
2021-02-01,Rock Island,Burglary,406,97,144277,281.40313424870214,0.23891625615763548
2021-02-01,Rock Island,Larceny-Theft,1049,344,144277,727.0736153371639,0.3279313632030505
2021-02-01,Rock Island,Motor Vehicle Theft,300,87,144277,207.93335043007548,0.29
2021-02-01,Rock Island,Aggravated Assault,563,89,144277,390.22158764044167,0.15808170515097691
2021-02-01,Rock Island,Robbery,209,83,144277,144.8602341329526,0.39712918660287083
2021-02-01,Rock Island,Rape,102,31,144277,70.69733914622567,0.30392156862745096
2021-03-01,Rock Island,Violent Crime,668,246,144277,462.99826029096806,0.36826347305389223
2021-03-01,Rock Island,Property Crime,1579,419,144277,1094.4225344302974,0.26535782140595315
2021-03-01,Rock Island,Burglary,451,119,144277,312.5931368132135,0.2638580931263858
2021-03-01,Rock Island,Larceny-Theft,1106,242,144277,766.5809519188783,0.21880650994575046
2021-03-01,Rock Island,Motor Vehicle Theft,333,58,144277,230.8060189773838,0.17417417417417416
2021-03-01,Rock Island,Aggravated Assault,512,121,144277,354.8729180673288,0.236328125
2021-03-01,Rock Island,Robbery,209,74,144277,144.8602341329526,0.35406698564593303
2021-03-01,Rock Island,Rape,100,16,144277,69.31111681002517,0.16
2021-04-01,Rock Island,Violent Crime,760,287,144277,526.7644877561912,0.37763157894736843
2021-04-01,Rock Island,Property Crime,1665,654,144277,1154.030094886919,0.3927927927927928
2021-04-01,Rock Island,Burglary,447,126,144277,309.82069214081247,0.28187919463087246
2021-04-01,Rock Island,Larceny-Theft,1191,184,144277,825.4954012073996,0.15449202350965574
2021-04-01,Rock Island,Motor Vehicle Theft,369,66,144277,255.75802102899286,0.17886178861788618
2021-04-01,Rock Island,Aggravated Assault,600,192,144277,415.86670086015096,0.32
2021-04-01,Rock Island,Robbery,212,46,144277,146.93956763725333,0.2169811320754717
2021-04-01,Rock Island,Rape,119,38,144277,82.48022900392995,0.31932773109243695
2021-05-01,Rock Island,Violent Crime,713,279,144277,494.1882628554794,0.391304347826087
2021-05-01,Rock Island,Property Crime,1703,554,144277,1180.3683192747285,0.3253082795067528
2021-05-01,Rock Island,Burglary,519,115,144277,359.7246962440306,0.22157996146435452
2021-05-01,Rock Island,Larceny-Theft,1306,216,144277,905.2031855389286,0.16539050535987748
2021-05-01,Rock Island,Motor Vehicle Theft,381,133,144277,264.07535504619585,0.34908136482939633
2021-05-01,Rock Island,Aggravated Assault,636,220,144277,440.81870291176,0.34591194968553457
2021-05-01,Rock Island,Robbery,228,78,144277,158.02934632685736,0.34210526315789475
2021-05-01,Rock Island,Rape,122,40,144277,84.5595625082307,0.32786885245901637
2021-06-01,Rock Island,Violent Crime,722,240,144277,500.4262633683816,0.33240997229916897
2021-06-01,Rock Island,Property Crime,1836,408,144277,1272.5521046320619,0.2222222222222222
2021-06-01,Rock Island,Burglary,499,115,144277,345.86247288202554,0.23046092184368738
2021-06-01,Rock Island,Larceny-Theft,1245,467,144277,862.9234042848133,0.3751004016064257
2021-06-01,Rock Island,Motor Vehicle Theft,371,133,144277,257.14424336519335,0.3584905660377358
2021-06-01,Rock Island,Aggravated Assault,609,173,144277,422.10470137305316,0.28407224958949095
2021-06-01,Rock Island,Robbery,260,77,144277,180.20890370606543,0.29615384615384616
2021-06-01,Rock Island,Rape,115,36,144277,79.70778433152893,0.3130434782608696
2021-07-01,Rock Island,Violent Crime,745,195,144277,516.3678202346874,0.26174496644295303
2021-07-01,Rock Island,Property Crime,1731,437,144277,1199.7754319815356,0.25245522819179667
2021-07-01,Rock Island,Burglary,526,84,144277,364.5764744207323,0.1596958174904943
2021-07-01,Rock Island,Larceny-Theft,1204,402,144277,834.5058463927029,0.3338870431893688
2021-07-01,Rock Island,Motor Vehicle Theft,363,92,144277,251.59935402039136,0.2534435261707989
2021-07-01,Rock Island,Aggravated Assault,591,195,144277,409.6287003472487,0.3299492385786802
2021-07-01,Rock Island,Robbery,255,48,144277,176.74334786556415,0.18823529411764706
2021-07-01,Rock Island,Rape,130,30,144277,90.10445185303271,0.23076923076923078
2021-08-01,Rock Island,Violent Crime,721,164,144277,499.7331522002814,0.2274618585298197
2021-08-01,Rock Island,Property Crime,1654,541,144277,1146.4058720378162,0.3270858524788392
2021-08-01,Rock Island,Burglary,500,98,144277,346.5555840501258,0.196
2021-08-01,Rock Island,Larceny-Theft,1228,293,144277,851.140514427109,0.23859934853420195
2021-08-01,Rock Island,Motor Vehicle Theft,371,108,144277,257.14424336519335,0.29110512129380056
2021-08-01,Rock Island,Aggravated Assault,590,123,144277,408.93558917914845,0.20847457627118643
2021-08-01,Rock Island,Robbery,228,70,144277,158.02934632685736,0.30701754385964913
2021-08-01,Rock Island,Rape,110,41,144277,76.24222849102767,0.37272727272727274
2021-09-01,Rock Island,Violent Crime,662,219,144277,458.8395932823666,0.33081570996978854
2021-09-01,Rock Island,Property Crime,1613,422,144277,1117.9883141457058,0.2616243025418475
2021-09-01,Rock Island,Burglary,449,154,144277,311.20691447701296,0.3429844097995546
2021-09-01,Rock Island,Larceny-Theft,1083,421,144277,750.6393950525725,0.38873499538319484
2021-09-01,Rock Island,Motor Vehicle Theft,330,107,144277,228.72668547308305,0.3242424242424242
2021-09-01,Rock Island,Aggravated Assault,538,198,144277,372.8938084379354,0.3680297397769517
2021-09-01,Rock Island,Robbery,205,44,144277,142.0877894605516,0.2146341463414634
2021-09-01,Rock Island,Rape,114,30,144277,79.01467316342868,0.2631578947368421
2021-10-01,Rock Island,Violent Crime,623,129,144277,431.80825772645676,0.20706260032102727
2021-10-01,Rock Island,Property Crime,1472,469,144277,1020.2596394435704,0.3186141304347826
2021-10-01,Rock Island,Burglary,406,133,144277,281.40313424870214,0.3275862068965517
2021-10-01,Rock Island,Larceny-Theft,996,238,144277,690.3387234278506,0.2389558232931727
2021-10-01,Rock Island,Motor Vehicle Theft,315,61,144277,218.33001795157924,0.19365079365079366
2021-10-01,Rock Island,Aggravated Assault,507,82,144277,351.40736222682756,0.16173570019723865
2021-10-01,Rock Island,Robbery,202,66,144277,140.00845595625083,0.32673267326732675
2021-10-01,Rock Island,Rape,115,45,144277,79.70778433152893,0.391304347826087
2021-11-01,Rock Island,Violent Crime,560,133,144277,388.14225413614093,0.2375
2021-11-01,Rock Island,Property Crime,1333,448,144277,923.9171870776355,0.3360840210052513
2021-11-01,Rock Island,Burglary,383,152,144277,265.46157738239634,0.3968668407310705
2021-11-01,Rock Island,Larceny-Theft,968,243,144277,670.9316107210436,0.2510330578512397
2021-11-01,Rock Island,Motor Vehicle Theft,291,55,144277,201.69534991717322,0.18900343642611683
2021-11-01,Rock Island,Aggravated Assault,468,162,144277,324.3760266709177,0.34615384615384615
2021-11-01,Rock Island,Robbery,165,37,144277,114.36334273654153,0.22424242424242424
2021-11-01,Rock Island,Rape,97,15,144277,67.2317833057244,0.15463917525773196
2021-12-01,Rock Island,Violent Crime,549,161,144277,380.5180312870381,0.29326047358834245
2021-12-01,Rock Island,Property Crime,1288,351,144277,892.727184513124,0.27251552795031053
2021-12-01,Rock Island,Burglary,372,130,144277,257.8373545332936,0.34946236559139787
2021-12-01,Rock Island,Larceny-Theft,939,185,144277,650.8313868461363,0.19701810436634717
2021-12-01,Rock Island,Motor Vehicle Theft,284,79,144277,196.84357174047145,0.27816901408450706
2021-12-01,Rock Island,Aggravated Assault,489,116,144277,338.93136120102304,0.23721881390593047
2021-12-01,Rock Island,Robbery,193,61,144277,133.77045544334857,0.3160621761658031
2021-12-01,Rock Island,Rape,80,22,144277,55.44889344802012,0.275
2022-01-01,Rock Island,Violent Crime,570,139,144277,395.0733658171434,0.24385964912280703
2022-01-01,Rock Island,Property Crime,1405,377,144277,973.8211911808535,0.2683274021352313
2022-01-01,Rock Island,Burglary,422,108,144277,292.4929129383062,0.2559241706161137
2022-01-01,Rock Island,Larceny-Theft,970,186,144277,672.3178330572441,0.19175257731958764
2022-01-01,Rock Island,Motor Vehicle Theft,318,64,144277,220.40935145588,0.20125786163522014
2022-01-01,Rock Island,Aggravated Assault,473,102,144277,327.841582511419,0.2156448202959831
2022-01-01,Rock Island,Robbery,212,81,144277,146.93956763725333,0.38207547169811323
2022-01-01,Rock Island,Rape,98,23,144277,67.92489447382465,0.23469387755102042
2022-02-01,Rock Island,Violent Crime,636,103,144277,440.81870291176,0.1619496855345912
2022-02-01,Rock Island,Property Crime,1422,481,144277,985.6040810385578,0.33825597749648384
2022-02-01,Rock Island,Burglary,411,74,144277,284.8686900892034,0.18004866180048662
2022-02-01,Rock Island,Larceny-Theft,1060,332,144277,734.6978381862667,0.3132075471698113
2022-02-01,Rock Island,Motor Vehicle Theft,305,112,144277,211.39890627057673,0.36721311475409835
2022-02-01,Rock Island,Aggravated Assault,521,158,144277,361.1109185802311,0.30326295585412666
2022-02-01,Rock Island,Robbery,208,47,144277,144.16712296485233,0.22596153846153846
2022-02-01,Rock Island,Rape,100,25,144277,69.31111681002517,0.25
2022-03-01,Rock Island,Violent Crime,646,182,144277,447.7498145927625,0.28173374613003094
2022-03-01,Rock Island,Property Crime,1475,547,144277,1022.3389729478711,0.3708474576271186
2022-03-01,Rock Island,Burglary,459,176,144277,318.13802615801546,0.38344226579520696
2022-03-01,Rock Island,Larceny-Theft,1081,279,144277,749.253172716372,0.25809435707678074
2022-03-01,Rock Island,Motor Vehicle Theft,325,113,144277,225.2611296325818,0.3476923076923077
2022-03-01,Rock Island,Aggravated Assault,580,149,144277,402.00447749814595,0.25689655172413794
2022-03-01,Rock Island,Robbery,203,62,144277,140.70156712435107,0.3054187192118227
2022-03-01,Rock Island,Rape,90,25,144277,62.38000512902264,0.2777777777777778
2022-04-01,Rock Island,Violent Crime,688,134,144277,476.8604836529731,0.19476744186046513
2022-04-01,Rock Island,Property Crime,1659,440,144277,1149.8714278783175,0.2652200120554551
2022-04-01,Rock Island,Burglary,450,88,144277,311.9000256451132,0.19555555555555557
2022-04-01,Rock Island,Larceny-Theft,1215,320,144277,842.1300692418057,0.26337448559670784
2022-04-01,Rock Island,Motor Vehicle Theft,380,60,144277,263.3822438780956,0.15789473684210525
2022-04-01,Rock Island,Aggravated Assault,580,89,144277,402.00447749814595,0.15344827586206897
2022-04-01,Rock Island,Robbery,240,73,144277,166.3466803440604,0.30416666666666664
2022-04-01,Rock Island,Rape,128,41,144277,88.7182295168322,0.3203125
2022-05-01,Rock Island,Violent Crime,779,195,144277,539.933599950096,0.2503209242618742
2022-05-01,Rock Island,Property Crime,1748,645,144277,1211.5583218392396,0.36899313501144165
2022-05-01,Rock Island,Burglary,485,185,144277,336.15891652862206,0.38144329896907214
2022-05-01,Rock Island,Larceny-Theft,1259,397,144277,872.6269606382168,0.3153296266878475
2022-05-01,Rock Island,Motor Vehicle Theft,390,143,144277,270.3133555590981,0.36666666666666664
2022-05-01,Rock Island,Aggravated Assault,627,145,144277,434.5807023988578,0.23125996810207336
2022-05-01,Rock Island,Robbery,219,47,144277,151.7913458139551,0.2146118721461187
2022-05-01,Rock Island,Rape,131,34,144277,90.79756302113296,0.2595419847328244
2022-06-01,Rock Island,Violent Crime,787,257,144277,545.478489294898,0.32655654383735705
2022-06-01,Rock Island,Property Crime,1783,579,144277,1235.8172127227485,0.32473359506449806
2022-06-01,Rock Island,Burglary,492,190,144277,341.0106947053238,0.3861788617886179
2022-06-01,Rock Island,Larceny-Theft,1270,424,144277,880.2511834873195,0.33385826771653543
2022-06-01,Rock Island,Motor Vehicle Theft,391,144,144277,271.00646672719836,0.36828644501278773
2022-06-01,Rock Island,Aggravated Assault,633,228,144277,438.73936940745926,0.36018957345971564
2022-06-01,Rock Island,Robbery,263,48,144277,182.28823721036616,0.18250950570342206
2022-06-01,Rock Island,Rape,114,40,144277,79.01467316342868,0.3508771929824561
2022-07-01,Rock Island,Violent Crime,768,243,144277,532.3093771009932,0.31640625
2022-07-01,Rock Island,Property Crime,1811,458,144277,1255.2243254295556,0.2528989508558807
2022-07-01,Rock Island,Burglary,497,185,144277,344.47625054582505,0.3722334004024145
2022-07-01,Rock Island,Larceny-Theft,1259,252,144277,872.6269606382168,0.20015885623510724
2022-07-01,Rock Island,Motor Vehicle Theft,385,144,144277,266.8477997185969,0.37402597402597404
2022-07-01,Rock Island,Aggravated Assault,658,109,144277,456.06714860996556,0.1656534954407295
2022-07-01,Rock Island,Robbery,269,65,144277,186.4469042189677,0.241635687732342
2022-07-01,Rock Island,Rape,102,23,144277,70.69733914622567,0.22549019607843138
2022-08-01,Rock Island,Violent Crime,712,269,144277,493.4951516873791,0.37780898876404495
2022-08-01,Rock Island,Property Crime,1709,422,144277,1184.52698628333,0.24692802808660036
2022-08-01,Rock Island,Burglary,458,81,144277,317.4449149899152,0.17685589519650655
2022-08-01,Rock Island,Larceny-Theft,1145,328,144277,793.612287474788,0.28646288209606985
2022-08-01,Rock Island,Motor Vehicle Theft,359,139,144277,248.8269093479903,0.3871866295264624
2022-08-01,Rock Island,Aggravated Assault,578,97,144277,400.61825516194546,0.16782006920415224
2022-08-01,Rock Island,Robbery,242,38,144277,167.7329026802609,0.15702479338842976
2022-08-01,Rock Island,Rape,115,20,144277,79.70778433152893,0.17391304347826086
2022-09-01,Rock Island,Violent Crime,650,123,144277,450.5222592651636,0.18923076923076923
2022-09-01,Rock Island,Property Crime,1550,250,144277,1074.32231055539,0.16129032258064516
2022-09-01,Rock Island,Burglary,444,77,144277,307.74135863651173,0.17342342342342343
2022-09-01,Rock Island,Larceny-Theft,1100,364,144277,762.4222849102767,0.33090909090909093
2022-09-01,Rock Island,Motor Vehicle Theft,338,66,144277,234.27157481788504,0.1952662721893491
2022-09-01,Rock Island,Aggravated Assault,551,150,144277,381.9042536232386,0.27223230490018147
2022-09-01,Rock Island,Robbery,218,60,144277,151.09823464585483,0.27522935779816515
2022-09-01,Rock Island,Rape,107,39,144277,74.16289498672693,0.3644859813084112
2022-10-01,Rock Island,Violent Crime,649,242,144277,449.8291480970633,0.3728813559322034
2022-10-01,Rock Island,Property Crime,1416,469,144277,981.4454140299562,0.3312146892655367
2022-10-01,Rock Island,Burglary,398,96,144277,275.85824490390013,0.24120603015075376
2022-10-01,Rock Island,Larceny-Theft,1045,321,144277,724.3011706647629,0.307177033492823
2022-10-01,Rock Island,Motor Vehicle Theft,315,117,144277,218.33001795157924,0.37142857142857144
2022-10-01,Rock Island,Aggravated Assault,508,116,144277,352.1004733949278,0.2283464566929134
2022-10-01,Rock Island,Robbery,202,30,144277,140.00845595625083,0.1485148514851485
2022-10-01,Rock Island,Rape,97,30,144277,67.2317833057244,0.30927835051546393
2022-11-01,Rock Island,Violent Crime,595,205,144277,412.4011450196497,0.3445378151260504
2022-11-01,Rock Island,Property Crime,1368,541,144277,948.1760779611442,0.39546783625730997
2022-11-01,Rock Island,Burglary,389,86,144277,269.62024439099787,0.2210796915167095
2022-11-01,Rock Island,Larceny-Theft,981,190,144277,679.9420559063468,0.19367991845056065
2022-11-01,Rock Island,Motor Vehicle Theft,260,98,144277,180.20890370606543,0.3769230769230769
2022-11-01,Rock Island,Aggravated Assault,467,147,144277,323.6829155028175,0.3147751605995717
2022-11-01,Rock Island,Robbery,186,32,144277,128.9186772666468,0.17204301075268819
2022-11-01,Rock Island,Rape,70,15,144277,48.51778176701762,0.21428571428571427
2022-12-01,Rock Island,Violent Crime,531,179,144277,368.0420302612336,0.3370998116760829
2022-12-01,Rock Island,Property Crime,1277,309,144277,885.1029616640212,0.24197337509788566
2022-12-01,Rock Island,Burglary,386,81,144277,267.54091088669713,0.20984455958549222
2022-12-01,Rock Island,Larceny-Theft,947,324,144277,656.3762761909383,0.34213305174234426
2022-12-01,Rock Island,Motor Vehicle Theft,296,77,144277,205.16090575767447,0.26013513513513514
2022-12-01,Rock Island,Aggravated Assault,502,199,144277,347.9418063863263,0.39641434262948205
2022-12-01,Rock Island,Robbery,202,46,144277,140.00845595625083,0.22772277227722773
2022-12-01,Rock Island,Rape,96,27,144277,66.53867213762415,0.28125
2023-01-01,Rock Island,Violent Crime,599,117,144277,415.17358969205065,0.19532554257095158
2023-01-01,Rock Island,Property Crime,1269,408,144277,879.5580723192193,0.3215130023640662
2023-01-01,Rock Island,Burglary,375,61,144277,259.9166880375944,0.16266666666666665
2023-01-01,Rock Island,Larceny-Theft,916,221,144277,634.8898299798304,0.24126637554585154
2023-01-01,Rock Island,Motor Vehicle Theft,297,107,144277,205.85401692577474,0.3602693602693603
2023-01-01,Rock Island,Aggravated Assault,458,152,144277,317.4449149899152,0.3318777292576419
2023-01-01,Rock Island,Robbery,204,42,144277,141.39467829245135,0.20588235294117646
2023-01-01,Rock Island,Rape,86,28,144277,59.607560456621634,0.32558139534883723
2023-02-01,Rock Island,Violent Crime,601,197,144277,416.5598120282512,0.3277870216306156
2023-02-01,Rock Island,Property Crime,1411,263,144277,977.9798581894551,0.18639262934089298
2023-02-01,Rock Island,Burglary,398,95,144277,275.85824490390013,0.23869346733668342
2023-02-01,Rock Island,Larceny-Theft,1004,175,144277,695.8836127726526,0.17430278884462153
2023-02-01,Rock Island,Motor Vehicle Theft,310,62,144277,214.86446211107798,0.2
2023-02-01,Rock Island,Aggravated Assault,488,155,144277,338.2382500329228,0.3176229508196721
2023-02-01,Rock Island,Robbery,203,35,144277,140.70156712435107,0.1724137931034483
2023-02-01,Rock Island,Rape,90,30,144277,62.38000512902264,0.3333333333333333
2023-03-01,Rock Island,Violent Crime,649,146,144277,449.8291480970633,0.22496147919876733
2023-03-01,Rock Island,Property Crime,1482,425,144277,1027.190751124573,0.286774628879892
2023-03-01,Rock Island,Burglary,462,128,144277,320.21735966231626,0.27705627705627706
2023-03-01,Rock Island,Larceny-Theft,1053,198,144277,729.8460600095649,0.18803418803418803
2023-03-01,Rock Island,Motor Vehicle Theft,328,113,144277,227.34046313688253,0.3445121951219512
2023-03-01,Rock Island,Aggravated Assault,566,105,144277,392.30092114474235,0.1855123674911661
2023-03-01,Rock Island,Robbery,215,70,144277,149.0189011415541,0.32558139534883723
2023-03-01,Rock Island,Rape,135,23,144277,93.57000769353397,0.17037037037037037
2023-04-01,Rock Island,Violent Crime,712,205,144277,493.4951516873791,0.28792134831460675
2023-04-01,Rock Island,Property Crime,1710,650,144277,1185.2200974514303,0.38011695906432746
2023-04-01,Rock Island,Burglary,473,125,144277,327.841582511419,0.2642706131078224
2023-04-01,Rock Island,Larceny-Theft,1228,202,144277,851.140514427109,0.16449511400651465
2023-04-01,Rock Island,Motor Vehicle Theft,404,135,144277,280.01691191250166,0.3341584158415842
2023-04-01,Rock Island,Aggravated Assault,605,116,144277,419.3322567006522,0.19173553719008266
2023-04-01,Rock Island,Robbery,258,80,144277,178.8226813698649,0.31007751937984496
2023-04-01,Rock Island,Rape,119,32,144277,82.48022900392995,0.2689075630252101
2023-05-01,Rock Island,Violent Crime,733,267,144277,508.05048621748443,0.36425648021828105
2023-05-01,Rock Island,Property Crime,1747,670,144277,1210.8652106711395,0.38351459645105895
2023-05-01,Rock Island,Burglary,521,208,144277,361.1109185802311,0.39923224568138194
2023-05-01,Rock Island,Larceny-Theft,1271,266,144277,880.9442946554199,0.20928402832415421
2023-05-01,Rock Island,Motor Vehicle Theft,386,80,144277,267.54091088669713,0.20725388601036268
2023-05-01,Rock Island,Aggravated Assault,607,181,144277,420.71847903685267,0.2981878088962109
2023-05-01,Rock Island,Robbery,233,74,144277,161.49490216735862,0.31759656652360513
2023-05-01,Rock Island,Rape,135,32,144277,93.57000769353397,0.23703703703703705
2023-06-01,Rock Island,Violent Crime,758,295,144277,525.3782654199907,0.3891820580474934
2023-06-01,Rock Island,Property Crime,1817,447,144277,1259.3829924381573,0.24600990643918547
2023-06-01,Rock Island,Burglary,512,136,144277,354.8729180673288,0.265625
2023-06-01,Rock Island,Larceny-Theft,1308,361,144277,906.5894078751292,0.2759938837920489
2023-06-01,Rock Island,Motor Vehicle Theft,406,139,144277,281.40313424870214,0.34236453201970446
2023-06-01,Rock Island,Aggravated Assault,698,151,144277,483.7915953339756,0.2163323782234957
2023-06-01,Rock Island,Robbery,277,105,144277,191.9917935637697,0.37906137184115524
2023-06-01,Rock Island,Rape,105,19,144277,72.77667265052642,0.18095238095238095
2023-07-01,Rock Island,Violent Crime,751,136,144277,520.5264872432889,0.1810918774966711
2023-07-01,Rock Island,Property Crime,1734,400,144277,1201.8547654858362,0.2306805074971165
2023-07-01,Rock Island,Burglary,488,175,144277,338.2382500329228,0.35860655737704916
2023-07-01,Rock Island,Larceny-Theft,1266,391,144277,877.4787388149185,0.3088467614533965
2023-07-01,Rock Island,Motor Vehicle Theft,417,165,144277,289.0273570978049,0.39568345323741005
2023-07-01,Rock Island,Aggravated Assault,653,206,144277,452.6015927694643,0.31546707503828486
2023-07-01,Rock Island,Robbery,257,52,144277,178.12957020176464,0.20233463035019456
2023-07-01,Rock Island,Rape,154,37,144277,106.73911988743875,0.24025974025974026
2023-08-01,Rock Island,Violent Crime,736,112,144277,510.1298197217852,0.15217391304347827
2023-08-01,Rock Island,Property Crime,1695,324,144277,1174.8234299299263,0.1911504424778761
2023-08-01,Rock Island,Burglary,530,140,144277,367.34891909313336,0.2641509433962264
2023-08-01,Rock Island,Larceny-Theft,1142,278,144277,791.5329539704874,0.2434325744308231
2023-08-01,Rock Island,Motor Vehicle Theft,349,53,144277,241.8957976669878,0.1518624641833811
2023-08-01,Rock Island,Aggravated Assault,618,245,144277,428.3427018859555,0.3964401294498382
2023-08-01,Rock Island,Robbery,242,39,144277,167.7329026802609,0.16115702479338842
2023-08-01,Rock Island,Rape,134,31,144277,92.87689652543371,0.23134328358208955
2023-09-01,Rock Island,Violent Crime,673,263,144277,466.4638161314693,0.39078751857355126
2023-09-01,Rock Island,Property Crime,1600,326,144277,1108.9778689604027,0.20375
2023-09-01,Rock Island,Burglary,466,182,144277,322.98980433471723,0.3905579399141631
2023-09-01,Rock Island,Larceny-Theft,1114,333,144277,772.1258412636803,0.2989228007181329
2023-09-01,Rock Island,Motor Vehicle Theft,342,84,144277,237.04401949028605,0.24561403508771928
2023-09-01,Rock Island,Aggravated Assault,560,136,144277,388.14225413614093,0.24285714285714285
2023-09-01,Rock Island,Robbery,233,79,144277,161.49490216735862,0.33905579399141633
2023-09-01,Rock Island,Rape,118,28,144277,81.78711783582969,0.23728813559322035
2023-10-01,Rock Island,Violent Crime,622,214,144277,431.11514655835646,0.3440514469453376
2023-10-01,Rock Island,Property Crime,1425,561,144277,987.6834145428585,0.3936842105263158
2023-10-01,Rock Island,Burglary,393,73,144277,272.39268906339885,0.18575063613231552
2023-10-01,Rock Island,Larceny-Theft,1008,199,144277,698.6560574450536,0.1974206349206349
2023-10-01,Rock Island,Motor Vehicle Theft,305,88,144277,211.39890627057673,0.28852459016393445
2023-10-01,Rock Island,Aggravated Assault,523,192,144277,362.4971409164316,0.367112810707457
2023-10-01,Rock Island,Robbery,190,59,144277,131.6911219390478,0.3105263157894737
2023-10-01,Rock Island,Rape,101,18,144277,70.00422797812541,0.1782178217821782
2023-11-01,Rock Island,Violent Crime,601,110,144277,416.5598120282512,0.18302828618968386
2023-11-01,Rock Island,Property Crime,1335,389,144277,925.3034094138359,0.29138576779026215
2023-11-01,Rock Island,Burglary,357,75,144277,247.4406870117898,0.21008403361344538
2023-11-01,Rock Island,Larceny-Theft,965,249,144277,668.8522772167428,0.25803108808290154
2023-11-01,Rock Island,Motor Vehicle Theft,286,84,144277,198.22979407667196,0.2937062937062937
2023-11-01,Rock Island,Aggravated Assault,486,146,144277,336.8520276967223,0.3004115226337449
2023-11-01,Rock Island,Robbery,196,77,144277,135.8497889476493,0.39285714285714285
2023-11-01,Rock Island,Rape,110,31,144277,76.24222849102767,0.2818181818181818
2023-12-01,Rock Island,Violent Crime,562,127,144277,389.5284764723414,0.22597864768683273
2023-12-01,Rock Island,Property Crime,1348,499,144277,934.3138545991392,0.3701780415430267
2023-12-01,Rock Island,Burglary,353,110,144277,244.6682423393888,0.311614730878187
2023-12-01,Rock Island,Larceny-Theft,942,374,144277,652.9107203504369,0.3970276008492569
2023-12-01,Rock Island,Motor Vehicle Theft,259,47,144277,179.51579253796518,0.18146718146718147
2023-12-01,Rock Island,Aggravated Assault,482,160,144277,334.07958302432127,0.33195020746887965
2023-12-01,Rock Island,Robbery,184,63,144277,127.5324549304463,0.3423913043478261
2023-12-01,Rock Island,Rape,95,16,144277,65.8455609695239,0.16842105263157894
2024-01-01,Rock Island,Violent Crime,572,151,144277,396.45958815334393,0.263986013986014
2024-01-01,Rock Island,Property Crime,1404,499,144277,973.1280800127532,0.3554131054131054
2024-01-01,Rock Island,Burglary,378,94,144277,261.9960215418951,0.24867724867724866
2024-01-01,Rock Island,Larceny-Theft,937,157,144277,649.4451645099358,0.16755602988260407
2024-01-01,Rock Island,Motor Vehicle Theft,280,108,144277,194.07112706807047,0.38571428571428573
2024-01-01,Rock Island,Aggravated Assault,469,97,144277,325.06913783901797,0.2068230277185501
2024-01-01,Rock Island,Robbery,179,56,144277,124.06689908994503,0.3128491620111732
2024-01-01,Rock Island,Rape,73,19,144277,50.59711527131837,0.2602739726027397
2024-02-01,Rock Island,Violent Crime,602,167,144277,417.25292319635145,0.27740863787375414
2024-02-01,Rock Island,Property Crime,1391,310,144277,964.1176348274499,0.22286125089863407
2024-02-01,Rock Island,Burglary,424,165,144277,293.87913527450667,0.3891509433962264
2024-02-01,Rock Island,Larceny-Theft,1024,239,144277,709.7458361346576,0.2333984375
2024-02-01,Rock Island,Motor Vehicle Theft,316,81,144277,219.02312911967948,0.2563291139240506
2024-02-01,Rock Island,Aggravated Assault,539,199,144277,373.5869196060356,0.3692022263450835
2024-02-01,Rock Island,Robbery,222,60,144277,153.87067931825587,0.2702702702702703
2024-02-01,Rock Island,Rape,88,28,144277,60.99378279282214,0.3181818181818182
2024-03-01,Rock Island,Violent Crime,714,222,144277,494.8813740235796,0.31092436974789917
2024-03-01,Rock Island,Property Crime,1495,276,144277,1036.2011963098762,0.18461538461538463
2024-03-01,Rock Island,Burglary,472,160,144277,327.14847134331876,0.3389830508474576
2024-03-01,Rock Island,Larceny-Theft,1122,210,144277,777.6707306084824,0.18716577540106952
2024-03-01,Rock Island,Motor Vehicle Theft,323,106,144277,223.87490729638125,0.3281733746130031
2024-03-01,Rock Island,Aggravated Assault,527,170,144277,365.2695855888326,0.3225806451612903
2024-03-01,Rock Island,Robbery,220,50,144277,152.48445698205535,0.22727272727272727
2024-03-01,Rock Island,Rape,105,18,144277,72.77667265052642,0.17142857142857143
2024-04-01,Rock Island,Violent Crime,743,146,144277,514.9815978984869,0.19650067294751009
2024-04-01,Rock Island,Property Crime,1693,570,144277,1173.437207593726,0.33668044890726523
2024-04-01,Rock Island,Burglary,454,94,144277,314.67247031751424,0.20704845814977973
2024-04-01,Rock Island,Larceny-Theft,1177,393,144277,815.791844853996,0.3338997451146984
2024-04-01,Rock Island,Motor Vehicle Theft,391,59,144277,271.00646672719836,0.15089514066496162
2024-04-01,Rock Island,Aggravated Assault,609,142,144277,422.10470137305316,0.23316912972085385
2024-04-01,Rock Island,Robbery,240,74,144277,166.3466803440604,0.30833333333333335
2024-04-01,Rock Island,Rape,113,40,144277,78.32156199532844,0.35398230088495575
2024-05-01,Rock Island,Violent Crime,753,152,144277,521.9127095794894,0.20185922974767595
2024-05-01,Rock Island,Property Crime,1764,606,144277,1222.648100528844,0.3435374149659864
2024-05-01,Rock Island,Burglary,507,191,144277,351.40736222682756,0.3767258382642998
2024-05-01,Rock Island,Larceny-Theft,1238,373,144277,858.0716261081116,0.30129240710823907
2024-05-01,Rock Island,Motor Vehicle Theft,382,103,144277,264.7684662142961,0.2696335078534031
2024-05-01,Rock Island,Aggravated Assault,590,232,144277,408.93558917914845,0.39322033898305087
2024-05-01,Rock Island,Robbery,241,79,144277,167.03979151216063,0.3278008298755187
2024-05-01,Rock Island,Rape,118,36,144277,81.78711783582969,0.3050847457627119
2024-06-01,Rock Island,Violent Crime,762,272,144277,528.1507100923917,0.3569553805774278
2024-06-01,Rock Island,Property Crime,1832,498,144277,1269.7796599596609,0.2718340611353712
2024-06-01,Rock Island,Burglary,501,136,144277,347.24869521822603,0.2714570858283433
2024-06-01,Rock Island,Larceny-Theft,1245,230,144277,862.9234042848133,0.18473895582329317
2024-06-01,Rock Island,Motor Vehicle Theft,393,84,144277,272.39268906339885,0.21374045801526717
2024-06-01,Rock Island,Aggravated Assault,659,237,144277,456.7602597780658,0.3596358118361153
2024-06-01,Rock Island,Robbery,267,104,144277,185.06068188276717,0.3895131086142322
2024-06-01,Rock Island,Rape,124,22,144277,85.9457848444312,0.1774193548387097
2024-07-01,Rock Island,Violent Crime,754,301,144277,522.6058207475897,0.39920424403183025
2024-07-01,Rock Island,Property Crime,1746,356,144277,1210.1720995030394,0.20389461626575028
2024-07-01,Rock Island,Burglary,501,193,144277,347.24869521822603,0.3852295409181637
2024-07-01,Rock Island,Larceny-Theft,1270,246,144277,880.2511834873195,0.19370078740157481
2024-07-01,Rock Island,Motor Vehicle Theft,388,67,144277,268.9271332228976,0.17268041237113402
2024-07-01,Rock Island,Aggravated Assault,590,195,144277,408.93558917914845,0.3305084745762712
2024-07-01,Rock Island,Robbery,231,55,144277,160.10867983115813,0.23809523809523808
2024-07-01,Rock Island,Rape,127,40,144277,88.02511834873195,0.31496062992125984
2024-08-01,Rock Island,Violent Crime,715,178,144277,495.5744851916799,0.24895104895104894
2024-08-01,Rock Island,Property Crime,1717,368,144277,1190.071875628132,0.21432731508444963
2024-08-01,Rock Island,Burglary,492,177,144277,341.0106947053238,0.3597560975609756
2024-08-01,Rock Island,Larceny-Theft,1173,189,144277,813.0194001815951,0.16112531969309463
2024-08-01,Rock Island,Motor Vehicle Theft,351,124,144277,243.2820200031883,0.35327635327635326
2024-08-01,Rock Island,Aggravated Assault,621,243,144277,430.42203539025627,0.391304347826087
2024-08-01,Rock Island,Robbery,253,83,144277,175.35712552936366,0.32806324110671936
2024-08-01,Rock Island,Rape,120,25,144277,83.1733401720302,0.20833333333333334
2024-09-01,Rock Island,Violent Crime,709,247,144277,491.4158181830784,0.34837799717912554
2024-09-01,Rock Island,Property Crime,1428,292,144277,989.7627480471592,0.20448179271708683
2024-09-01,Rock Island,Burglary,443,161,144277,307.0482474684115,0.36343115124153497
2024-09-01,Rock Island,Larceny-Theft,1118,307,144277,774.8982859360813,0.2745974955277281
2024-09-01,Rock Island,Motor Vehicle Theft,358,78,144277,248.13379817989005,0.21787709497206703
2024-09-01,Rock Island,Aggravated Assault,593,163,144277,411.0149226834492,0.2748735244519393
2024-09-01,Rock Island,Robbery,214,85,144277,148.32578997345385,0.397196261682243
2024-09-01,Rock Island,Rape,99,16,144277,68.61800564192491,0.16161616161616163
2024-10-01,Rock Island,Violent Crime,618,113,144277,428.3427018859555,0.18284789644012944
2024-10-01,Rock Island,Property Crime,1465,301,144277,1015.4078612668685,0.2054607508532423
2024-10-01,Rock Island,Burglary,396,124,144277,274.47202256769964,0.31313131313131315
2024-10-01,Rock Island,Larceny-Theft,1018,377,144277,705.5871691260561,0.3703339882121807
2024-10-01,Rock Island,Motor Vehicle Theft,323,75,144277,223.87490729638125,0.23219814241486067
2024-10-01,Rock Island,Aggravated Assault,525,156,144277,363.8833632526321,0.29714285714285715
2024-10-01,Rock Island,Robbery,218,63,144277,151.09823464585483,0.2889908256880734
2024-10-01,Rock Island,Rape,97,19,144277,67.2317833057244,0.1958762886597938
2024-11-01,Rock Island,Violent Crime,599,212,144277,415.17358969205065,0.35392320534223703
2024-11-01,Rock Island,Property Crime,1346,235,144277,932.9276322629386,0.17459138187221396
2024-11-01,Rock Island,Burglary,400,125,144277,277.2444672401007,0.3125
2024-11-01,Rock Island,Larceny-Theft,972,324,144277,673.7040553934446,0.3333333333333333
2024-11-01,Rock Island,Motor Vehicle Theft,339,100,144277,234.96468598598528,0.2949852507374631
2024-11-01,Rock Island,Aggravated Assault,494,182,144277,342.3969170415243,0.3684210526315789
2024-11-01,Rock Island,Robbery,208,53,144277,144.16712296485233,0.2548076923076923
2024-11-01,Rock Island,Rape,89,35,144277,61.68689396092239,0.39325842696629215
2024-12-01,Rock Island,Violent Crime,547,193,144277,379.1318089508376,0.35283363802559414
2024-12-01,Rock Island,Property Crime,1330,283,144277,921.8378535733345,0.21278195488721804
2024-12-01,Rock Island,Burglary,341,58,144277,236.3509083221858,0.17008797653958943
2024-12-01,Rock Island,Larceny-Theft,919,189,144277,636.9691634841313,0.20565832426550598
2024-12-01,Rock Island,Motor Vehicle Theft,258,56,144277,178.8226813698649,0.21705426356589147
2024-12-01,Rock Island,Aggravated Assault,467,149,144277,323.6829155028175,0.31905781584582443
2024-12-01,Rock Island,Robbery,193,68,144277,133.77045544334857,0.35233160621761656
2024-12-01,Rock Island,Rape,107,39,144277,74.16289498672693,0.3644859813084112
2020-01-01,Peoria,Violent Crime,1055,301,179179,588.7966781821531,0.2853080568720379
2020-01-01,Peoria,Property Crime,2592,646,179179,1446.5980946427874,0.2492283950617284
2020-01-01,Peoria,Burglary,777,299,179179,433.64456772278004,0.38481338481338484
2020-01-01,Peoria,Larceny-Theft,1803,662,179179,1006.2563135188834,0.36716583471991127
2020-01-01,Peoria,Motor Vehicle Theft,558,220,179179,311.4204231522667,0.3942652329749104
2020-01-01,Peoria,Aggravated Assault,835,219,179179,466.01443249487943,0.2622754491017964
2020-01-01,Peoria,Robbery,353,67,179179,197.00969421639812,0.18980169971671387
2020-01-01,Peoria,Rape,177,52,179179,98.78389766657924,0.2937853107344633
2020-02-01,Peoria,Violent Crime,1075,361,179179,599.9587005173597,0.3358139534883721
2020-02-01,Peoria,Property Crime,2620,912,179179,1462.2249259120767,0.3480916030534351
2020-02-01,Peoria,Burglary,720,112,179179,401.8328040674409,0.15555555555555556
2020-02-01,Peoria,Larceny-Theft,1889,325,179179,1054.2530095602722,0.17204870301746955
2020-02-01,Peoria,Motor Vehicle Theft,607,106,179179,338.7673778735231,0.17462932454695224
2020-02-01,Peoria,Aggravated Assault,902,227,179179,503.4072073178218,0.2516629711751663
2020-02-01,Peoria,Robbery,389,139,179179,217.10133441977018,0.35732647814910024
2020-02-01,Peoria,Rape,200,66,179179,111.62022335206693,0.33
2020-03-01,Peoria,Violent Crime,1310,296,179179,731.1124629560384,0.22595419847328244
2020-03-01,Peoria,Property Crime,2883,823,179179,1609.0055196200447,0.28546652792230315
2020-03-01,Peoria,Burglary,808,251,179179,450.94570234235044,0.31064356435643564
2020-03-01,Peoria,Larceny-Theft,2073,558,179179,1156.9436150441738,0.2691751085383502
2020-03-01,Peoria,Motor Vehicle Theft,609,231,179179,339.8835801070438,0.3793103448275862
2020-03-01,Peoria,Aggravated Assault,1030,267,179179,574.8441502631447,0.25922330097087376
2020-03-01,Peoria,Robbery,434,120,179179,242.21588467398524,0.2764976958525346
2020-03-01,Peoria,Rape,195,56,179179,108.82971776826524,0.28717948717948716
2020-04-01,Peoria,Violent Crime,1352,322,179179,754.5527098599724,0.23816568047337278
2020-04-01,Peoria,Property Crime,3161,1260,179179,1764.1576300794177,0.3986080354318254
2020-04-01,Peoria,Burglary,884,283,179179,493.36138721613577,0.3201357466063348
2020-04-01,Peoria,Larceny-Theft,2107,502,179179,1175.919053014025,0.23825344091124823
2020-04-01,Peoria,Motor Vehicle Theft,684,107,179179,381.74116386406894,0.1564327485380117
2020-04-01,Peoria,Aggravated Assault,1120,426,179179,625.0732507715749,0.38035714285714284
2020-04-01,Peoria,Robbery,444,90,179179,247.7968958415886,0.20270270270270271
2020-04-01,Peoria,Rape,234,87,179179,130.59566132191833,0.3717948717948718
2020-05-01,Peoria,Violent Crime,1418,358,179179,791.3873835661545,0.2524682651622003
2020-05-01,Peoria,Property Crime,3382,1340,179179,1887.4979768834517,0.3962152572442342
2020-05-01,Peoria,Burglary,868,256,179179,484.4317693479705,0.29493087557603687
2020-05-01,Peoria,Larceny-Theft,2331,425,179179,1300.93370316834,0.18232518232518233
2020-05-01,Peoria,Motor Vehicle Theft,739,158,179179,412.4367252858873,0.21380243572395127
2020-05-01,Peoria,Aggravated Assault,1218,430,179179,679.7671602140877,0.3530377668308703
2020-05-01,Peoria,Robbery,459,141,179179,256.1684125929936,0.30718954248366015
2020-05-01,Peoria,Rape,214,42,179179,119.43363898671161,0.19626168224299065
2020-06-01,Peoria,Violent Crime,1414,219,179179,789.1549790991131,0.15487977369165487
2020-06-01,Peoria,Property Crime,3270,884,179179,1824.9906518062944,0.27033639143730887
2020-06-01,Peoria,Burglary,949,304,179179,529.6379598055576,0.3203371970495258
2020-06-01,Peoria,Larceny-Theft,2402,889,179179,1340.5588824583238,0.3701082431307244
2020-06-01,Peoria,Motor Vehicle Theft,723,158,179179,403.50710741772195,0.21853388658367912
2020-06-01,Peoria,Aggravated Assault,1222,297,179179,681.999564681129,0.2430441898527005
2020-06-01,Peoria,Robbery,485,177,179179,270.6790416287623,0.3649484536082474
2020-06-01,Peoria,Rape,218,37,179179,121.66604345375295,0.16972477064220184
2020-07-01,Peoria,Violent Crime,1387,519,179179,774.0862489465842,0.3741888968997837
2020-07-01,Peoria,Property Crime,3268,539,179179,1823.8744495727735,0.1649326805385557
2020-07-01,Peoria,Burglary,907,223,179179,506.1977129016235,0.24586549062844543
2020-07-01,Peoria,Larceny-Theft,2378,478,179179,1327.164455656076,0.20100925147182505
2020-07-01,Peoria,Motor Vehicle Theft,648,220,179179,361.64952366069684,0.3395061728395062
2020-07-01,Peoria,Aggravated Assault,1160,371,179179,647.3972954419881,0.31982758620689655
2020-07-01,Peoria,Robbery,439,148,179179,245.0063902577869,0.33712984054669703
2020-07-01,Peoria,Rape,243,41,179179,135.61857137276132,0.16872427983539096
2020-08-01,Peoria,Violent Crime,1322,232,179179,737.8096763571624,0.17549167927382753
2020-08-01,Peoria,Property Crime,3188,1222,179179,1779.2263602319467,0.3833124215809285
2020-08-01,Peoria,Burglary,874,175,179179,487.7803760485325,0.20022883295194507
2020-08-01,Peoria,Larceny-Theft,2234,336,179179,1246.7978948425875,0.1504028648164727
2020-08-01,Peoria,Motor Vehicle Theft,714,272,179179,398.4841973668789,0.38095238095238093
2020-08-01,Peoria,Aggravated Assault,1093,273,179179,610.0045206190457,0.24977127172918573
2020-08-01,Peoria,Robbery,457,174,179179,255.05221035947292,0.38074398249452956
2020-08-01,Peoria,Rape,214,59,179179,119.43363898671161,0.2757009345794392
2020-09-01,Peoria,Violent Crime,1238,248,179179,690.9291825492943,0.20032310177705978
2020-09-01,Peoria,Property Crime,2875,659,179179,1604.540710685962,0.22921739130434782
2020-09-01,Peoria,Burglary,791,310,179179,441.4579833574247,0.3919089759797724
2020-09-01,Peoria,Larceny-Theft,2159,860,179179,1204.9403110855626,0.3983325613710051
2020-09-01,Peoria,Motor Vehicle Theft,632,113,179179,352.7199057925315,0.1787974683544304
2020-09-01,Peoria,Aggravated Assault,1085,391,179179,605.5397116849631,0.36036866359447006
2020-09-01,Peoria,Robbery,443,71,179179,247.23879472482824,0.16027088036117382
2020-09-01,Peoria,Rape,192,37,179179,107.15541441798425,0.19270833333333334
2020-10-01,Peoria,Violent Crime,1136,217,179179,634.0028686397402,0.19102112676056338
2020-10-01,Peoria,Property Crime,2664,711,179179,1486.7813750495313,0.2668918918918919
2020-10-01,Peoria,Burglary,758,291,179179,423.0406465043336,0.3839050131926121
2020-10-01,Peoria,Larceny-Theft,1845,670,179179,1029.6965604228174,0.36314363143631434
2020-10-01,Peoria,Motor Vehicle Theft,573,116,179179,319.79193990367173,0.2024432809773124
2020-10-01,Peoria,Aggravated Assault,966,361,179179,539.1256787904832,0.37370600414078675
2020-10-01,Peoria,Robbery,400,63,179179,223.24044670413386,0.1575
2020-10-01,Peoria,Rape,204,41,179179,113.85262781910828,0.20098039215686275
2020-11-01,Peoria,Violent Crime,1084,341,179179,604.9816105682028,0.3145756457564576
2020-11-01,Peoria,Property Crime,2529,794,179179,1411.4377242868864,0.3139580862000791
2020-11-01,Peoria,Burglary,766,229,179179,427.50545543841633,0.2989556135770235
2020-11-01,Peoria,Larceny-Theft,1776,393,179179,991.1875833663544,0.22128378378378377
2020-11-01,Peoria,Motor Vehicle Theft,529,209,179179,295.235490766217,0.3950850661625709
2020-11-01,Peoria,Aggravated Assault,908,223,179179,506.75581401838383,0.24559471365638766
2020-11-01,Peoria,Robbery,361,86,179179,201.47450315048079,0.23822714681440443
2020-11-01,Peoria,Rape,178,34,179179,99.34199878333958,0.19101123595505617
2020-12-01,Peoria,Violent Crime,1057,198,179179,589.9128804156737,0.18732261116367077
2020-12-01,Peoria,Property Crime,2469,645,179179,1377.9516572812663,0.26123936816524906
2020-12-01,Peoria,Burglary,680,166,179179,379.5087593970276,0.24411764705882352
2020-12-01,Peoria,Larceny-Theft,1769,538,179179,987.280875549032,0.3041266252119842
2020-12-01,Peoria,Motor Vehicle Theft,511,193,179179,285.189670664531,0.3776908023483366
2020-12-01,Peoria,Aggravated Assault,896,259,179179,500.05860061725986,0.2890625
2020-12-01,Peoria,Robbery,326,72,179179,181.94096406386907,0.22085889570552147
2020-12-01,Peoria,Rape,194,73,179179,108.27161665150491,0.37628865979381443
2021-01-01,Peoria,Violent Crime,1079,191,179179,602.191104984401,0.17701575532900835
2021-01-01,Peoria,Property Crime,2478,494,179179,1382.9745673321092,0.1993543179983858
2021-01-01,Peoria,Burglary,683,212,179179,381.18306274730855,0.3103953147877013
2021-01-01,Peoria,Larceny-Theft,1790,323,179179,999.000999000999,0.18044692737430168
2021-01-01,Peoria,Motor Vehicle Theft,561,87,179179,313.09472650254776,0.15508021390374332
2021-01-01,Peoria,Aggravated Assault,888,309,179179,495.5937916831772,0.34797297297297297
2021-01-01,Peoria,Robbery,373,77,179179,208.17171655160482,0.2064343163538874
2021-01-01,Peoria,Rape,178,43,179179,99.34199878333958,0.24157303370786518
2021-02-01,Peoria,Violent Crime,1147,377,179179,640.1419809241038,0.32868352223190933
2021-02-01,Peoria,Property Crime,2678,583,179179,1494.5947906841761,0.21769977595220313
2021-02-01,Peoria,Burglary,811,286,179179,452.62000569263137,0.3526510480887793
2021-02-01,Peoria,Larceny-Theft,1918,612,179179,1070.4379419463219,0.31908237747653806
2021-02-01,Peoria,Motor Vehicle Theft,575,184,179179,320.90814213719244,0.32
2021-02-01,Peoria,Aggravated Assault,938,180,179179,523.4988475211939,0.19189765458422176
2021-02-01,Peoria,Robbery,407,104,179179,227.1471545214562,0.25552825552825553
2021-02-01,Peoria,Rape,222,74,179179,123.8984479207943,0.3333333333333333
2021-03-01,Peoria,Violent Crime,1253,346,179179,699.3006993006993,0.2761372705506784
2021-03-01,Peoria,Property Crime,2819,675,179179,1573.2870481473833,0.23944661227385597
2021-03-01,Peoria,Burglary,836,168,179179,466.57253361163976,0.20095693779904306
2021-03-01,Peoria,Larceny-Theft,2185,417,179179,1219.450940121331,0.1908466819221968
2021-03-01,Peoria,Motor Vehicle Theft,619,119,179179,345.46459127464715,0.19224555735056542
2021-03-01,Peoria,Aggravated Assault,1054,207,179179,588.2385770653927,0.19639468690702086
2021-03-01,Peoria,Robbery,403,133,179179,224.91475005441487,0.33002481389578164
2021-03-01,Peoria,Rape,206,38,179179,114.96883005262895,0.18446601941747573
2021-04-01,Peoria,Violent Crime,1391,446,179179,776.3186534136255,0.32063263838964773
2021-04-01,Peoria,Property Crime,3123,786,179179,1742.949787642525,0.2516810758885687
2021-04-01,Peoria,Burglary,871,162,179179,486.10607269825147,0.1859931113662457
2021-04-01,Peoria,Larceny-Theft,2199,350,179179,1227.2643557559759,0.15916325602546613
2021-04-01,Peoria,Motor Vehicle Theft,635,159,179179,354.3942091428125,0.2503937007874016
2021-04-01,Peoria,Aggravated Assault,1069,396,179179,596.6100938167978,0.37043966323666977
2021-04-01,Peoria,Robbery,453,123,179179,252.81980589243162,0.271523178807947
2021-04-01,Peoria,Rape,209,54,179179,116.64313340290994,0.2583732057416268
2021-05-01,Peoria,Violent Crime,1464,236,179179,817.0600349371299,0.16120218579234974
2021-05-01,Peoria,Property Crime,3249,1271,179179,1813.270528354327,0.39119729147429977
2021-05-01,Peoria,Burglary,941,308,179179,525.173150871475,0.3273113708820404
2021-05-01,Peoria,Larceny-Theft,2372,496,179179,1323.8158489555137,0.209106239460371
2021-05-01,Peoria,Motor Vehicle Theft,734,246,179179,409.64621970208566,0.335149863760218
2021-05-01,Peoria,Aggravated Assault,1125,332,179179,627.8637563553765,0.2951111111111111
2021-05-01,Peoria,Robbery,455,154,179179,253.93600812595227,0.3384615384615385
2021-05-01,Peoria,Rape,222,63,179179,123.8984479207943,0.28378378378378377
2021-06-01,Peoria,Violent Crime,1403,524,179179,783.0158668147494,0.3734853884533143
2021-06-01,Peoria,Property Crime,3338,955,179179,1862.941527745997,0.2860994607549431
2021-06-01,Peoria,Burglary,922,226,179179,514.5692296530285,0.24511930585683298
2021-06-01,Peoria,Larceny-Theft,2537,1005,179179,1415.902533220969,0.39613716988569175
2021-06-01,Peoria,Motor Vehicle Theft,710,176,179179,396.2517928998376,0.24788732394366197
2021-06-01,Peoria,Aggravated Assault,1260,360,179179,703.2074071180216,0.2857142857142857
2021-06-01,Peoria,Robbery,436,75,179179,243.3320869075059,0.1720183486238532
2021-06-01,Peoria,Rape,256,96,179179,142.87388589064568,0.375
2021-07-01,Peoria,Violent Crime,1400,411,179179,781.3415634644684,0.2935714285714286
2021-07-01,Peoria,Property Crime,3261,1014,179179,1819.9677417554512,0.3109475620975161
2021-07-01,Peoria,Burglary,962,190,179179,536.8932743234419,0.19750519750519752
2021-07-01,Peoria,Larceny-Theft,2352,695,179179,1312.653826620307,0.29549319727891155
2021-07-01,Peoria,Motor Vehicle Theft,618,104,179179,344.9064901578868,0.16828478964401294
2021-07-01,Peoria,Aggravated Assault,1156,417,179179,645.1648909749468,0.3607266435986159
2021-07-01,Peoria,Robbery,482,111,179179,269.0047382784813,0.23029045643153526
2021-07-01,Peoria,Rape,208,75,179179,116.0850322861496,0.3605769230769231
2021-08-01,Peoria,Violent Crime,1356,318,179179,756.7851143270137,0.2345132743362832
2021-08-01,Peoria,Property Crime,3086,512,179179,1722.3000463223927,0.1659105638366818
2021-08-01,Peoria,Burglary,912,145,179179,508.9882184854252,0.15899122807017543
2021-08-01,Peoria,Larceny-Theft,2253,744,179179,1257.401816061034,0.33022636484687085
2021-08-01,Peoria,Motor Vehicle Theft,681,234,179179,380.06686051378784,0.3436123348017621
2021-08-01,Peoria,Aggravated Assault,1117,372,179179,623.3989474212938,0.333034914950761
2021-08-01,Peoria,Robbery,449,168,179179,250.58740142539028,0.3741648106904232
2021-08-01,Peoria,Rape,224,83,179179,125.01465015431496,0.3705357142857143
2021-09-01,Peoria,Violent Crime,1232,312,179179,687.5805758487323,0.2532467532467532
2021-09-01,Peoria,Property Crime,2881,999,179179,1607.8893173865242,0.3467545990975356
2021-09-01,Peoria,Burglary,787,313,179179,439.2255788903833,0.397712833545108
2021-09-01,Peoria,Larceny-Theft,2076,710,179179,1158.6179183944548,0.3420038535645472
2021-09-01,Peoria,Motor Vehicle Theft,608,201,179179,339.32547899028344,0.3305921052631579
2021-09-01,Peoria,Aggravated Assault,1032,338,179179,575.9603524966653,0.32751937984496127
2021-09-01,Peoria,Robbery,430,80,179179,239.9834802069439,0.18604651162790697
2021-09-01,Peoria,Rape,197,46,179179,109.94592000178592,0.233502538071066
2021-10-01,Peoria,Violent Crime,1152,319,179179,642.9324865079055,0.2769097222222222
2021-10-01,Peoria,Property Crime,2652,677,179179,1480.0841616484074,0.2552790346907994
2021-10-01,Peoria,Burglary,745,146,179179,415.7853319864493,0.1959731543624161
2021-10-01,Peoria,Larceny-Theft,1932,549,179179,1078.2513575809664,0.2841614906832298
2021-10-01,Peoria,Motor Vehicle Theft,605,165,179179,337.65117564000246,0.2727272727272727
2021-10-01,Peoria,Aggravated Assault,950,247,179179,530.1960609223179,0.26
2021-10-01,Peoria,Robbery,374,143,179179,208.72981766836517,0.38235294117647056
2021-10-01,Peoria,Rape,168,43,179179,93.76098761573623,0.25595238095238093
2021-11-01,Peoria,Violent Crime,1073,279,179179,598.8424982838391,0.26001863932898417
2021-11-01,Peoria,Property Crime,2583,762,179179,1441.5751845919442,0.29500580720092917
2021-11-01,Peoria,Burglary,688,143,179179,383.97356833111024,0.20784883720930233
2021-11-01,Peoria,Larceny-Theft,1787,501,179179,997.3266956507181,0.28035814213766086
2021-11-01,Peoria,Motor Vehicle Theft,516,126,179179,287.98017624833267,0.2441860465116279
2021-11-01,Peoria,Aggravated Assault,908,225,179179,506.75581401838383,0.24779735682819384
2021-11-01,Peoria,Robbery,362,61,179179,202.03260426724114,0.1685082872928177
2021-11-01,Peoria,Rape,158,54,179179,88.17997644813288,0.34177215189873417
2021-12-01,Peoria,Violent Crime,1073,389,179179,598.8424982838391,0.3625349487418453
2021-12-01,Peoria,Property Crime,2423,605,179179,1352.2790059102908,0.24969046636401154
2021-12-01,Peoria,Burglary,694,121,179179,387.32217503167226,0.17435158501440923
2021-12-01,Peoria,Larceny-Theft,1734,292,179179,967.7473364624203,0.16839677047289503
2021-12-01,Peoria,Motor Vehicle Theft,499,111,179179,278.49245726340695,0.22244488977955912
2021-12-01,Peoria,Aggravated Assault,915,165,179179,510.6625218357062,0.18032786885245902
2021-12-01,Peoria,Robbery,335,131,179179,186.9638741147121,0.39104477611940297
2021-12-01,Peoria,Rape,161,33,179179,89.85427979841387,0.20496894409937888
2022-01-01,Peoria,Violent Crime,1110,278,179179,619.4922396039715,0.25045045045045045
2022-01-01,Peoria,Property Crime,2474,936,179179,1380.742162865068,0.37833468067906223
2022-01-01,Peoria,Burglary,712,136,179179,397.3679951333583,0.19101123595505617
2022-01-01,Peoria,Larceny-Theft,1787,440,179179,997.3266956507181,0.24622271964185785
2022-01-01,Peoria,Motor Vehicle Theft,529,185,179179,295.235490766217,0.3497164461247637
2022-01-01,Peoria,Aggravated Assault,940,310,179179,524.6150497547145,0.32978723404255317
2022-01-01,Peoria,Robbery,362,144,179179,202.03260426724114,0.39779005524861877
2022-01-01,Peoria,Rape,183,58,179179,102.13250436714124,0.31693989071038253
2022-02-01,Peoria,Violent Crime,1184,242,179179,660.7917222442362,0.20439189189189189
2022-02-01,Peoria,Property Crime,2697,866,179179,1505.1987119026226,0.3210975157582499
2022-02-01,Peoria,Burglary,757,253,179179,422.48254538757334,0.3342140026420079
2022-02-01,Peoria,Larceny-Theft,1940,432,179179,1082.7161665150493,0.22268041237113403
2022-02-01,Peoria,Motor Vehicle Theft,615,213,179179,343.2321868076058,0.3463414634146341
2022-02-01,Peoria,Aggravated Assault,927,341,179179,517.3597352368303,0.36785329018338725
2022-02-01,Peoria,Robbery,338,91,179179,188.6381774649931,0.2692307692307692
2022-02-01,Peoria,Rape,201,41,179179,112.17832446882726,0.20398009950248755
2022-03-01,Peoria,Violent Crime,1301,229,179179,726.0895529051954,0.1760184473481937
2022-03-01,Peoria,Property Crime,2837,723,179179,1583.3328682490694,0.2548466690165668
2022-03-01,Peoria,Burglary,866,259,179179,483.3155671144498,0.29907621247113164
2022-03-01,Peoria,Larceny-Theft,2056,563,179179,1147.455896059248,0.27383268482490275
2022-03-01,Peoria,Motor Vehicle Theft,633,212,179179,353.27800690929183,0.334913112164297
2022-03-01,Peoria,Aggravated Assault,1016,182,179179,567.0307346285,0.17913385826771652
2022-03-01,Peoria,Robbery,388,90,179179,216.54323330300983,0.23195876288659795
2022-03-01,Peoria,Rape,227,75,179179,126.68895350459596,0.3303964757709251
2022-04-01,Peoria,Violent Crime,1269,343,179179,708.2303171688646,0.2702915681639086
2022-04-01,Peoria,Property Crime,3098,614,179179,1728.997259723517,0.19819238218205293
2022-04-01,Peoria,Burglary,892,211,179179,497.82619615021844,0.2365470852017937
2022-04-01,Peoria,Larceny-Theft,2178,593,179179,1215.5442323040088,0.27226813590449955
2022-04-01,Peoria,Motor Vehicle Theft,685,117,179179,382.2992649808292,0.1708029197080292
2022-04-01,Peoria,Aggravated Assault,1133,425,179179,632.3285652894591,0.37511032656663723
2022-04-01,Peoria,Robbery,448,151,179179,250.02930030862993,0.33705357142857145
2022-04-01,Peoria,Rape,204,34,179179,113.85262781910828,0.16666666666666666
2022-05-01,Peoria,Violent Crime,1379,550,179179,769.6214400125015,0.3988397389412618
2022-05-01,Peoria,Property Crime,3253,1051,179179,1815.5029328213684,0.3230863818014141
2022-05-01,Peoria,Burglary,904,258,179179,504.5234095513425,0.2853982300884956
2022-05-01,Peoria,Larceny-Theft,2312,567,179179,1290.3297819498937,0.24524221453287198
2022-05-01,Peoria,Motor Vehicle Theft,714,116,179179,398.4841973668789,0.16246498599439776
2022-05-01,Peoria,Aggravated Assault,1106,268,179179,617.2598351369302,0.2423146473779385
2022-05-01,Peoria,Robbery,482,145,179179,269.0047382784813,0.3008298755186722
2022-05-01,Peoria,Rape,223,77,179179,124.45654903755461,0.3452914798206278
2022-06-01,Peoria,Violent Crime,1456,321,179179,812.5952260030472,0.22046703296703296
2022-06-01,Peoria,Property Crime,3379,751,179179,1885.8236735331707,0.22225510506066884
2022-06-01,Peoria,Burglary,918,295,179179,512.3368251859872,0.3213507625272331
2022-06-01,Peoria,Larceny-Theft,2394,419,179179,1336.0940735242411,0.17502088554720133
2022-06-01,Peoria,Motor Vehicle Theft,755,190,179179,421.3663431540527,0.25165562913907286
2022-06-01,Peoria,Aggravated Assault,1195,218,179179,666.9308345285999,0.18242677824267783
2022-06-01,Peoria,Robbery,469,98,179179,261.7494237605969,0.208955223880597
2022-06-01,Peoria,Rape,260,70,179179,145.10629035768702,0.2692307692307692
2022-07-01,Peoria,Violent Crime,1346,398,179179,751.2041031594105,0.29569093610698366
2022-07-01,Peoria,Property Crime,3195,864,179179,1783.1330680492692,0.2704225352112676
2022-07-01,Peoria,Burglary,950,269,179179,530.1960609223179,0.2831578947368421
2022-07-01,Peoria,Larceny-Theft,2358,862,179179,1316.0024333208692,0.3655640373197625
2022-07-01,Peoria,Motor Vehicle Theft,734,288,179179,409.64621970208566,0.3923705722070845
2022-07-01,Peoria,Aggravated Assault,1105,270,179179,616.7017340201697,0.24434389140271492
2022-07-01,Peoria,Robbery,472,127,179179,263.4237271108779,0.2690677966101695
2022-07-01,Peoria,Rape,213,77,179179,118.87553786995129,0.3615023474178404
2022-08-01,Peoria,Violent Crime,1378,435,179179,769.0633388957411,0.31567489114658925
2022-08-01,Peoria,Property Crime,3121,802,179179,1741.8335854090046,0.25696892021787887
2022-08-01,Peoria,Burglary,904,139,179179,504.5234095513425,0.15376106194690264
2022-08-01,Peoria,Larceny-Theft,2184,831,179179,1218.892839004571,0.3804945054945055
2022-08-01,Peoria,Motor Vehicle Theft,625,165,179179,348.8131979752091,0.264
2022-08-01,Peoria,Aggravated Assault,1100,269,179179,613.9112284363681,0.24454545454545454
2022-08-01,Peoria,Robbery,402,64,179179,224.3566489376545,0.15920398009950248
2022-08-01,Peoria,Rape,218,43,179179,121.66604345375295,0.19724770642201836
2022-09-01,Peoria,Violent Crime,1253,267,179179,699.3006993006993,0.21308858739026337
2022-09-01,Peoria,Property Crime,2904,774,179179,1620.725643072012,0.2665289256198347
2022-09-01,Peoria,Burglary,812,320,179179,453.1781068093917,0.39408866995073893
2022-09-01,Peoria,Larceny-Theft,2054,546,179179,1146.3396938257272,0.26582278481012656
2022-09-01,Peoria,Motor Vehicle Theft,575,133,179179,320.90814213719244,0.23130434782608697
2022-09-01,Peoria,Aggravated Assault,988,149,179179,551.4039033592106,0.1508097165991903
2022-09-01,Peoria,Robbery,407,63,179179,227.1471545214562,0.1547911547911548
2022-09-01,Peoria,Rape,193,42,179179,107.71351553474457,0.21761658031088082
2022-10-01,Peoria,Violent Crime,1144,248,179179,638.4676775738228,0.21678321678321677
2022-10-01,Peoria,Property Crime,2703,441,179179,1508.5473186031845,0.16315205327413984
2022-10-01,Peoria,Burglary,786,215,179179,438.66747777362303,0.27353689567430023
2022-10-01,Peoria,Larceny-Theft,1905,493,179179,1063.1826274284376,0.2587926509186352
2022-10-01,Peoria,Motor Vehicle Theft,565,159,179179,315.32713096958906,0.2814159292035398
2022-10-01,Peoria,Aggravated Assault,972,237,179179,542.4742854910453,0.24382716049382716
2022-10-01,Peoria,Robbery,377,107,179179,210.40412101864615,0.2838196286472148
2022-10-01,Peoria,Rape,189,61,179179,105.48111106770325,0.32275132275132273
2022-11-01,Peoria,Violent Crime,1127,442,179179,628.9799585888971,0.3921916592724046
2022-11-01,Peoria,Property Crime,2533,480,179179,1413.6701287539277,0.189498618239242
2022-11-01,Peoria,Burglary,659,260,179179,367.7886359450605,0.3945371775417299
2022-11-01,Peoria,Larceny-Theft,1785,500,179179,996.2104934171973,0.2801120448179272
2022-11-01,Peoria,Motor Vehicle Theft,549,180,179179,306.3975131014237,0.32786885245901637
2022-11-01,Peoria,Aggravated Assault,879,213,179179,490.57088163233414,0.24232081911262798
2022-11-01,Peoria,Robbery,353,120,179179,197.00969421639812,0.33994334277620397
2022-11-01,Peoria,Rape,174,66,179179,97.10959431629823,0.3793103448275862
2022-12-01,Peoria,Violent Crime,1073,265,179179,598.8424982838391,0.24697110904007455
2022-12-01,Peoria,Property Crime,2458,751,179179,1371.8125449969025,0.30553295362082994
2022-12-01,Peoria,Burglary,660,144,179179,368.3467370618209,0.21818181818181817
2022-12-01,Peoria,Larceny-Theft,1763,296,179179,983.9322688484699,0.16789563244469655
2022-12-01,Peoria,Motor Vehicle Theft,560,100,179179,312.53662538578743,0.17857142857142858
2022-12-01,Peoria,Aggravated Assault,878,144,179179,490.0127805155738,0.16400911161731208
2022-12-01,Peoria,Robbery,356,120,179179,198.68399756667915,0.33707865168539325
2022-12-01,Peoria,Rape,163,38,179179,90.97048203193454,0.2331288343558282
2023-01-01,Peoria,Violent Crime,1148,311,179179,640.7000820408641,0.27090592334494773
2023-01-01,Peoria,Property Crime,2527,866,179179,1410.3215220533657,0.34269885239414327
2023-01-01,Peoria,Burglary,728,219,179179,406.2976130015236,0.3008241758241758
2023-01-01,Peoria,Larceny-Theft,1794,715,179179,1001.2334034680404,0.39855072463768115
2023-01-01,Peoria,Motor Vehicle Theft,573,163,179179,319.79193990367173,0.2844677137870855
2023-01-01,Peoria,Aggravated Assault,881,337,179179,491.68708386585485,0.38251986379114644
2023-01-01,Peoria,Robbery,351,96,179179,195.89349198287746,0.27350427350427353
2023-01-01,Peoria,Rape,175,48,179179,97.66769543305855,0.2742857142857143
2023-02-01,Peoria,Violent Crime,1142,245,179179,637.3514753403022,0.21453590192644484
2023-02-01,Peoria,Property Crime,2645,845,179179,1476.1774538310851,0.31947069943289225
2023-02-01,Peoria,Burglary,793,226,179179,442.5741855909454,0.2849936948297604
2023-02-01,Peoria,Larceny-Theft,1859,459,179179,1037.5099760574622,0.24690693921463153
2023-02-01,Peoria,Motor Vehicle Theft,545,216,179179,304.16510863438236,0.3963302752293578
2023-02-01,Peoria,Aggravated Assault,960,350,179179,535.7770720899213,0.3645833333333333
2023-02-01,Peoria,Robbery,393,74,179179,219.33373888681152,0.18829516539440203
2023-02-01,Peoria,Rape,165,37,179179,92.08668426545522,0.22424242424242424
2023-03-01,Peoria,Violent Crime,1227,203,179179,684.7900702649306,0.16544417277913612
2023-03-01,Peoria,Property Crime,2893,1009,179179,1614.586530787648,0.3487729001036986
2023-03-01,Peoria,Burglary,850,204,179179,474.38594924628444,0.24
2023-03-01,Peoria,Larceny-Theft,2069,631,179179,1154.7112105771323,0.304978250362494
2023-03-01,Peoria,Motor Vehicle Theft,634,151,179179,353.83610802605216,0.23817034700315456
2023-03-01,Peoria,Aggravated Assault,1026,198,179179,572.6117457961033,0.19298245614035087
2023-03-01,Peoria,Robbery,387,105,179179,215.9851321862495,0.2713178294573643
2023-03-01,Peoria,Rape,218,42,179179,121.66604345375295,0.1926605504587156
2023-04-01,Peoria,Violent Crime,1342,530,179179,748.971698692369,0.3949329359165425
2023-04-01,Peoria,Property Crime,3147,1141,179179,1756.3442144447731,0.36256752462662856
2023-04-01,Peoria,Burglary,853,275,179179,476.0602525965655,0.3223915592028136
2023-04-01,Peoria,Larceny-Theft,2146,721,179179,1197.6849965676781,0.3359739049394222
2023-04-01,Peoria,Motor Vehicle Theft,647,245,179179,361.0914225439365,0.3786707882534776
2023-04-01,Peoria,Aggravated Assault,1091,192,179179,608.8883183855252,0.1759853345554537
2023-04-01,Peoria,Robbery,416,71,179179,232.1700645722992,0.17067307692307693
2023-04-01,Peoria,Rape,219,71,179179,122.22414457051329,0.3242009132420091
2023-05-01,Peoria,Violent Crime,1447,409,179179,807.5723159522041,0.28265376641326884
2023-05-01,Peoria,Property Crime,3178,764,179179,1773.6453490643435,0.24040276903713026
2023-05-01,Peoria,Burglary,882,206,179179,492.24518498261517,0.23356009070294784
2023-05-01,Peoria,Larceny-Theft,2289,859,179179,1277.493456264406,0.37527304499781566
2023-05-01,Peoria,Motor Vehicle Theft,687,202,179179,383.4154672143499,0.2940320232896652
2023-05-01,Peoria,Aggravated Assault,1190,355,179179,664.1403289447982,0.29831932773109243
2023-05-01,Peoria,Robbery,517,195,179179,288.538277365093,0.3771760154738878
2023-05-01,Peoria,Rape,268,90,179179,149.57109929176968,0.3358208955223881
2023-06-01,Peoria,Violent Crime,1393,486,179179,777.4348556471462,0.3488872936109117
2023-06-01,Peoria,Property Crime,3277,1156,179179,1828.8973596236165,0.3527616722612145
2023-06-01,Peoria,Burglary,936,161,179179,522.3826452876733,0.172008547008547
2023-06-01,Peoria,Larceny-Theft,2383,847,179179,1329.9549612398775,0.35543432647922785
2023-06-01,Peoria,Motor Vehicle Theft,707,155,179179,394.57748954955656,0.21923620933521923
2023-06-01,Peoria,Aggravated Assault,1148,305,179179,640.7000820408641,0.2656794425087108
2023-06-01,Peoria,Robbery,476,143,179179,265.65613157791927,0.3004201680672269
2023-06-01,Peoria,Rape,242,96,179179,135.06047025600097,0.39669421487603307
2023-07-01,Peoria,Violent Crime,1430,362,179179,798.0845969672785,0.25314685314685315
2023-07-01,Peoria,Property Crime,3264,647,179179,1821.6420451057324,0.19822303921568626
2023-07-01,Peoria,Burglary,950,181,179179,530.1960609223179,0.19052631578947368
2023-07-01,Peoria,Larceny-Theft,2252,491,179179,1256.8437149442736,0.2180284191829485
2023-07-01,Peoria,Motor Vehicle Theft,709,163,179179,395.69369178307727,0.229901269393512
2023-07-01,Peoria,Aggravated Assault,1200,440,179179,669.7213401124015,0.36666666666666664
2023-07-01,Peoria,Robbery,484,75,179179,270.12094051200194,0.15495867768595042
2023-07-01,Peoria,Rape,221,57,179179,123.34034680403394,0.2579185520361991
2023-08-01,Peoria,Violent Crime,1383,501,179179,771.8538444795429,0.36225596529284165
2023-08-01,Peoria,Property Crime,3077,1150,179179,1717.2771362715496,0.3737406564835879
2023-08-01,Peoria,Burglary,881,184,179179,491.68708386585485,0.20885357548240635
2023-08-01,Peoria,Larceny-Theft,2323,789,179179,1296.4688942342575,0.3396470081790788
2023-08-01,Peoria,Motor Vehicle Theft,624,234,179179,348.25509685844884,0.375
2023-08-01,Peoria,Aggravated Assault,1154,260,179179,644.0486887414262,0.22530329289428075
2023-08-01,Peoria,Robbery,440,146,179179,245.56449137454723,0.33181818181818185
2023-08-01,Peoria,Rape,206,65,179179,114.96883005262895,0.3155339805825243
2023-09-01,Peoria,Violent Crime,1236,482,179179,689.8129803157736,0.38996763754045305
2023-09-01,Peoria,Property Crime,2814,584,179179,1570.4965425635817,0.20753375977256575
2023-09-01,Peoria,Burglary,818,150,179179,456.5267135099537,0.18337408312958436
2023-09-01,Peoria,Larceny-Theft,2039,764,179179,1137.9681770743223,0.3746934771947033
2023-09-01,Peoria,Motor Vehicle Theft,626,145,179179,349.3712990919695,0.23162939297124602
2023-09-01,Peoria,Aggravated Assault,1015,323,179179,566.4726335117397,0.31822660098522165
2023-09-01,Peoria,Robbery,414,77,179179,231.05386233877854,0.1859903381642512
2023-09-01,Peoria,Rape,185,32,179179,103.24870660066192,0.17297297297297298
2023-10-01,Peoria,Violent Crime,1168,196,179179,651.8621043760709,0.1678082191780822
2023-10-01,Peoria,Property Crime,2724,569,179179,1520.2674420551514,0.2088839941262849
2023-10-01,Peoria,Burglary,804,161,179179,448.713297875309,0.20024875621890548
2023-10-01,Peoria,Larceny-Theft,1942,431,179179,1083.83236874857,0.22193614830072092
2023-10-01,Peoria,Motor Vehicle Theft,525,119,179179,293.00308629917566,0.22666666666666666
2023-10-01,Peoria,Aggravated Assault,924,348,179179,515.6854318865492,0.37662337662337664
2023-10-01,Peoria,Robbery,386,129,179179,215.42703106948915,0.33419689119170987
2023-10-01,Peoria,Rape,230,42,179179,128.36325685487697,0.1826086956521739
2023-11-01,Peoria,Violent Crime,1131,293,179179,631.2123630559385,0.25906277630415564
2023-11-01,Peoria,Property Crime,2524,866,179179,1408.6472187030847,0.34310618066561016
2023-11-01,Peoria,Burglary,764,170,179179,426.3892532048957,0.22251308900523561
2023-11-01,Peoria,Larceny-Theft,1812,541,179179,1011.2792235697265,0.29856512141280356
2023-11-01,Peoria,Motor Vehicle Theft,533,142,179179,297.46789523325833,0.26641651031894936
2023-11-01,Peoria,Aggravated Assault,915,250,179179,510.6625218357062,0.273224043715847
2023-11-01,Peoria,Robbery,338,117,179179,188.6381774649931,0.34615384615384615
2023-11-01,Peoria,Rape,176,48,179179,98.22579654981891,0.2727272727272727
2023-12-01,Peoria,Violent Crime,1026,175,179179,572.6117457961033,0.1705653021442495
2023-12-01,Peoria,Property Crime,2459,410,179179,1372.370646113663,0.16673444489629932
2023-12-01,Peoria,Burglary,702,229,179179,391.7869839657549,0.3262108262108262
2023-12-01,Peoria,Larceny-Theft,1785,450,179179,996.2104934171973,0.25210084033613445
2023-12-01,Peoria,Motor Vehicle Theft,535,136,179179,298.58409746677904,0.2542056074766355
2023-12-01,Peoria,Aggravated Assault,885,175,179179,493.91948833289615,0.1977401129943503
2023-12-01,Peoria,Robbery,380,86,179179,212.07842436892716,0.22631578947368422
2023-12-01,Peoria,Rape,167,30,179179,93.20288649897589,0.17964071856287425
2024-01-01,Peoria,Violent Crime,1122,351,179179,626.1894530050955,0.31283422459893045
2024-01-01,Peoria,Property Crime,2507,896,179179,1399.159499718159,0.35739928201037097
2024-01-01,Peoria,Burglary,718,209,179179,400.71660183392027,0.29108635097493035
2024-01-01,Peoria,Larceny-Theft,1806,479,179179,1007.9306168691644,0.2652270210409745
2024-01-01,Peoria,Motor Vehicle Theft,498,161,179179,277.9343561466466,0.3232931726907631
2024-01-01,Peoria,Aggravated Assault,902,177,179179,503.4072073178218,0.19623059866962306
2024-01-01,Peoria,Robbery,370,81,179179,206.49741320132384,0.21891891891891893
2024-01-01,Peoria,Rape,186,30,179179,103.80680771742223,0.16129032258064516
2024-02-01,Peoria,Violent Crime,1182,195,179179,659.6755200107156,0.1649746192893401
2024-02-01,Peoria,Property Crime,2579,501,179179,1439.3427801249031,0.19426134160527336
2024-02-01,Peoria,Burglary,787,276,179179,439.2255788903833,0.35069885641677256
2024-02-01,Peoria,Larceny-Theft,1862,599,179179,1039.1842794077431,0.3216970998925886
2024-02-01,Peoria,Motor Vehicle Theft,583,222,179179,325.3729510712751,0.38078902229845624
2024-02-01,Peoria,Aggravated Assault,928,344,179179,517.9178363535906,0.3706896551724138
2024-02-01,Peoria,Robbery,347,72,179179,193.66108751583613,0.207492795389049
2024-02-01,Peoria,Rape,196,38,179179,109.3878188850256,0.19387755102040816
2024-03-01,Peoria,Violent Crime,1234,261,179179,688.696778082253,0.21150729335494328
2024-03-01,Peoria,Property Crime,2857,1104,179179,1594.494890584276,0.3864193209660483
2024-03-01,Peoria,Burglary,840,203,179179,468.80493807868106,0.24166666666666667
2024-03-01,Peoria,Larceny-Theft,2032,714,179179,1134.061469257,0.3513779527559055
2024-03-01,Peoria,Motor Vehicle Theft,616,244,179179,343.79028792436617,0.3961038961038961
2024-03-01,Peoria,Aggravated Assault,973,182,179179,543.0323866078056,0.18705035971223022
2024-03-01,Peoria,Robbery,406,149,179179,226.58905340469585,0.3669950738916256
2024-03-01,Peoria,Rape,192,60,179179,107.15541441798425,0.3125
2024-04-01,Peoria,Violent Crime,1390,381,179179,775.7605522968652,0.2741007194244604
2024-04-01,Peoria,Property Crime,3060,629,179179,1707.7894172866238,0.20555555555555555
2024-04-01,Peoria,Burglary,906,147,179179,505.63961178486323,0.16225165562913907
2024-04-01,Peoria,Larceny-Theft,2233,706,179179,1246.2397937258272,0.316166592028661
2024-04-01,Peoria,Motor Vehicle Theft,656,185,179179,366.1143325947795,0.2820121951219512
2024-04-01,Peoria,Aggravated Assault,1060,411,179179,591.5871837659547,0.3877358490566038
2024-04-01,Peoria,Robbery,401,109,179179,223.79854782089416,0.2718204488778055
2024-04-01,Peoria,Rape,204,45,179179,113.85262781910828,0.22058823529411764
2024-05-01,Peoria,Violent Crime,1432,428,179179,799.2007992007992,0.2988826815642458
2024-05-01,Peoria,Property Crime,3208,519,179179,1790.3883825671533,0.16178304239401498
2024-05-01,Peoria,Burglary,908,325,179179,506.75581401838383,0.3579295154185022
2024-05-01,Peoria,Larceny-Theft,2313,601,179179,1290.887883066654,0.2598357111975789
2024-05-01,Peoria,Motor Vehicle Theft,678,207,179179,378.39255716350686,0.3053097345132743
2024-05-01,Peoria,Aggravated Assault,1201,307,179179,670.2794412291619,0.2556203164029975
2024-05-01,Peoria,Robbery,448,127,179179,250.02930030862993,0.28348214285714285
2024-05-01,Peoria,Rape,225,77,179179,125.57275127107529,0.3422222222222222
2024-06-01,Peoria,Violent Crime,1399,251,179179,780.7834623477081,0.17941386704789136
2024-06-01,Peoria,Property Crime,3399,760,179179,1896.9856958683774,0.22359517505148574
2024-06-01,Peoria,Burglary,929,357,179179,518.4759374703508,0.38428417653390745
2024-06-01,Peoria,Larceny-Theft,2415,508,179179,1347.8141969762082,0.210351966873706
2024-06-01,Peoria,Motor Vehicle Theft,714,251,179179,398.4841973668789,0.35154061624649857
2024-06-01,Peoria,Aggravated Assault,1175,288,179179,655.7688121933932,0.2451063829787234
2024-06-01,Peoria,Robbery,498,129,179179,277.9343561466466,0.25903614457831325
2024-06-01,Peoria,Rape,242,93,179179,135.06047025600097,0.384297520661157
2024-07-01,Peoria,Violent Crime,1407,506,179179,785.2482712817908,0.35963041933191187
2024-07-01,Peoria,Property Crime,3336,1273,179179,1861.8253255124762,0.3815947242206235
2024-07-01,Peoria,Burglary,873,261,179179,487.2222749317721,0.29896907216494845
2024-07-01,Peoria,Larceny-Theft,2311,536,179179,1289.7716808331334,0.2319342276070965
2024-07-01,Peoria,Motor Vehicle Theft,692,206,179179,386.20597279815155,0.2976878612716763
2024-07-01,Peoria,Aggravated Assault,1142,267,179179,637.3514753403022,0.23380035026269702
2024-07-01,Peoria,Robbery,491,101,179179,274.0276483293243,0.20570264765784113
2024-07-01,Peoria,Rape,257,53,179179,143.431987007406,0.20622568093385213
2024-08-01,Peoria,Violent Crime,1299,485,179179,724.9733506716747,0.37336412625096227
2024-08-01,Peoria,Property Crime,3064,1098,179179,1710.0218217536653,0.358355091383812
2024-08-01,Peoria,Burglary,912,254,179179,508.9882184854252,0.27850877192982454
2024-08-01,Peoria,Larceny-Theft,2295,434,179179,1280.8420629649681,0.18910675381263617
2024-08-01,Peoria,Motor Vehicle Theft,681,247,179179,380.06686051378784,0.36270190895741555
2024-08-01,Peoria,Aggravated Assault,1052,234,179179,587.1223748318721,0.2224334600760456
2024-08-01,Peoria,Robbery,453,136,179179,252.81980589243162,0.30022075055187636
2024-08-01,Peoria,Rape,232,47,179179,129.47945908839765,0.2025862068965517
2024-09-01,Peoria,Violent Crime,1242,286,179179,693.1615870163356,0.23027375201288244
2024-09-01,Peoria,Property Crime,2848,1102,179179,1589.4719805334332,0.386938202247191
2024-09-01,Peoria,Burglary,814,281,179179,454.2943090429124,0.3452088452088452
2024-09-01,Peoria,Larceny-Theft,2090,828,179179,1166.4313340290994,0.39617224880382773
2024-09-01,Peoria,Motor Vehicle Theft,627,153,179179,349.9294002087298,0.24401913875598086
2024-09-01,Peoria,Aggravated Assault,1080,239,179179,602.7492061011613,0.2212962962962963
2024-09-01,Peoria,Robbery,385,115,179179,214.86892995272885,0.2987012987012987
2024-09-01,Peoria,Rape,211,65,179179,117.7593356364306,0.3080568720379147
2024-10-01,Peoria,Violent Crime,1173,410,179179,654.6526099598725,0.3495311167945439
2024-10-01,Peoria,Property Crime,2649,419,179179,1478.4098582981264,0.15817289543223859
2024-10-01,Peoria,Burglary,767,303,179179,428.06355655517666,0.39504563233376794
2024-10-01,Peoria,Larceny-Theft,1880,311,179179,1049.230099509429,0.16542553191489362
2024-10-01,Peoria,Motor Vehicle Theft,604,148,179179,337.09307452324214,0.24503311258278146
2024-10-01,Peoria,Aggravated Assault,911,257,179179,508.43011736866487,0.28210757409440174
2024-10-01,Peoria,Robbery,369,80,179179,205.93931208456348,0.21680216802168023
2024-10-01,Peoria,Rape,195,71,179179,108.82971776826524,0.3641025641025641
2024-11-01,Peoria,Violent Crime,1073,274,179179,598.8424982838391,0.255358807082945
2024-11-01,Peoria,Property Crime,2484,987,179179,1386.3231740326712,0.3973429951690821
2024-11-01,Peoria,Burglary,684,262,179179,381.74116386406894,0.3830409356725146
2024-11-01,Peoria,Larceny-Theft,1797,438,179179,1002.9077068183213,0.24373956594323873
2024-11-01,Peoria,Motor Vehicle Theft,505,175,179179,281.841063963969,0.3465346534653465
2024-11-01,Peoria,Aggravated Assault,892,257,179179,497.82619615021844,0.2881165919282511
2024-11-01,Peoria,Robbery,363,82,179179,202.5907053840015,0.22589531680440772
2024-11-01,Peoria,Rape,194,43,179179,108.27161665150491,0.22164948453608246
2024-12-01,Peoria,Violent Crime,1032,315,179179,575.9603524966653,0.30523255813953487
2024-12-01,Peoria,Property Crime,2414,709,179179,1347.256095859448,0.29370339685169844
2024-12-01,Peoria,Burglary,747,176,179179,416.90153421996996,0.23560910307898258
2024-12-01,Peoria,Larceny-Theft,1806,467,179179,1007.9306168691644,0.25858250276854927
2024-12-01,Peoria,Motor Vehicle Theft,494,177,179179,275.7019516796053,0.3582995951417004
2024-12-01,Peoria,Aggravated Assault,887,210,179179,495.0356905664168,0.23675310033821872
2024-12-01,Peoria,Robbery,390,99,179179,217.65943553653048,0.25384615384615383
2024-12-01,Peoria,Rape,173,50,179179,96.55149319953789,0.28901734104046245
2020-01-01,Tazewell,Violent Crime,870,287,131343,662.3877937918276,0.32988505747126434
2020-01-01,Tazewell,Property Crime,2061,630,131343,1569.1738425344327,0.3056768558951965
2020-01-01,Tazewell,Burglary,563,217,131343,428.6486527641366,0.38543516873889877
2020-01-01,Tazewell,Larceny-Theft,1518,381,131343,1155.752495374706,0.2509881422924901
2020-01-01,Tazewell,Motor Vehicle Theft,459,131,131343,349.4666636212055,0.28540305010893247
2020-01-01,Tazewell,Aggravated Assault,780,217,131343,593.8649185719833,0.2782051282051282
2020-01-01,Tazewell,Robbery,250,37,131343,190.34132005512285,0.148
2020-01-01,Tazewell,Rape,166,44,131343,126.38663651660157,0.26506024096385544
2020-02-01,Tazewell,Violent Crime,968,292,131343,737.0015912534357,0.30165289256198347
2020-02-01,Tazewell,Property Crime,2149,411,131343,1636.173987193836,0.19125174499767333
2020-02-01,Tazewell,Burglary,568,123,131343,432.45547916523907,0.21654929577464788
2020-02-01,Tazewell,Larceny-Theft,1529,312,131343,1164.1275134571313,0.2040549378678875
2020-02-01,Tazewell,Motor Vehicle Theft,478,89,131343,363.9326039453949,0.18619246861924685
2020-02-01,Tazewell,Aggravated Assault,778,283,131343,592.3421880115424,0.36375321336760924
2020-02-01,Tazewell,Robbery,320,97,131343,243.63688967055725,0.303125
2020-02-01,Tazewell,Rape,140,34,131343,106.5911392308688,0.24285714285714285
2020-03-01,Tazewell,Violent Crime,1003,182,131343,763.6493760611529,0.1814556331006979
2020-03-01,Tazewell,Property Crime,2333,921,131343,1776.2651987544066,0.39477068152593225
2020-03-01,Tazewell,Burglary,637,237,131343,484.989683500453,0.37205651491365777
2020-03-01,Tazewell,Larceny-Theft,1679,413,131343,1278.332305490205,0.24597974985110185
2020-03-01,Tazewell,Motor Vehicle Theft,473,77,131343,360.1257775442924,0.16279069767441862
2020-03-01,Tazewell,Aggravated Assault,835,247,131343,635.7400089841103,0.2958083832335329
2020-03-01,Tazewell,Robbery,342,80,131343,260.3869258354081,0.23391812865497075
2020-03-01,Tazewell,Rape,183,66,131343,139.32984628034993,0.36065573770491804
2020-04-01,Tazewell,Violent Crime,1083,248,131343,824.5585984787921,0.22899353647276086
2020-04-01,Tazewell,Property Crime,2506,867,131343,1907.9813922325516,0.34596967278531526
2020-04-01,Tazewell,Burglary,678,202,131343,516.2056599894931,0.29793510324483774
2020-04-01,Tazewell,Larceny-Theft,1795,539,131343,1366.650677995782,0.3002785515320334
2020-04-01,Tazewell,Motor Vehicle Theft,527,143,131343,401.2395026761989,0.2713472485768501
2020-04-01,Tazewell,Aggravated Assault,845,216,131343,643.3536617863152,0.2556213017751479
2020-04-01,Tazewell,Robbery,373,73,131343,283.9892495222433,0.19571045576407506
2020-04-01,Tazewell,Rape,168,32,131343,127.90936707704256,0.19047619047619047
2020-05-01,Tazewell,Violent Crime,1154,291,131343,878.615533374447,0.25216637781629114
2020-05-01,Tazewell,Property Crime,2630,1031,131343,2002.3906869798925,0.3920152091254753
2020-05-01,Tazewell,Burglary,759,259,131343,577.876247687353,0.3412384716732543
2020-05-01,Tazewell,Larceny-Theft,1843,653,131343,1403.1962114463656,0.35431361909929465
2020-05-01,Tazewell,Motor Vehicle Theft,569,168,131343,433.2168444454596,0.29525483304042177
2020-05-01,Tazewell,Aggravated Assault,943,241,131343,717.9674592479233,0.25556733828207845
2020-05-01,Tazewell,Robbery,389,90,131343,296.1710940057712,0.23136246786632392
2020-05-01,Tazewell,Rape,196,76,131343,149.22759492321632,0.3877551020408163
2020-06-01,Tazewell,Violent Crime,1189,188,131343,905.2633181821642,0.1581160639192599
2020-06-01,Tazewell,Property Crime,2788,809,131343,2122.6864012547303,0.2901721664275466
2020-06-01,Tazewell,Burglary,772,224,131343,587.7739963302193,0.29015544041450775
2020-06-01,Tazewell,Larceny-Theft,1922,482,131343,1463.3440685837845,0.25078043704474506
2020-06-01,Tazewell,Motor Vehicle Theft,593,108,131343,451.4896111707514,0.1821247892074199
2020-06-01,Tazewell,Aggravated Assault,928,264,131343,706.546980044616,0.28448275862068967
2020-06-01,Tazewell,Robbery,405,118,131343,308.352938489299,0.291358024691358
2020-06-01,Tazewell,Rape,201,48,131343,153.03442132431877,0.23880597014925373
2020-07-01,Tazewell,Violent Crime,1121,213,131343,853.4904791271709,0.19000892060660124
2020-07-01,Tazewell,Property Crime,2766,956,131343,2105.936365089879,0.34562545191612437
2020-07-01,Tazewell,Burglary,774,255,131343,589.2967268906604,0.32945736434108525
2020-07-01,Tazewell,Larceny-Theft,1945,455,131343,1480.8554700288557,0.23393316195372751
2020-07-01,Tazewell,Motor Vehicle Theft,549,203,131343,417.98953884104975,0.3697632058287796
2020-07-01,Tazewell,Aggravated Assault,936,341,131343,712.6379022863799,0.3643162393162393
2020-07-01,Tazewell,Robbery,381,139,131343,290.0801717640072,0.3648293963254593
2020-07-01,Tazewell,Rape,189,32,131343,143.89803796167288,0.1693121693121693
2020-08-01,Tazewell,Violent Crime,1050,287,131343,799.4335442315161,0.2733333333333333
2020-08-01,Tazewell,Property Crime,2589,1012,131343,1971.174710490852,0.39088451139436076
2020-08-01,Tazewell,Burglary,738,240,131343,561.8875768027226,0.3252032520325203
2020-08-01,Tazewell,Larceny-Theft,1853,446,131343,1410.8098642485704,0.24069077172153264
2020-08-01,Tazewell,Motor Vehicle Theft,542,166,131343,412.6599818795063,0.3062730627306273
2020-08-01,Tazewell,Aggravated Assault,895,199,131343,681.4219257973398,0.2223463687150838
2020-08-01,Tazewell,Robbery,360,133,131343,274.0915008793769,0.36944444444444446
2020-08-01,Tazewell,Rape,185,45,131343,140.8525768407909,0.24324324324324326
2020-09-01,Tazewell,Violent Crime,1075,345,131343,818.4676762370282,0.3209302325581395
2020-09-01,Tazewell,Property Crime,2409,442,131343,1834.1289600511636,0.18347862183478622
2020-09-01,Tazewell,Burglary,664,157,131343,505.5465460664063,0.23644578313253012
2020-09-01,Tazewell,Larceny-Theft,1733,404,131343,1319.4460306221115,0.23312175418349682
2020-09-01,Tazewell,Motor Vehicle Theft,494,88,131343,376.11444842892274,0.17813765182186234
2020-09-01,Tazewell,Aggravated Assault,812,134,131343,618.228607539039,0.16502463054187191
2020-09-01,Tazewell,Robbery,325,105,131343,247.4437160716597,0.3230769230769231
2020-09-01,Tazewell,Rape,173,42,131343,131.71619347814502,0.24277456647398843
2020-10-01,Tazewell,Violent Crime,905,319,131343,689.0355785995447,0.3524861878453039
2020-10-01,Tazewell,Property Crime,2119,449,131343,1613.3330287872213,0.21189240207645116
2020-10-01,Tazewell,Burglary,595,169,131343,453.01234173119235,0.28403361344537814
2020-10-01,Tazewell,Larceny-Theft,1520,595,131343,1157.2752259351469,0.39144736842105265
2020-10-01,Tazewell,Motor Vehicle Theft,492,130,131343,374.59171786848174,0.26422764227642276
2020-10-01,Tazewell,Aggravated Assault,787,133,131343,599.1944755335268,0.16899618805590852
2020-10-01,Tazewell,Robbery,306,67,131343,232.97777574747036,0.21895424836601307
2020-10-01,Tazewell,Rape,170,41,131343,129.43209763748354,0.2411764705882353
2020-11-01,Tazewell,Violent Crime,838,134,131343,638.0241048247717,0.15990453460620524
2020-11-01,Tazewell,Property Crime,2017,543,131343,1535.6737702047312,0.2692117005453644
2020-11-01,Tazewell,Burglary,588,165,131343,447.68278476964895,0.28061224489795916
2020-11-01,Tazewell,Larceny-Theft,1463,523,131343,1113.8774049625788,0.3574846206425154
2020-11-01,Tazewell,Motor Vehicle Theft,441,170,131343,335.7620885772367,0.3854875283446712
2020-11-01,Tazewell,Aggravated Assault,747,164,131343,568.7398643247071,0.21954484605087016
2020-11-01,Tazewell,Robbery,299,69,131343,227.64821878592693,0.23076923076923078
2020-11-01,Tazewell,Rape,143,48,131343,108.87523507153026,0.3356643356643357
2020-12-01,Tazewell,Violent Crime,853,319,131343,649.4445840280791,0.37397420867526376
2020-12-01,Tazewell,Property Crime,2007,519,131343,1528.0601174025262,0.2585949177877429
2020-12-01,Tazewell,Burglary,573,192,131343,436.2623055663415,0.33507853403141363
2020-12-01,Tazewell,Larceny-Theft,1374,482,131343,1046.115895022955,0.3508005822416303
2020-12-01,Tazewell,Motor Vehicle Theft,427,100,131343,325.1029746541498,0.234192037470726
2020-12-01,Tazewell,Aggravated Assault,781,124,131343,594.6262838522038,0.1587708066581306
2020-12-01,Tazewell,Robbery,308,64,131343,234.50050630791134,0.2077922077922078
2020-12-01,Tazewell,Rape,170,45,131343,129.43209763748354,0.2647058823529412
2021-01-01,Tazewell,Violent Crime,873,247,131343,664.671889632489,0.2829324169530355
2021-01-01,Tazewell,Property Crime,2041,439,131343,1553.946536930023,0.2150906418422342
2021-01-01,Tazewell,Burglary,563,168,131343,428.6486527641366,0.2984014209591474
2021-01-01,Tazewell,Larceny-Theft,1441,361,131343,1097.1273687977282,0.2505204718945177
2021-01-01,Tazewell,Motor Vehicle Theft,437,126,131343,332.71662745635473,0.28832951945080093
2021-01-01,Tazewell,Aggravated Assault,714,197,131343,543.6148100774308,0.2759103641456583
2021-01-01,Tazewell,Robbery,273,103,131343,207.85272150019412,0.3772893772893773
2021-01-01,Tazewell,Rape,160,39,131343,121.81844483527863,0.24375
2021-02-01,Tazewell,Violent Crime,883,298,131343,672.285542434694,0.33748584371460927
2021-02-01,Tazewell,Property Crime,2158,826,131343,1643.0262747158204,0.3827618164967563
2021-02-01,Tazewell,Burglary,648,119,131343,493.36470158287835,0.18364197530864199
2021-02-01,Tazewell,Larceny-Theft,1507,458,131343,1147.3774772922804,0.3039150630391506
2021-02-01,Tazewell,Motor Vehicle Theft,436,173,131343,331.9552621761342,0.3967889908256881
2021-02-01,Tazewell,Aggravated Assault,767,251,131343,583.9671699291168,0.3272490221642764
2021-02-01,Tazewell,Robbery,274,92,131343,208.61408678041465,0.3357664233576642
2021-02-01,Tazewell,Rape,162,44,131343,123.34117539571959,0.2716049382716049
2021-03-01,Tazewell,Violent Crime,1036,381,131343,788.774430308429,0.36776061776061775
2021-03-01,Tazewell,Property Crime,2369,782,131343,1803.6743488423442,0.3300970873786408
2021-03-01,Tazewell,Burglary,662,199,131343,504.02381550596533,0.30060422960725075
2021-03-01,Tazewell,Larceny-Theft,1684,253,131343,1282.1391318913074,0.1502375296912114
2021-03-01,Tazewell,Motor Vehicle Theft,489,95,131343,372.3076220278203,0.19427402862985685
2021-03-01,Tazewell,Aggravated Assault,886,238,131343,674.5696382753554,0.2686230248306998
2021-03-01,Tazewell,Robbery,355,102,131343,270.28467447827444,0.28732394366197184
2021-03-01,Tazewell,Rape,152,41,131343,115.72752259351468,0.26973684210526316
2021-04-01,Tazewell,Violent Crime,1065,215,131343,810.8540234348233,0.20187793427230047
2021-04-01,Tazewell,Property Crime,2620,959,131343,1994.7770341776875,0.366030534351145
2021-04-01,Tazewell,Burglary,724,163,131343,551.2284628796358,0.22513812154696133
2021-04-01,Tazewell,Larceny-Theft,1931,573,131343,1470.196356105769,0.2967374417400311
2021-04-01,Tazewell,Motor Vehicle Theft,544,176,131343,414.1827124399473,0.3235294117647059
2021-04-01,Tazewell,Aggravated Assault,876,204,131343,666.9559854731505,0.2328767123287671
2021-04-01,Tazewell,Robbery,353,104,131343,268.7619439178335,0.29461756373937675
2021-04-01,Tazewell,Rape,194,54,131343,147.7048643627753,0.27835051546391754
2021-05-01,Tazewell,Violent Crime,1111,336,131343,845.876826324966,0.30243024302430244
2021-05-01,Tazewell,Property Crime,2747,766,131343,2091.4704247656896,0.27884965416818347
2021-05-01,Tazewell,Burglary,757,243,131343,576.3535171269119,0.32100396301188905
2021-05-01,Tazewell,Larceny-Theft,1870,481,131343,1423.7530740123188,0.2572192513368984
2021-05-01,Tazewell,Motor Vehicle Theft,631,108,131343,480.4214918191301,0.17115689381933438
2021-05-01,Tazewell,Aggravated Assault,992,364,131343,755.2743579787275,0.36693548387096775
2021-05-01,Tazewell,Robbery,380,110,131343,289.3188064837867,0.2894736842105263
2021-05-01,Tazewell,Rape,164,25,131343,124.86390595616058,0.1524390243902439
2021-06-01,Tazewell,Violent Crime,1142,258,131343,869.4791500118012,0.22591943957968477
2021-06-01,Tazewell,Property Crime,2812,642,131343,2140.959167980022,0.2283072546230441
2021-06-01,Tazewell,Burglary,783,215,131343,596.1490144126448,0.27458492975734355
2021-06-01,Tazewell,Larceny-Theft,1994,758,131343,1518.1623687596598,0.3801404212637914
2021-06-01,Tazewell,Motor Vehicle Theft,556,139,131343,423.31909580259327,0.25
2021-06-01,Tazewell,Aggravated Assault,1001,194,131343,762.1266455007119,0.1938061938061938
2021-06-01,Tazewell,Robbery,420,88,131343,319.7734176926064,0.20952380952380953
2021-06-01,Tazewell,Rape,207,42,131343,157.6026130056417,0.2028985507246377
2021-07-01,Tazewell,Violent Crime,1140,213,131343,867.9564194513603,0.1868421052631579
2021-07-01,Tazewell,Property Crime,2666,973,131343,2029.7998370678301,0.3649662415603901
2021-07-01,Tazewell,Burglary,813,254,131343,618.9899728192595,0.3124231242312423
2021-07-01,Tazewell,Larceny-Theft,1891,619,131343,1439.7417448969493,0.3273400317292438
2021-07-01,Tazewell,Motor Vehicle Theft,578,190,131343,440.06913196744404,0.328719723183391
2021-07-01,Tazewell,Aggravated Assault,955,368,131343,727.1038426105692,0.38534031413612563
2021-07-01,Tazewell,Robbery,391,90,131343,297.69382456621213,0.23017902813299232
2021-07-01,Tazewell,Rape,214,53,131343,162.93216996718516,0.24766355140186916
2021-08-01,Tazewell,Violent Crime,996,220,131343,758.3198190996094,0.22088353413654618
2021-08-01,Tazewell,Property Crime,2548,785,131343,1939.958734001812,0.30808477237048665
2021-08-01,Tazewell,Burglary,740,130,131343,563.4103073631636,0.17567567567567569
2021-08-01,Tazewell,Larceny-Theft,1790,302,131343,1362.8438515946796,0.16871508379888267
2021-08-01,Tazewell,Motor Vehicle Theft,552,186,131343,420.27363468171126,0.33695652173913043
2021-08-01,Tazewell,Aggravated Assault,934,311,131343,711.1151717259389,0.3329764453961456
2021-08-01,Tazewell,Robbery,342,76,131343,260.3869258354081,0.2222222222222222
2021-08-01,Tazewell,Rape,193,54,131343,146.94349908255484,0.27979274611398963
2021-09-01,Tazewell,Violent Crime,1076,251,131343,819.2290415172488,0.23327137546468402
2021-09-01,Tazewell,Property Crime,2412,932,131343,1836.413055891825,0.3864013266998342
2021-09-01,Tazewell,Burglary,673,157,131343,512.3988335883907,0.23328380386329867
2021-09-01,Tazewell,Larceny-Theft,1707,523,131343,1299.6505333363789,0.30638547158758056
2021-09-01,Tazewell,Motor Vehicle Theft,504,162,131343,383.72810123112765,0.32142857142857145
2021-09-01,Tazewell,Aggravated Assault,818,182,131343,622.796799220362,0.22249388753056235
2021-09-01,Tazewell,Robbery,329,123,131343,250.4891771925417,0.3738601823708207
2021-09-01,Tazewell,Rape,160,60,131343,121.81844483527863,0.375
2021-10-01,Tazewell,Violent Crime,963,329,131343,733.1947648523333,0.34164070612668745
2021-10-01,Tazewell,Property Crime,2253,802,131343,1715.355976336767,0.3559698180204172
2021-10-01,Tazewell,Burglary,625,170,131343,475.8533001378071,0.272
2021-10-01,Tazewell,Larceny-Theft,1578,537,131343,1201.4344121879353,0.3403041825095057
2021-10-01,Tazewell,Motor Vehicle Theft,441,100,131343,335.7620885772367,0.22675736961451248
2021-10-01,Tazewell,Aggravated Assault,774,265,131343,589.2967268906604,0.3423772609819121
2021-10-01,Tazewell,Robbery,310,52,131343,236.0232368683523,0.16774193548387098
2021-10-01,Tazewell,Rape,143,55,131343,108.87523507153026,0.38461538461538464
2021-11-01,Tazewell,Violent Crime,824,155,131343,627.3649909016849,0.18810679611650485
2021-11-01,Tazewell,Property Crime,2066,736,131343,1572.9806689355353,0.356243949661181
2021-11-01,Tazewell,Burglary,541,121,131343,411.89861659928584,0.22365988909426987
2021-11-01,Tazewell,Larceny-Theft,1476,267,131343,1123.7751536054452,0.18089430894308944
2021-11-01,Tazewell,Motor Vehicle Theft,483,158,131343,367.73943034649733,0.32712215320910976
2021-11-01,Tazewell,Aggravated Assault,733,265,131343,558.0807504016202,0.3615279672578445
2021-11-01,Tazewell,Robbery,310,92,131343,236.0232368683523,0.2967741935483871
2021-11-01,Tazewell,Rape,137,31,131343,104.30704339020733,0.22627737226277372
2021-12-01,Tazewell,Violent Crime,891,136,131343,678.3764646764578,0.1526374859708193
2021-12-01,Tazewell,Property Crime,1969,545,131343,1499.1282367541476,0.276790248857288
2021-12-01,Tazewell,Burglary,549,115,131343,417.98953884104975,0.20947176684881602
2021-12-01,Tazewell,Larceny-Theft,1452,575,131343,1105.5023868801534,0.39600550964187325
2021-12-01,Tazewell,Motor Vehicle Theft,445,150,131343,338.80754969811863,0.33707865168539325
2021-12-01,Tazewell,Aggravated Assault,780,221,131343,593.8649185719833,0.2833333333333333
2021-12-01,Tazewell,Robbery,271,72,131343,206.32999093975315,0.2656826568265683
2021-12-01,Tazewell,Rape,145,56,131343,110.39796563197125,0.38620689655172413
2022-01-01,Tazewell,Violent Crime,882,202,131343,671.5241771544734,0.2290249433106576
2022-01-01,Tazewell,Property Crime,2040,448,131343,1553.1851716498024,0.2196078431372549
2022-01-01,Tazewell,Burglary,577,170,131343,439.3077666872235,0.29462738301559793
2022-01-01,Tazewell,Larceny-Theft,1478,338,131343,1125.2978841658862,0.22868741542625168
2022-01-01,Tazewell,Motor Vehicle Theft,445,94,131343,338.80754969811863,0.21123595505617979
2022-01-01,Tazewell,Aggravated Assault,663,139,131343,504.7851807861858,0.2096530920060332
2022-01-01,Tazewell,Robbery,300,77,131343,228.40958406614743,0.25666666666666665
2022-01-01,Tazewell,Rape,166,37,131343,126.38663651660157,0.22289156626506024
2022-02-01,Tazewell,Violent Crime,987,165,131343,751.467531577625,0.16717325227963525
2022-02-01,Tazewell,Property Crime,2172,690,131343,1653.6853886389074,0.31767955801104975
2022-02-01,Tazewell,Burglary,597,159,131343,454.53507229163336,0.2663316582914573
2022-02-01,Tazewell,Larceny-Theft,1619,559,131343,1232.6503886769756,0.3452748610253243
2022-02-01,Tazewell,Motor Vehicle Theft,421,130,131343,320.53478297282686,0.3087885985748218
2022-02-01,Tazewell,Aggravated Assault,793,201,131343,603.7626672148497,0.25346784363177804
2022-02-01,Tazewell,Robbery,315,57,131343,239.83006326945477,0.18095238095238095
2022-02-01,Tazewell,Rape,161,30,131343,122.57981011549913,0.18633540372670807
2022-03-01,Tazewell,Violent Crime,1012,155,131343,770.5016635831373,0.15316205533596838
2022-03-01,Tazewell,Property Crime,2373,359,131343,1806.719809963226,0.15128529287821324
2022-03-01,Tazewell,Burglary,642,225,131343,488.79650990155545,0.35046728971962615
2022-03-01,Tazewell,Larceny-Theft,1654,418,131343,1259.2981734846928,0.25272067714631197
2022-03-01,Tazewell,Motor Vehicle Theft,486,169,131343,370.02352618715884,0.3477366255144033
2022-03-01,Tazewell,Aggravated Assault,872,204,131343,663.9105243522685,0.23394495412844038
2022-03-01,Tazewell,Robbery,353,118,131343,268.7619439178335,0.3342776203966006
2022-03-01,Tazewell,Rape,197,51,131343,149.9889602034368,0.25888324873096447
2022-04-01,Tazewell,Violent Crime,1098,213,131343,835.9790776820995,0.19398907103825136
2022-04-01,Tazewell,Property Crime,2474,855,131343,1883.6177032654957,0.3455941794664511
2022-04-01,Tazewell,Burglary,676,198,131343,514.6829294290523,0.29289940828402367
2022-04-01,Tazewell,Larceny-Theft,1820,452,131343,1385.6848100012944,0.24835164835164836
2022-04-01,Tazewell,Motor Vehicle Theft,526,200,131343,400.4781373959785,0.38022813688212925
2022-04-01,Tazewell,Aggravated Assault,920,189,131343,700.4560578028521,0.20543478260869566
2022-04-01,Tazewell,Robbery,363,117,131343,276.37559672003835,0.32231404958677684
2022-04-01,Tazewell,Rape,155,52,131343,118.01161843417616,0.33548387096774196
2022-05-01,Tazewell,Violent Crime,1097,253,131343,835.2177124018791,0.23062898814949864
2022-05-01,Tazewell,Property Crime,2653,972,131343,2019.9020884249637,0.3663776856388994
2022-05-01,Tazewell,Burglary,766,224,131343,583.2058046488964,0.2924281984334204
2022-05-01,Tazewell,Larceny-Theft,1841,731,131343,1401.6734808859246,0.39706681151548073
2022-05-01,Tazewell,Motor Vehicle Theft,586,191,131343,446.16005420920794,0.32593856655290104
2022-05-01,Tazewell,Aggravated Assault,942,177,131343,717.2060939677029,0.18789808917197454
2022-05-01,Tazewell,Robbery,402,89,131343,306.06884264863754,0.22139303482587064
2022-05-01,Tazewell,Rape,182,50,131343,138.56848100012945,0.27472527472527475
2022-06-01,Tazewell,Violent Crime,1225,294,131343,932.6724682701018,0.24
2022-06-01,Tazewell,Property Crime,2702,951,131343,2057.2089871557678,0.35196150999259807
2022-06-01,Tazewell,Burglary,746,253,131343,567.9784990444866,0.339142091152815
2022-06-01,Tazewell,Larceny-Theft,1962,304,131343,1493.7986797926042,0.15494393476044852
2022-06-01,Tazewell,Motor Vehicle Theft,586,173,131343,446.16005420920794,0.295221843003413
2022-06-01,Tazewell,Aggravated Assault,938,304,131343,714.1606328468209,0.32409381663113007
2022-06-01,Tazewell,Robbery,400,62,131343,304.54611208819654,0.155
2022-06-01,Tazewell,Rape,190,62,131343,144.65940324189336,0.3263157894736842
2022-07-01,Tazewell,Violent Crime,1173,208,131343,893.0814736986365,0.1773231031543052
2022-07-01,Tazewell,Property Crime,2740,617,131343,2086.1408678041466,0.22518248175182481
2022-07-01,Tazewell,Burglary,781,249,131343,594.6262838522038,0.31882202304737517
2022-07-01,Tazewell,Larceny-Theft,1893,335,131343,1441.2644754573903,0.1769677760169044
2022-07-01,Tazewell,Motor Vehicle Theft,580,100,131343,441.591862527885,0.1724137931034483
2022-07-01,Tazewell,Aggravated Assault,972,322,131343,740.0470523743177,0.33127572016460904
2022-07-01,Tazewell,Robbery,361,55,131343,274.8528661595974,0.1523545706371191
2022-07-01,Tazewell,Rape,182,65,131343,138.56848100012945,0.35714285714285715
2022-08-01,Tazewell,Violent Crime,1074,255,131343,817.7063109568077,0.23743016759776536
2022-08-01,Tazewell,Property Crime,2530,974,131343,1926.2541589578432,0.3849802371541502
2022-08-01,Tazewell,Burglary,695,132,131343,529.1488697532415,0.18992805755395684
2022-08-01,Tazewell,Larceny-Theft,1845,335,131343,1404.7189420068066,0.18157181571815717
2022-08-01,Tazewell,Motor Vehicle Theft,545,94,131343,414.9440777201678,0.1724770642201835
2022-08-01,Tazewell,Aggravated Assault,891,247,131343,678.3764646764578,0.2772166105499439
2022-08-01,Tazewell,Robbery,354,130,131343,269.52330919805394,0.3672316384180791
2022-08-01,Tazewell,Rape,176,30,131343,134.0002893188065,0.17045454545454544
2022-09-01,Tazewell,Violent Crime,1012,199,131343,770.5016635831373,0.1966403162055336
2022-09-01,Tazewell,Property Crime,2372,742,131343,1805.9584446830056,0.3128161888701518
2022-09-01,Tazewell,Burglary,679,137,131343,516.9670252697136,0.20176730486008837
2022-09-01,Tazewell,Larceny-Theft,1653,498,131343,1258.5368082044722,0.30127041742286753
2022-09-01,Tazewell,Motor Vehicle Theft,530,200,131343,403.52359851686043,0.37735849056603776
2022-09-01,Tazewell,Aggravated Assault,862,149,131343,656.2968715500635,0.1728538283062645
2022-09-01,Tazewell,Robbery,326,64,131343,248.20508135188018,0.19631901840490798
2022-09-01,Tazewell,Rape,181,42,131343,137.80711571990895,0.23204419889502761
2022-10-01,Tazewell,Violent Crime,925,233,131343,704.2628842039545,0.2518918918918919
2022-10-01,Tazewell,Property Crime,2177,772,131343,1657.4922150400098,0.354616444648599
2022-10-01,Tazewell,Burglary,645,225,131343,491.08060574221696,0.3488372093023256
2022-10-01,Tazewell,Larceny-Theft,1501,580,131343,1142.8092856109577,0.3864090606262492
2022-10-01,Tazewell,Motor Vehicle Theft,489,180,131343,372.3076220278203,0.36809815950920244
2022-10-01,Tazewell,Aggravated Assault,786,163,131343,598.4331102533063,0.20737913486005088
2022-10-01,Tazewell,Robbery,291,68,131343,221.55729654416302,0.23367697594501718
2022-10-01,Tazewell,Rape,140,33,131343,106.5911392308688,0.2357142857142857
2022-11-01,Tazewell,Violent Crime,880,330,131343,670.0014465940325,0.375
2022-11-01,Tazewell,Property Crime,2049,514,131343,1560.0374591717868,0.25085407515861396
2022-11-01,Tazewell,Burglary,565,178,131343,430.1713833245777,0.31504424778761064
2022-11-01,Tazewell,Larceny-Theft,1463,470,131343,1113.8774049625788,0.3212576896787423
2022-11-01,Tazewell,Motor Vehicle Theft,441,135,131343,335.7620885772367,0.30612244897959184
2022-11-01,Tazewell,Aggravated Assault,735,165,131343,559.6034809620612,0.22448979591836735
2022-11-01,Tazewell,Robbery,299,119,131343,227.64821878592693,0.3979933110367893
2022-11-01,Tazewell,Rape,160,31,131343,121.81844483527863,0.19375
2022-12-01,Tazewell,Violent Crime,873,177,131343,664.671889632489,0.2027491408934708
2022-12-01,Tazewell,Property Crime,1967,657,131343,1497.6055061937066,0.3340111845449924
2022-12-01,Tazewell,Burglary,565,208,131343,430.1713833245777,0.368141592920354
2022-12-01,Tazewell,Larceny-Theft,1435,338,131343,1092.5591771164052,0.23554006968641114
2022-12-01,Tazewell,Motor Vehicle Theft,416,97,131343,316.7279565717244,0.23317307692307693
2022-12-01,Tazewell,Aggravated Assault,718,228,131343,546.6602711983128,0.31754874651810583
2022-12-01,Tazewell,Robbery,275,99,131343,209.37545206063513,0.36
2022-12-01,Tazewell,Rape,120,34,131343,91.36383362645897,0.2833333333333333
2023-01-01,Tazewell,Violent Crime,889,298,131343,676.8537341160169,0.33520809898762655
2023-01-01,Tazewell,Property Crime,2067,397,131343,1573.7420342157557,0.19206579583938074
2023-01-01,Tazewell,Burglary,604,175,131343,459.86462925317676,0.2897350993377483
2023-01-01,Tazewell,Larceny-Theft,1468,530,131343,1117.6842313636814,0.36103542234332425
2023-01-01,Tazewell,Motor Vehicle Theft,420,67,131343,319.7734176926064,0.1595238095238095
2023-01-01,Tazewell,Aggravated Assault,761,272,131343,579.3989782477939,0.35742444152431013
2023-01-01,Tazewell,Robbery,272,41,131343,207.09135621997365,0.15073529411764705
2023-01-01,Tazewell,Rape,160,45,131343,121.81844483527863,0.28125
2023-02-01,Tazewell,Violent Crime,954,269,131343,726.3424773303489,0.28197064989517817
2023-02-01,Tazewell,Property Crime,2234,856,131343,1700.8900360125776,0.38316920322291853
2023-02-01,Tazewell,Burglary,611,141,131343,465.1941862147202,0.23076923076923078
2023-02-01,Tazewell,Larceny-Theft,1582,244,131343,1204.4798733088173,0.15423514538558786
2023-02-01,Tazewell,Motor Vehicle Theft,458,182,131343,348.70529834098505,0.39737991266375544
2023-02-01,Tazewell,Aggravated Assault,740,257,131343,563.4103073631636,0.3472972972972973
2023-02-01,Tazewell,Robbery,294,88,131343,223.84139238482447,0.29931972789115646
2023-02-01,Tazewell,Rape,141,31,131343,107.35250451108928,0.2198581560283688
2023-03-01,Tazewell,Violent Crime,980,247,131343,746.1379746160815,0.25204081632653064
2023-03-01,Tazewell,Property Crime,2437,660,131343,1855.4471878973377,0.2708247845711941
2023-03-01,Tazewell,Burglary,662,143,131343,504.02381550596533,0.21601208459214502
2023-03-01,Tazewell,Larceny-Theft,1686,383,131343,1283.6618624517484,0.22716488730723605
2023-03-01,Tazewell,Motor Vehicle Theft,482,80,131343,366.9780650662768,0.16597510373443983
2023-03-01,Tazewell,Aggravated Assault,858,235,131343,653.2514104291816,0.2738927738927739
2023-03-01,Tazewell,Robbery,325,56,131343,247.4437160716597,0.1723076923076923
2023-03-01,Tazewell,Rape,185,68,131343,140.8525768407909,0.3675675675675676
2023-04-01,Tazewell,Violent Crime,1107,396,131343,842.8313652040839,0.35772357723577236
2023-04-01,Tazewell,Property Crime,2557,469,131343,1946.8110215237964,0.18341806804849434
2023-04-01,Tazewell,Burglary,733,246,131343,558.0807504016202,0.33560709413369716
2023-04-01,Tazewell,Larceny-Theft,1835,626,131343,1397.1052892046016,0.3411444141689373
2023-04-01,Tazewell,Motor Vehicle Theft,547,206,131343,416.4668082806088,0.376599634369287
2023-04-01,Tazewell,Aggravated Assault,924,144,131343,703.501518923734,0.15584415584415584
2023-04-01,Tazewell,Robbery,325,127,131343,247.4437160716597,0.39076923076923076
2023-04-01,Tazewell,Rape,183,42,131343,139.32984628034993,0.22950819672131148
2023-05-01,Tazewell,Violent Crime,1115,243,131343,848.9222874458479,0.2179372197309417
2023-05-01,Tazewell,Property Crime,2651,455,131343,2018.3793578645227,0.17163334590720483
2023-05-01,Tazewell,Burglary,778,298,131343,592.3421880115424,0.38303341902313626
2023-05-01,Tazewell,Larceny-Theft,1914,641,131343,1457.2531463420205,0.3349007314524556
2023-05-01,Tazewell,Motor Vehicle Theft,535,184,131343,407.3304249179629,0.34392523364485983
2023-05-01,Tazewell,Aggravated Assault,972,209,131343,740.0470523743177,0.21502057613168724
2023-05-01,Tazewell,Robbery,415,156,131343,315.96659129150396,0.3759036144578313
2023-05-01,Tazewell,Rape,182,64,131343,138.56848100012945,0.3516483516483517
2023-06-01,Tazewell,Violent Crime,1135,366,131343,864.1495930502576,0.3224669603524229
2023-06-01,Tazewell,Property Crime,2731,450,131343,2079.288580282162,0.16477480776272427
2023-06-01,Tazewell,Burglary,803,195,131343,611.3763200170546,0.24283935242839352
2023-06-01,Tazewell,Larceny-Theft,1946,388,131343,1481.6168353090764,0.19938335046248715
2023-06-01,Tazewell,Motor Vehicle Theft,550,201,131343,418.75090412127025,0.3654545454545455
2023-06-01,Tazewell,Aggravated Assault,937,275,131343,713.3992675666004,0.2934898612593383
2023-06-01,Tazewell,Robbery,353,128,131343,268.7619439178335,0.3626062322946176
2023-06-01,Tazewell,Rape,189,36,131343,143.89803796167288,0.19047619047619047
2023-07-01,Tazewell,Violent Crime,1197,438,131343,911.3542404239281,0.3659147869674185
2023-07-01,Tazewell,Property Crime,2665,709,131343,2029.0384717876098,0.26604127579737336
2023-07-01,Tazewell,Burglary,788,214,131343,599.9558408137472,0.2715736040609137
2023-07-01,Tazewell,Larceny-Theft,1953,737,131343,1486.9463922706198,0.37736815156169995
2023-07-01,Tazewell,Motor Vehicle Theft,598,211,131343,455.29643757185386,0.3528428093645485
2023-07-01,Tazewell,Aggravated Assault,953,276,131343,725.5811120501282,0.28961175236096537
2023-07-01,Tazewell,Robbery,372,79,131343,283.2278842420228,0.21236559139784947
2023-07-01,Tazewell,Rape,187,33,131343,142.37530740123188,0.17647058823529413
2023-08-01,Tazewell,Violent Crime,1067,261,131343,812.3767539952644,0.24461105904404873
2023-08-01,Tazewell,Property Crime,2568,657,131343,1955.1860396062218,0.2558411214953271
2023-08-01,Tazewell,Burglary,685,208,131343,521.5352169510367,0.30364963503649633
2023-08-01,Tazewell,Larceny-Theft,1820,488,131343,1385.6848100012944,0.2681318681318681
2023-08-01,Tazewell,Motor Vehicle Theft,571,88,131343,434.7395750059006,0.15411558669001751
2023-08-01,Tazewell,Aggravated Assault,917,362,131343,698.1719619621906,0.39476553980370777
2023-08-01,Tazewell,Robbery,367,94,131343,279.42105784092035,0.2561307901907357
2023-08-01,Tazewell,Rape,183,69,131343,139.32984628034993,0.3770491803278688
2023-09-01,Tazewell,Violent Crime,1020,296,131343,776.5925858249012,0.2901960784313726
2023-09-01,Tazewell,Property Crime,2291,704,131343,1744.2878569851457,0.3072893932780445
2023-09-01,Tazewell,Burglary,684,133,131343,520.7738516708162,0.19444444444444445
2023-09-01,Tazewell,Larceny-Theft,1693,511,131343,1288.9914194132919,0.30183106910809215
2023-09-01,Tazewell,Motor Vehicle Theft,508,189,131343,386.77356235200966,0.3720472440944882
2023-09-01,Tazewell,Aggravated Assault,860,139,131343,654.7741409896225,0.16162790697674417
2023-09-01,Tazewell,Robbery,357,126,131343,271.8074050387154,0.35294117647058826
2023-09-01,Tazewell,Rape,161,52,131343,122.57981011549913,0.32298136645962733
2023-10-01,Tazewell,Violent Crime,984,359,131343,749.1834357369635,0.3648373983739837
2023-10-01,Tazewell,Property Crime,2220,530,131343,1690.2309220894908,0.23873873873873874
2023-10-01,Tazewell,Burglary,563,151,131343,428.6486527641366,0.2682060390763766
2023-10-01,Tazewell,Larceny-Theft,1493,540,131343,1136.7183633691936,0.36168787675820496
2023-10-01,Tazewell,Motor Vehicle Theft,471,92,131343,358.60304698385147,0.19532908704883228
2023-10-01,Tazewell,Aggravated Assault,807,226,131343,614.4217811379365,0.28004956629491945
2023-10-01,Tazewell,Robbery,340,113,131343,258.8641952749671,0.3323529411764706
2023-10-01,Tazewell,Rape,164,35,131343,124.86390595616058,0.21341463414634146
2023-11-01,Tazewell,Violent Crime,821,155,131343,625.0808950610235,0.18879415347137637
2023-11-01,Tazewell,Property Crime,2109,827,131343,1605.7193759850163,0.3921289710763395
2023-11-01,Tazewell,Burglary,592,162,131343,450.7282458905309,0.27364864864864863
2023-11-01,Tazewell,Larceny-Theft,1507,583,131343,1147.3774772922804,0.38686131386861317
2023-11-01,Tazewell,Motor Vehicle Theft,453,143,131343,344.8984719398826,0.31567328918322296
2023-11-01,Tazewell,Aggravated Assault,743,252,131343,565.6944032038251,0.3391655450874832
2023-11-01,Tazewell,Robbery,264,40,131343,201.0004339782097,0.15151515151515152
2023-11-01,Tazewell,Rape,132,25,131343,100.50021698910486,0.1893939393939394
2023-12-01,Tazewell,Violent Crime,881,317,131343,670.7628118742529,0.3598183881952327
2023-12-01,Tazewell,Property Crime,2093,425,131343,1593.5375315014883,0.20305781175346393
2023-12-01,Tazewell,Burglary,562,169,131343,427.88728748391617,0.30071174377224197
2023-12-01,Tazewell,Larceny-Theft,1447,344,131343,1101.695560479051,0.2377332411886662
2023-12-01,Tazewell,Motor Vehicle Theft,458,122,131343,348.70529834098505,0.2663755458515284
2023-12-01,Tazewell,Aggravated Assault,737,240,131343,561.1262115225022,0.3256445047489824
2023-12-01,Tazewell,Robbery,303,46,131343,230.69367990680888,0.15181518151815182
2023-12-01,Tazewell,Rape,130,27,131343,98.9774864286639,0.2076923076923077
2024-01-01,Tazewell,Violent Crime,860,288,131343,654.7741409896225,0.33488372093023255
2024-01-01,Tazewell,Property Crime,2018,403,131343,1536.4351354849516,0.19970267591674926
2024-01-01,Tazewell,Burglary,621,226,131343,472.80783901692513,0.3639291465378422
2024-01-01,Tazewell,Larceny-Theft,1525,524,131343,1161.0820523362493,0.3436065573770492
2024-01-01,Tazewell,Motor Vehicle Theft,455,103,131343,346.4212025003236,0.22637362637362637
2024-01-01,Tazewell,Aggravated Assault,729,251,131343,555.0352892807382,0.3443072702331962
2024-01-01,Tazewell,Robbery,287,46,131343,218.51183542328104,0.1602787456445993
2024-01-01,Tazewell,Rape,157,34,131343,119.53434899461715,0.21656050955414013
2024-02-01,Tazewell,Violent Crime,932,261,131343,709.592441165498,0.2800429184549356
2024-02-01,Tazewell,Property Crime,2183,423,131343,1662.0604067213326,0.19377004122766833
2024-02-01,Tazewell,Burglary,643,177,131343,489.55787518177596,0.27527216174183516
2024-02-01,Tazewell,Larceny-Theft,1571,513,131343,1196.1048552263921,0.32654360280076383
2024-02-01,Tazewell,Motor Vehicle Theft,464,145,131343,353.273490022308,0.3125
2024-02-01,Tazewell,Aggravated Assault,754,118,131343,574.0694212862504,0.15649867374005305
2024-02-01,Tazewell,Robbery,300,86,131343,228.40958406614743,0.2866666666666667
2024-02-01,Tazewell,Rape,148,26,131343,112.68206147263272,0.17567567567567569
2024-03-01,Tazewell,Violent Crime,985,285,131343,749.9448010171841,0.2893401015228426
2024-03-01,Tazewell,Property Crime,2390,578,131343,1819.6630197269744,0.24184100418410043
2024-03-01,Tazewell,Burglary,695,167,131343,529.1488697532415,0.24028776978417266
2024-03-01,Tazewell,Larceny-Theft,1780,501,131343,1355.2301987924745,0.28146067415730336
2024-03-01,Tazewell,Motor Vehicle Theft,495,195,131343,376.87581370914324,0.3939393939393939
2024-03-01,Tazewell,Aggravated Assault,832,199,131343,633.4559131434488,0.23918269230769232
2024-03-01,Tazewell,Robbery,333,93,131343,253.5346383134236,0.27927927927927926
2024-03-01,Tazewell,Rape,155,36,131343,118.01161843417616,0.23225806451612904
2024-04-01,Tazewell,Violent Crime,1155,334,131343,879.3768986546675,0.2891774891774892
2024-04-01,Tazewell,Property Crime,2543,830,131343,1936.1519076007098,0.3263861580810067
2024-04-01,Tazewell,Burglary,716,129,131343,545.1375406378719,0.18016759776536312
2024-04-01,Tazewell,Larceny-Theft,1777,668,131343,1352.9461029518131,0.3759144625773776
2024-04-01,Tazewell,Motor Vehicle Theft,545,208,131343,414.9440777201678,0.381651376146789
2024-04-01,Tazewell,Aggravated Assault,921,275,131343,701.2174230830725,0.2985884907709012
2024-04-01,Tazewell,Robbery,358,133,131343,272.56877031893595,0.3715083798882682
2024-04-01,Tazewell,Rape,165,24,131343,125.62527123638108,0.14545454545454545
2024-05-01,Tazewell,Violent Crime,1121,229,131343,853.4904791271709,0.20428189116859946
2024-05-01,Tazewell,Property Crime,2634,795,131343,2005.4361481007743,0.30182232346241455
2024-05-01,Tazewell,Burglary,765,228,131343,582.444439368676,0.2980392156862745
2024-05-01,Tazewell,Larceny-Theft,1881,421,131343,1432.1280920947445,0.22381711855396066
2024-05-01,Tazewell,Motor Vehicle Theft,557,175,131343,424.0804610828137,0.3141831238779174
2024-05-01,Tazewell,Aggravated Assault,973,224,131343,740.8084176545382,0.2302158273381295
2024-05-01,Tazewell,Robbery,369,147,131343,280.9437884013613,0.3983739837398374
2024-05-01,Tazewell,Rape,198,48,131343,150.7503254836573,0.24242424242424243
2024-06-01,Tazewell,Violent Crime,1159,413,131343,882.4223597755496,0.35634167385677307
2024-06-01,Tazewell,Property Crime,2701,928,131343,2056.447621875547,0.3435764531654943
2024-06-01,Tazewell,Burglary,807,255,131343,614.4217811379365,0.3159851301115242
2024-06-01,Tazewell,Larceny-Theft,1843,297,131343,1403.1962114463656,0.16115029842647857
2024-06-01,Tazewell,Motor Vehicle Theft,566,211,131343,430.9327486047981,0.37279151943462896
2024-06-01,Tazewell,Aggravated Assault,928,258,131343,706.546980044616,0.27801724137931033
2024-06-01,Tazewell,Robbery,359,108,131343,273.3301355991564,0.3008356545961003
2024-06-01,Tazewell,Rape,194,54,131343,147.7048643627753,0.27835051546391754
2024-07-01,Tazewell,Violent Crime,1092,213,131343,831.4108860007765,0.19505494505494506
2024-07-01,Tazewell,Property Crime,2673,713,131343,2035.1293940293735,0.2667414889637112
2024-07-01,Tazewell,Burglary,717,122,131343,545.8989059180923,0.1701534170153417
2024-07-01,Tazewell,Larceny-Theft,1923,751,131343,1464.105433864005,0.390535621424857
2024-07-01,Tazewell,Motor Vehicle Theft,541,157,131343,411.89861659928584,0.2902033271719039
2024-07-01,Tazewell,Aggravated Assault,1004,187,131343,764.4107413413734,0.18625498007968128
2024-07-01,Tazewell,Robbery,376,122,131343,286.27334536290476,0.324468085106383
2024-07-01,Tazewell,Rape,207,80,131343,157.6026130056417,0.3864734299516908
2024-08-01,Tazewell,Violent Crime,1124,375,131343,855.7745749678323,0.33362989323843417
2024-08-01,Tazewell,Property Crime,2438,427,131343,1856.208553177558,0.17514356029532405
2024-08-01,Tazewell,Burglary,679,138,131343,516.9670252697136,0.203240058910162
2024-08-01,Tazewell,Larceny-Theft,1860,602,131343,1416.139421210114,0.32365591397849464
2024-08-01,Tazewell,Motor Vehicle Theft,552,116,131343,420.27363468171126,0.21014492753623187
2024-08-01,Tazewell,Aggravated Assault,890,263,131343,677.6150993962373,0.2955056179775281
2024-08-01,Tazewell,Robbery,347,56,131343,264.19375223651053,0.16138328530259366
2024-08-01,Tazewell,Rape,189,62,131343,143.89803796167288,0.328042328042328
2024-09-01,Tazewell,Violent Crime,1066,277,131343,811.6153887150438,0.2598499061913696
2024-09-01,Tazewell,Property Crime,2296,608,131343,1748.0946833862483,0.26480836236933797
2024-09-01,Tazewell,Burglary,626,139,131343,476.6146654180276,0.2220447284345048
2024-09-01,Tazewell,Larceny-Theft,1679,552,131343,1278.332305490205,0.3287671232876712
2024-09-01,Tazewell,Motor Vehicle Theft,536,172,131343,408.0917901981834,0.3208955223880597
2024-09-01,Tazewell,Aggravated Assault,864,235,131343,657.8196021105045,0.27199074074074076
2024-09-01,Tazewell,Robbery,306,110,131343,232.97777574747036,0.35947712418300654
2024-09-01,Tazewell,Rape,149,51,131343,113.44342675285323,0.3422818791946309
2024-10-01,Tazewell,Violent Crime,919,137,131343,699.6946925226316,0.14907508161044614
2024-10-01,Tazewell,Property Crime,2265,691,131343,1724.492359699413,0.3050772626931567
2024-10-01,Tazewell,Burglary,634,230,131343,482.7055876597915,0.3627760252365931
2024-10-01,Tazewell,Larceny-Theft,1567,463,131343,1193.05939410551,0.29546904913848115
2024-10-01,Tazewell,Motor Vehicle Theft,443,141,131343,337.2848191376777,0.3182844243792325
2024-10-01,Tazewell,Aggravated Assault,728,152,131343,554.2739240005178,0.2087912087912088
2024-10-01,Tazewell,Robbery,318,124,131343,242.11415911011628,0.389937106918239
2024-10-01,Tazewell,Rape,154,58,131343,117.25025315395567,0.37662337662337664
2024-11-01,Tazewell,Violent Crime,893,269,131343,679.8991952368988,0.3012318029115342
2024-11-01,Tazewell,Property Crime,2066,413,131343,1572.9806689355353,0.1999031945788964
2024-11-01,Tazewell,Burglary,554,141,131343,421.7963652421522,0.2545126353790614
2024-11-01,Tazewell,Larceny-Theft,1472,328,131343,1120.7296924845632,0.22282608695652173
2024-11-01,Tazewell,Motor Vehicle Theft,475,117,131343,361.6485081047334,0.2463157894736842
2024-11-01,Tazewell,Aggravated Assault,726,229,131343,552.7511934400767,0.3154269972451791
2024-11-01,Tazewell,Robbery,287,68,131343,218.51183542328104,0.23693379790940766
2024-11-01,Tazewell,Rape,136,43,131343,103.54567810998682,0.3161764705882353
2024-12-01,Tazewell,Violent Crime,879,214,131343,669.240081313812,0.2434584755403868
2024-12-01,Tazewell,Property Crime,2037,548,131343,1550.9010758091408,0.2690230731467845
2024-12-01,Tazewell,Burglary,594,159,131343,452.25097645097185,0.2676767676767677
2024-12-01,Tazewell,Larceny-Theft,1445,421,131343,1100.17282991861,0.29134948096885815
2024-12-01,Tazewell,Motor Vehicle Theft,441,70,131343,335.7620885772367,0.15873015873015872
2024-12-01,Tazewell,Aggravated Assault,705,246,131343,536.7625225554464,0.34893617021276596
2024-12-01,Tazewell,Robbery,283,61,131343,215.46637430239906,0.21554770318021202
2024-12-01,Tazewell,Rape,152,41,131343,115.72752259351468,0.26973684210526316
2020-01-01,McLean,Violent Crime,1185,331,170954,693.1689226341589,0.27932489451476794
2020-01-01,McLean,Property Crime,2819,1105,170954,1648.9815973887712,0.39198297268534943
2020-01-01,McLean,Burglary,744,238,170954,435.2047919323327,0.31989247311827956
2020-01-01,McLean,Larceny-Theft,2039,388,170954,1192.7185090726161,0.1902893575282001
2020-01-01,McLean,Motor Vehicle Theft,595,197,170954,348.04684301040044,0.3310924369747899
2020-01-01,McLean,Aggravated Assault,1018,261,170954,595.4818255203154,0.25638506876227896
2020-01-01,McLean,Robbery,416,79,170954,243.34031376861614,0.18990384615384615
2020-01-01,McLean,Rape,185,31,170954,108.21624530575477,0.16756756756756758
2020-02-01,McLean,Violent Crime,1317,351,170954,770.3826760415081,0.26651480637813213
2020-02-01,McLean,Property Crime,3084,624,170954,1803.9940568807983,0.20233463035019456
2020-02-01,McLean,Burglary,836,214,170954,489.02043824654584,0.25598086124401914
2020-02-01,McLean,Larceny-Theft,2149,525,170954,1257.0633035787405,0.24429967426710097
2020-02-01,McLean,Motor Vehicle Theft,619,203,170954,362.08570726628216,0.32794830371567046
2020-02-01,McLean,Aggravated Assault,1047,380,170954,612.4454531628392,0.3629417382999045
2020-02-01,McLean,Robbery,463,104,170954,270.8330896030511,0.22462203023758098
2020-02-01,McLean,Rape,232,35,170954,135.70902114018975,0.15086206896551724
2020-03-01,McLean,Violent Crime,1435,363,170954,839.4070919662599,0.2529616724738676
2020-03-01,McLean,Property Crime,3227,756,170954,1887.6422897387602,0.23427331887201736
2020-03-01,McLean,Burglary,969,273,170954,566.8191443312236,0.28173374613003094
2020-03-01,McLean,Larceny-Theft,2286,699,170954,1337.2018203727318,0.30577427821522307
2020-03-01,McLean,Motor Vehicle Theft,689,188,170954,403.03239467927045,0.2728592162554427
2020-03-01,McLean,Aggravated Assault,1157,401,170954,676.7902476689636,0.3465859982713915
2020-03-01,McLean,Robbery,458,167,170954,267.9083262164091,0.3646288209606987
2020-03-01,McLean,Rape,235,71,170954,137.46387917217496,0.3021276595744681
2020-04-01,McLean,Violent Crime,1516,240,170954,886.7882588298606,0.158311345646438
2020-04-01,McLean,Property Crime,3537,1168,170954,2068.9776197105652,0.3302233531241165
2020-04-01,McLean,Burglary,940,155,170954,549.8555166886998,0.16489361702127658
2020-04-01,McLean,Larceny-Theft,2487,479,170954,1454.777308515741,0.19260152794531565
2020-04-01,McLean,Motor Vehicle Theft,735,191,170954,429.9402178363771,0.2598639455782313
2020-04-01,McLean,Aggravated Assault,1223,431,170954,715.3971243726382,0.35241210139002455
2020-04-01,McLean,Robbery,522,202,170954,305.34529756542696,0.38697318007662834
2020-04-01,McLean,Rape,262,44,170954,153.25760146004188,0.16793893129770993
2020-05-01,McLean,Violent Crime,1567,564,170954,916.6208453736092,0.3599234205488194
2020-05-01,McLean,Property Crime,3557,867,170954,2080.6766732571336,0.24374472870396402
2020-05-01,McLean,Burglary,1030,208,170954,602.5012576482562,0.20194174757281552
2020-05-01,McLean,Larceny-Theft,2557,971,170954,1495.7239959287294,0.3797418850215096
2020-05-01,McLean,Motor Vehicle Theft,784,148,170954,458.6028990254689,0.18877551020408162
2020-05-01,McLean,Aggravated Assault,1290,387,170954,754.5889537536412,0.3
2020-05-01,McLean,Robbery,542,166,170954,317.044351111995,0.3062730627306273
2020-05-01,McLean,Rape,256,75,170954,149.74788539607147,0.29296875
2020-06-01,McLean,Violent Crime,1593,396,170954,931.8296149841478,0.24858757062146894
2020-06-01,McLean,Property Crime,3640,1020,170954,2129.227745475391,0.2802197802197802
2020-06-01,McLean,Burglary,1035,195,170954,605.4260210348983,0.18840579710144928
2020-06-01,McLean,Larceny-Theft,2663,725,170954,1557.72897972554,0.27224934284641383
2020-06-01,McLean,Motor Vehicle Theft,773,266,170954,452.1684195748564,0.34411384217335056
2020-06-01,McLean,Aggravated Assault,1344,217,170954,786.176398329375,0.16145833333333334
2020-06-01,McLean,Robbery,561,214,170954,328.15845198123475,0.38146167557932265
2020-06-01,McLean,Rape,265,88,170954,155.0124594920271,0.3320754716981132
2020-07-01,McLean,Violent Crime,1620,407,170954,947.6233372720147,0.25123456790123455
2020-07-01,McLean,Property Crime,3644,1177,170954,2131.5675561847047,0.3229967069154775
2020-07-01,McLean,Burglary,1020,211,170954,596.6517308749723,0.2068627450980392
2020-07-01,McLean,Larceny-Theft,2575,810,170954,1506.2531441206406,0.3145631067961165
2020-07-01,McLean,Motor Vehicle Theft,744,227,170954,435.2047919323327,0.30510752688172044
2020-07-01,McLean,Aggravated Assault,1283,218,170954,750.4942850123425,0.16991426344505067
2020-07-01,McLean,Robbery,492,154,170954,287.7967172455748,0.3130081300813008
2020-07-01,McLean,Rape,230,50,170954,134.53911578553294,0.21739130434782608
2020-08-01,McLean,Violent Crime,1499,405,170954,876.8440633152777,0.2701801200800534
2020-08-01,McLean,Property Crime,3446,1156,170954,2015.7469260736807,0.3354614045269878
2020-08-01,McLean,Burglary,929,308,170954,543.4210372380875,0.33153928955866524
2020-08-01,McLean,Larceny-Theft,2593,870,170954,1516.782292312552,0.3355187042036251
2020-08-01,McLean,Motor Vehicle Theft,687,163,170954,401.8624893246136,0.23726346433770015
2020-08-01,McLean,Aggravated Assault,1271,306,170954,743.4748528844017,0.24075531077891424
2020-08-01,McLean,Robbery,498,126,170954,291.30643330954524,0.25301204819277107
2020-08-01,McLean,Rape,242,90,170954,141.5585479134738,0.371900826446281
2020-09-01,McLean,Violent Crime,1342,499,170954,785.0064929747184,0.37183308494783907
2020-09-01,McLean,Property Crime,3328,645,170954,1946.7225101489291,0.19381009615384615
2020-09-01,McLean,Burglary,956,363,170954,559.2147595259544,0.3797071129707113
2020-09-01,McLean,Larceny-Theft,2341,400,170954,1369.374217625794,0.17086715079026057
2020-09-01,McLean,Motor Vehicle Theft,699,255,170954,408.8819214525545,0.3648068669527897
2020-09-01,McLean,Aggravated Assault,1175,190,170954,687.3193958608748,0.16170212765957448
2020-09-01,McLean,Robbery,481,85,170954,281.36223779496237,0.17671517671517672
2020-09-01,McLean,Rape,243,72,170954,142.1435005908022,0.2962962962962963
2020-10-01,McLean,Violent Crime,1242,403,170954,726.5112252418779,0.3244766505636071
2020-10-01,McLean,Property Crime,3001,1060,170954,1755.4429846625408,0.35321559480173276
2020-10-01,McLean,Burglary,850,327,170954,497.20977572914353,0.3847058823529412
2020-10-01,McLean,Larceny-Theft,2144,821,170954,1254.1385401920984,0.3829291044776119
2020-10-01,McLean,Motor Vehicle Theft,689,154,170954,403.03239467927045,0.22351233671988388
2020-10-01,McLean,Aggravated Assault,1060,269,170954,620.0498379681084,0.2537735849056604
2020-10-01,McLean,Robbery,457,162,170954,267.3233735390807,0.3544857768052516
2020-10-01,McLean,Rape,230,76,170954,134.53911578553294,0.33043478260869563
2020-11-01,McLean,Violent Crime,1248,222,170954,730.0209413058484,0.1778846153846154
2020-11-01,McLean,Property Crime,2876,522,170954,1682.3238999964904,0.18150208623087621
2020-11-01,McLean,Burglary,765,258,170954,447.48879815622917,0.33725490196078434
2020-11-01,McLean,Larceny-Theft,2039,737,170954,1192.7185090726161,0.36145169200588523
2020-11-01,McLean,Motor Vehicle Theft,587,159,170954,343.3672215917732,0.2708688245315162
2020-11-01,McLean,Aggravated Assault,1028,243,170954,601.3313522935994,0.23638132295719844
2020-11-01,McLean,Robbery,425,167,170954,248.60488786457177,0.39294117647058824
2020-11-01,McLean,Rape,207,63,170954,121.08520420697965,0.30434782608695654
2020-12-01,McLean,Violent Crime,1132,448,170954,662.1664307357535,0.3957597173144876
2020-12-01,McLean,Property Crime,2707,700,170954,1583.4668975279899,0.25858884373845586
2020-12-01,McLean,Burglary,798,213,170954,466.7922365080665,0.2669172932330827
2020-12-01,McLean,Larceny-Theft,1982,577,170954,1159.376206464897,0.29112008072653883
2020-12-01,McLean,Motor Vehicle Theft,597,92,170954,349.2167483650573,0.1541038525963149
2020-12-01,McLean,Aggravated Assault,1030,199,170954,602.5012576482562,0.19320388349514564
2020-12-01,McLean,Robbery,388,153,170954,226.96163880342078,0.3943298969072165
2020-12-01,McLean,Rape,215,53,170954,125.7648256256069,0.24651162790697675
2021-01-01,McLean,Violent Crime,1203,258,170954,703.6980708260702,0.2144638403990025
2021-01-01,McLean,Property Crime,2806,957,170954,1641.377212583502,0.34105488239486814
2021-01-01,McLean,Burglary,763,285,170954,446.3188928015723,0.3735255570117955
2021-01-01,McLean,Larceny-Theft,2082,367,170954,1217.8714741977374,0.17627281460134486
2021-01-01,McLean,Motor Vehicle Theft,599,237,170954,350.3866537197141,0.39565943238731216
2021-01-01,McLean,Aggravated Assault,990,341,170954,579.1031505551201,0.34444444444444444
2021-01-01,McLean,Robbery,437,139,170954,255.6243199925126,0.3180778032036613
2021-01-01,McLean,Rape,200,34,170954,116.99053546568082,0.17
2021-02-01,McLean,Violent Crime,1332,213,170954,779.1569662014343,0.15990990990990991
2021-02-01,McLean,Property Crime,3087,1133,170954,1805.7489149127834,0.3670229996760609
2021-02-01,McLean,Burglary,891,147,170954,521.192835499608,0.16498316498316498
2021-02-01,McLean,Larceny-Theft,2102,787,170954,1229.5705277443055,0.37440532825880113
2021-02-01,McLean,Motor Vehicle Theft,638,123,170954,373.19980813552183,0.19278996865203762
2021-02-01,McLean,Aggravated Assault,1168,230,170954,683.224727119576,0.1969178082191781
2021-02-01,McLean,Robbery,437,168,170954,255.6243199925126,0.38443935926773454
2021-02-01,McLean,Rape,214,40,170954,125.17987294827849,0.18691588785046728
2021-03-01,McLean,Violent Crime,1386,516,170954,810.744410777168,0.3722943722943723
2021-03-01,McLean,Property Crime,3256,526,170954,1904.605917381284,0.16154791154791154
2021-03-01,McLean,Burglary,928,209,170954,542.836084560759,0.2252155172413793
2021-03-01,McLean,Larceny-Theft,2274,655,170954,1330.1823882447911,0.2880386983289358
2021-03-01,McLean,Motor Vehicle Theft,647,225,170954,378.4643822314775,0.34775888717156106
2021-03-01,McLean,Aggravated Assault,1097,323,170954,641.6930870292593,0.2944393801276208
2021-03-01,McLean,Robbery,511,203,170954,298.9108181148145,0.3972602739726027
2021-03-01,McLean,Rape,237,66,170954,138.6337845268318,0.27848101265822783
2021-04-01,McLean,Violent Crime,1507,233,170954,881.523684733905,0.1546118115461181
2021-04-01,McLean,Property Crime,3346,1015,170954,1957.2516583408403,0.303347280334728
2021-04-01,McLean,Burglary,994,281,170954,581.4429612644337,0.28269617706237427
2021-04-01,McLean,Larceny-Theft,2487,548,170954,1454.777308515741,0.220345798150382
2021-04-01,McLean,Motor Vehicle Theft,729,219,170954,426.43050177240667,0.3004115226337449
2021-04-01,McLean,Aggravated Assault,1237,413,170954,723.5864618552359,0.33387227162489896
2021-04-01,McLean,Robbery,531,102,170954,310.6098716613826,0.192090395480226
2021-04-01,McLean,Rape,260,66,170954,152.08769610538508,0.25384615384615383
2021-05-01,McLean,Violent Crime,1554,532,170954,909.0164605683401,0.34234234234234234
2021-05-01,McLean,Property Crime,3671,1411,170954,2147.3612784725715,0.3843639335330972
2021-05-01,McLean,Burglary,1052,371,170954,615.3702165494811,0.3526615969581749
2021-05-01,McLean,Larceny-Theft,2587,402,170954,1513.2725762485816,0.1553923463471202
2021-05-01,McLean,Motor Vehicle Theft,770,223,170954,450.41356154287115,0.2896103896103896
2021-05-01,McLean,Aggravated Assault,1335,401,170954,780.9118242334196,0.300374531835206
2021-05-01,McLean,Robbery,546,113,170954,319.3841618213086,0.20695970695970695
2021-05-01,McLean,Rape,258,50,170954,150.91779075072827,0.1937984496124031
2021-06-01,McLean,Violent Crime,1616,563,170954,945.2835265627011,0.34839108910891087
2021-06-01,McLean,Property Crime,3747,1230,170954,2191.81768194953,0.32826261008807045
2021-06-01,McLean,Burglary,1080,396,170954,631.7488915146764,0.36666666666666664
2021-06-01,McLean,Larceny-Theft,2696,883,170954,1577.0324180773778,0.32752225519287836
2021-06-01,McLean,Motor Vehicle Theft,863,220,170954,504.8141605344128,0.2549246813441483
2021-06-01,McLean,Aggravated Assault,1276,472,170954,746.3996162710437,0.36990595611285265
2021-06-01,McLean,Robbery,522,165,170954,305.34529756542696,0.3160919540229885
2021-06-01,McLean,Rape,280,63,170954,163.78674965195316,0.225
2021-07-01,McLean,Violent Crime,1561,617,170954,913.1111293096388,0.39525944907110827
2021-07-01,McLean,Property Crime,3723,1376,170954,2177.7788176936488,0.36959441310770885
2021-07-01,McLean,Burglary,1030,212,170954,602.5012576482562,0.2058252427184466
2021-07-01,McLean,Larceny-Theft,2654,469,170954,1552.4644056295845,0.17671439336850037
2021-07-01,McLean,Motor Vehicle Theft,764,257,170954,446.90384547890073,0.33638743455497383
2021-07-01,McLean,Aggravated Assault,1240,407,170954,725.3413198872212,0.3282258064516129
2021-07-01,McLean,Robbery,532,103,170954,311.19482433871104,0.19360902255639098
2021-07-01,McLean,Rape,265,80,170954,155.0124594920271,0.3018867924528302
2021-08-01,McLean,Violent Crime,1503,350,170954,879.1838740245914,0.2328675981370592
2021-08-01,McLean,Property Crime,3513,536,170954,2054.938755454684,0.15257614574437803
2021-08-01,McLean,Burglary,1035,273,170954,605.4260210348983,0.263768115942029
2021-08-01,McLean,Larceny-Theft,2544,948,170954,1488.1196111234601,0.37264150943396224
2021-08-01,McLean,Motor Vehicle Theft,801,251,170954,468.5470945400517,0.31335830212234705
2021-08-01,McLean,Aggravated Assault,1231,317,170954,720.0767457912655,0.25751421608448416
2021-08-01,McLean,Robbery,513,181,170954,300.0807234694713,0.35282651072124754
2021-08-01,McLean,Rape,260,79,170954,152.08769610538508,0.3038461538461538
2021-09-01,McLean,Violent Crime,1380,489,170954,807.2346947131977,0.35434782608695653
2021-09-01,McLean,Property Crime,3243,1064,170954,1897.0015325760144,0.3280912735121801
2021-09-01,McLean,Burglary,929,148,170954,543.4210372380875,0.15931108719052745
2021-09-01,McLean,Larceny-Theft,2149,557,170954,1257.0633035787405,0.2591903210795719
2021-09-01,McLean,Motor Vehicle Theft,696,152,170954,407.12706342056924,0.21839080459770116
2021-09-01,McLean,Aggravated Assault,1138,369,170954,665.6761467997238,0.3242530755711775
2021-09-01,McLean,Robbery,461,137,170954,269.6631842483943,0.29718004338394793
2021-09-01,McLean,Rape,244,83,170954,142.7284532681306,0.3401639344262295
2021-10-01,McLean,Violent Crime,1289,298,170954,754.004001076313,0.23118696664080682
2021-10-01,McLean,Property Crime,2979,1176,170954,1742.5740257613159,0.3947633434038268
2021-10-01,McLean,Burglary,854,236,170954,499.5495864384572,0.27634660421545665
2021-10-01,McLean,Larceny-Theft,2185,660,170954,1278.121599962563,0.30205949656750575
2021-10-01,McLean,Motor Vehicle Theft,624,184,170954,365.0104706529242,0.2948717948717949
2021-10-01,McLean,Aggravated Assault,1038,340,170954,607.1808790668834,0.32755298651252407
2021-10-01,McLean,Robbery,445,122,170954,260.3039414111399,0.27415730337078653
2021-10-01,McLean,Rape,202,38,170954,118.16044082033764,0.18811881188118812
2021-11-01,McLean,Violent Crime,1223,292,170954,715.3971243726382,0.23875715453802127
2021-11-01,McLean,Property Crime,2924,508,170954,1710.4016285082537,0.17373461012311903
2021-11-01,McLean,Burglary,751,233,170954,439.2994606736315,0.31025299600532624
2021-11-01,McLean,Larceny-Theft,1988,328,170954,1162.8859225288675,0.16498993963782696
2021-11-01,McLean,Motor Vehicle Theft,633,250,170954,370.2750447488798,0.3949447077409163
2021-11-01,McLean,Aggravated Assault,1068,266,170954,624.7294593867356,0.24906367041198502
2021-11-01,McLean,Robbery,417,95,170954,243.92526644594452,0.2278177458033573
2021-11-01,McLean,Rape,181,52,170954,105.87643459644114,0.287292817679558
2021-12-01,McLean,Violent Crime,1147,378,170954,670.9407208956795,0.3295553618134263
2021-12-01,McLean,Property Crime,2705,699,170954,1582.2969921733331,0.25841035120147876
2021-12-01,McLean,Burglary,729,203,170954,426.43050177240667,0.2784636488340192
2021-12-01,McLean,Larceny-Theft,2018,342,170954,1180.4345028487196,0.1694747274529237
2021-12-01,McLean,Motor Vehicle Theft,567,101,170954,331.66816804520516,0.1781305114638448
2021-12-01,McLean,Aggravated Assault,978,272,170954,572.0837184271793,0.278118609406953
2021-12-01,McLean,Robbery,407,147,170954,238.0757396726605,0.36117936117936117
2021-12-01,McLean,Rape,184,68,170954,107.63129262842635,0.3695652173913043
2022-01-01,McLean,Violent Crime,1169,458,170954,683.8096797969044,0.3917878528656972
2022-01-01,McLean,Property Crime,2862,832,170954,1674.134562513893,0.2907058001397624
2022-01-01,McLean,Burglary,796,190,170954,465.62233115340973,0.23869346733668342
2022-01-01,McLean,Larceny-Theft,1981,682,170954,1158.7912537875686,0.3442705704189803
2022-01-01,McLean,Motor Vehicle Theft,636,226,170954,372.02990278086503,0.3553459119496855
2022-01-01,McLean,Aggravated Assault,982,368,170954,574.4235291364928,0.37474541751527496
2022-01-01,McLean,Robbery,400,75,170954,233.98107093136164,0.1875
2022-01-01,McLean,Rape,200,79,170954,116.99053546568082,0.395
2022-02-01,McLean,Violent Crime,1315,443,170954,769.2127706868514,0.33688212927756656
2022-02-01,McLean,Property Crime,3074,1175,170954,1798.1445301075144,0.38223812621990894
2022-02-01,McLean,Burglary,846,142,170954,494.86996501982986,0.16784869976359337
2022-02-01,McLean,Larceny-Theft,2167,865,170954,1267.592451770652,0.3991693585602215
2022-02-01,McLean,Motor Vehicle Theft,662,191,170954,387.23867239140355,0.28851963746223563
2022-02-01,McLean,Aggravated Assault,1056,224,170954,617.7100272587948,0.21212121212121213
2022-02-01,McLean,Robbery,410,154,170954,239.8305977046457,0.375609756097561
2022-02-01,McLean,Rape,238,40,170954,139.21873720416016,0.16806722689075632
2022-03-01,McLean,Violent Crime,1358,235,170954,794.3657358119729,0.17304860088365243
2022-03-01,McLean,Property Crime,3217,947,170954,1881.792762965476,0.2943736400373018
2022-03-01,McLean,Burglary,928,303,170954,542.836084560759,0.3265086206896552
2022-03-01,McLean,Larceny-Theft,2362,404,170954,1381.6582238496906,0.1710414902624894
2022-03-01,McLean,Motor Vehicle Theft,677,180,170954,396.0129625513296,0.2658788774002954
2022-03-01,McLean,Aggravated Assault,1116,229,170954,652.807187898499,0.20519713261648745
2022-03-01,McLean,Robbery,478,137,170954,279.6073797629772,0.28661087866108786
2022-03-01,McLean,Rape,214,78,170954,125.17987294827849,0.3644859813084112
2022-04-01,McLean,Violent Crime,1510,477,170954,883.2785427658903,0.31589403973509933
2022-04-01,McLean,Property Crime,3497,891,170954,2045.5795126174291,0.2547898198455819
2022-04-01,McLean,Burglary,1038,259,170954,607.1808790668834,0.24951830443159922
2022-04-01,McLean,Larceny-Theft,2459,932,170954,1438.3986335505458,0.379015860105734
2022-04-01,McLean,Motor Vehicle Theft,778,308,170954,455.09318296149837,0.39588688946015427
2022-04-01,McLean,Aggravated Assault,1263,499,170954,738.7952314657743,0.3950910530482977
2022-04-01,McLean,Robbery,513,190,170954,300.0807234694713,0.37037037037037035
2022-04-01,McLean,Rape,250,38,170954,146.23816933210105,0.152
2022-05-01,McLean,Violent Crime,1572,413,170954,919.5456087602513,0.2627226463104326
2022-05-01,McLean,Property Crime,3639,872,170954,2128.6427927980626,0.23962627095355868
2022-05-01,McLean,Burglary,1084,297,170954,634.08870222399,0.27398523985239853
2022-05-01,McLean,Larceny-Theft,2604,851,170954,1523.2167717631644,0.32680491551459295
2022-05-01,McLean,Motor Vehicle Theft,769,166,170954,449.8286088655427,0.21586475942782835
2022-05-01,McLean,Aggravated Assault,1259,271,170954,736.4554207564609,0.21525019857029387
2022-05-01,McLean,Robbery,531,170,170954,310.6098716613826,0.32015065913371
2022-05-01,McLean,Rape,290,96,170954,169.63627642523718,0.3310344827586207
2022-06-01,McLean,Violent Crime,1585,573,170954,927.1499935655205,0.3615141955835962
2022-06-01,McLean,Property Crime,3816,581,170954,2232.17941668519,0.15225366876310273
2022-06-01,McLean,Burglary,1093,166,170954,639.3532763199457,0.15187557182067704
2022-06-01,McLean,Larceny-Theft,2708,870,170954,1584.0518502053185,0.3212703101920236
2022-06-01,McLean,Motor Vehicle Theft,844,232,170954,493.7000596651731,0.27488151658767773
2022-06-01,McLean,Aggravated Assault,1306,455,170954,763.9481965908958,0.34839203675344566
2022-06-01,McLean,Robbery,528,91,170954,308.8550136293974,0.17234848484848486
2022-06-01,McLean,Rape,264,82,170954,154.4275068146987,0.3106060606060606
2022-07-01,McLean,Violent Crime,1563,432,170954,914.2810346642957,0.2763915547024952
2022-07-01,McLean,Property Crime,3751,1209,170954,2194.157492658844,0.32231404958677684
2022-07-01,McLean,Burglary,1053,197,170954,615.9551692268095,0.18708452041785376
2022-07-01,McLean,Larceny-Theft,2717,982,170954,1589.316424301274,0.36142804563857195
2022-07-01,McLean,Motor Vehicle Theft,762,263,170954,445.733940124244,0.3451443569553806
2022-07-01,McLean,Aggravated Assault,1295,407,170954,757.5137171402833,0.3142857142857143
2022-07-01,McLean,Robbery,486,78,170954,284.2870011816044,0.16049382716049382
2022-07-01,McLean,Rape,245,42,170954,143.313405945459,0.17142857142857143
2022-08-01,McLean,Violent Crime,1505,559,170954,880.3537793792482,0.37142857142857144
2022-08-01,McLean,Property Crime,3435,682,170954,2009.3124466230684,0.1985443959243086
2022-08-01,McLean,Burglary,986,323,170954,576.7633398458065,0.3275862068965517
2022-08-01,McLean,Larceny-Theft,2500,859,170954,1462.3816933210103,0.3436
2022-08-01,McLean,Motor Vehicle Theft,757,141,170954,442.8091767376019,0.18626155878467635
2022-08-01,McLean,Aggravated Assault,1255,241,170954,734.1156100471472,0.19203187250996015
2022-08-01,McLean,Robbery,485,85,170954,283.702048504276,0.17525773195876287
2022-08-01,McLean,Rape,250,73,170954,146.23816933210105,0.292
2022-09-01,McLean,Violent Crime,1426,369,170954,834.1425178703043,0.258765778401122
2022-09-01,McLean,Property Crime,3253,1053,170954,1902.8510593492986,0.3237011988933292
2022-09-01,McLean,Burglary,945,164,170954,552.7802800753419,0.17354497354497356
2022-09-01,McLean,Larceny-Theft,2339,931,170954,1368.2043122711373,0.3980333475844378
2022-09-01,McLean,Motor Vehicle Theft,708,197,170954,414.1464955485101,0.2782485875706215
2022-09-01,McLean,Aggravated Assault,1185,201,170954,693.1689226341589,0.16962025316455695
2022-09-01,McLean,Robbery,477,164,170954,279.02242708564876,0.3438155136268344
2022-09-01,McLean,Rape,211,47,170954,123.42501491629328,0.22274881516587677
2022-10-01,McLean,Violent Crime,1311,420,170954,766.8729599775378,0.32036613272311215
2022-10-01,McLean,Property Crime,2959,912,170954,1730.874972214748,0.3082122338627915
2022-10-01,McLean,Burglary,814,310,170954,476.151479345321,0.3808353808353808
2022-10-01,McLean,Larceny-Theft,2183,818,170954,1276.9516946079061,0.374713696747595
2022-10-01,McLean,Motor Vehicle Theft,664,167,170954,388.40857774606036,0.25150602409638556
2022-10-01,McLean,Aggravated Assault,1053,265,170954,615.9551692268095,0.251661918328585
2022-10-01,McLean,Robbery,439,172,170954,256.7942253471694,0.3917995444191344
2022-10-01,McLean,Rape,243,80,170954,142.1435005908022,0.3292181069958848
2022-11-01,McLean,Violent Crime,1244,207,170954,727.6811305965347,0.16639871382636656
2022-11-01,McLean,Property Crime,2784,719,170954,1628.508253682277,0.25826149425287354
2022-11-01,McLean,Burglary,773,244,170954,452.1684195748564,0.31565329883570503
2022-11-01,McLean,Larceny-Theft,2010,334,170954,1175.7548814300924,0.16616915422885573
2022-11-01,McLean,Motor Vehicle Theft,612,111,170954,357.9910385249833,0.18137254901960784
2022-11-01,McLean,Aggravated Assault,1035,260,170954,605.4260210348983,0.25120772946859904
2022-11-01,McLean,Robbery,392,88,170954,229.30144951273445,0.22448979591836735
2022-11-01,McLean,Rape,207,75,170954,121.08520420697965,0.36231884057971014
2022-12-01,McLean,Violent Crime,1192,278,170954,697.2635913754577,0.2332214765100671
2022-12-01,McLean,Property Crime,2811,798,170954,1644.301975970144,0.2838847385272145
2022-12-01,McLean,Burglary,798,178,170954,466.7922365080665,0.22305764411027568
2022-12-01,McLean,Larceny-Theft,1961,433,170954,1147.0922002410005,0.22080571137174912
2022-12-01,McLean,Motor Vehicle Theft,541,124,170954,316.45939843466664,0.22920517560073936
2022-12-01,McLean,Aggravated Assault,1010,178,170954,590.8022041016882,0.17623762376237623
2022-12-01,McLean,Robbery,413,81,170954,241.5854557366309,0.19612590799031476
2022-12-01,McLean,Rape,193,69,170954,112.89586672438199,0.35751295336787564
2023-01-01,McLean,Violent Crime,1136,374,170954,664.5062414450671,0.32922535211267606
2023-01-01,McLean,Property Crime,2780,947,170954,1626.1684429729635,0.3406474820143885
2023-01-01,McLean,Burglary,824,309,170954,482.00100611860495,0.375
2023-01-01,McLean,Larceny-Theft,1942,677,170954,1135.978099371761,0.3486096807415036
2023-01-01,McLean,Motor Vehicle Theft,585,146,170954,342.1973162371164,0.24957264957264957
2023-01-01,McLean,Aggravated Assault,1038,330,170954,607.1808790668834,0.3179190751445087
2023-01-01,McLean,Robbery,393,142,170954,229.88640219006282,0.361323155216285
2023-01-01,McLean,Rape,219,46,170954,128.10463633492049,0.2100456621004566
2023-02-01,McLean,Violent Crime,1285,283,170954,751.6641903669993,0.22023346303501945
2023-02-01,McLean,Property Crime,2995,520,170954,1751.9332685985705,0.17362270450751252
2023-02-01,McLean,Burglary,837,215,170954,489.60539092387427,0.25686977299880526
2023-02-01,McLean,Larceny-Theft,2141,744,170954,1252.3836821601133,0.34750116767865485
2023-02-01,McLean,Motor Vehicle Theft,612,211,170954,357.9910385249833,0.34477124183006536
2023-02-01,McLean,Aggravated Assault,1063,332,170954,621.8046960000936,0.3123236124176858
2023-02-01,McLean,Robbery,442,96,170954,258.54908337915464,0.2171945701357466
2023-02-01,McLean,Rape,201,68,170954,117.57548814300924,0.3383084577114428
2023-03-01,McLean,Violent Crime,1410,213,170954,824.7832750330498,0.15106382978723404
2023-03-01,McLean,Property Crime,3166,690,170954,1851.9601764217277,0.21794061907770057
2023-03-01,McLean,Burglary,888,149,170954,519.4379774676229,0.1677927927927928
2023-03-01,McLean,Larceny-Theft,2348,689,170954,1373.4688863670929,0.2934412265758092
2023-03-01,McLean,Motor Vehicle Theft,651,254,170954,380.8041929407911,0.3901689708141321
2023-03-01,McLean,Aggravated Assault,1123,404,170954,656.9018566397979,0.3597506678539626
2023-03-01,McLean,Robbery,465,125,170954,272.0029949577079,0.26881720430107525
2023-03-01,McLean,Rape,232,88,170954,135.70902114018975,0.3793103448275862
2023-04-01,McLean,Violent Crime,1519,450,170954,888.5431168618459,0.29624753127057274
2023-04-01,McLean,Property Crime,3511,841,170954,2053.7688501000266,0.23953289661065225
2023-04-01,McLean,Burglary,1043,213,170954,610.1056424535254,0.20421860019175456
2023-04-01,McLean,Larceny-Theft,2417,693,170954,1413.830621102753,0.28671907323127843
2023-04-01,McLean,Motor Vehicle Theft,732,122,170954,428.18535980439185,0.16666666666666666
2023-04-01,McLean,Aggravated Assault,1200,198,170954,701.943212794085,0.165
2023-04-01,McLean,Robbery,527,167,170954,308.270060952069,0.31688804554079697
2023-04-01,McLean,Rape,243,82,170954,142.1435005908022,0.3374485596707819
2023-05-01,McLean,Violent Crime,1567,432,170954,916.6208453736092,0.27568602425015953
2023-05-01,McLean,Property Crime,3672,1108,170954,2147.9462311499,0.3017429193899782
2023-05-01,McLean,Burglary,1055,408,170954,617.1250745814664,0.3867298578199052
2023-05-01,McLean,Larceny-Theft,2593,444,170954,1516.782292312552,0.17123023524874662
2023-05-01,McLean,Motor Vehicle Theft,772,277,170954,451.58346689752796,0.3588082901554404
2023-05-01,McLean,Aggravated Assault,1307,202,170954,764.5331492682242,0.1545524100994644
2023-05-01,McLean,Robbery,520,107,170954,304.17539221077016,0.20576923076923076
2023-05-01,McLean,Rape,271,71,170954,158.5221755559975,0.26199261992619927
2023-06-01,McLean,Violent Crime,1614,545,170954,944.1136212080443,0.33767038413878564
2023-06-01,McLean,Property Crime,3650,1146,170954,2135.077272248675,0.31397260273972605
2023-06-01,McLean,Burglary,1098,362,170954,642.2780397065877,0.3296903460837887
2023-06-01,McLean,Larceny-Theft,2637,538,170954,1542.5202101150016,0.20401971937808117
2023-06-01,McLean,Motor Vehicle Theft,833,323,170954,487.2655802145606,0.3877551020408163
2023-06-01,McLean,Aggravated Assault,1264,394,170954,739.3801841431028,0.31170886075949367
2023-06-01,McLean,Robbery,546,187,170954,319.3841618213086,0.3424908424908425
2023-06-01,McLean,Rape,259,52,170954,151.50274342805668,0.20077220077220076
2023-07-01,McLean,Violent Crime,1504,461,170954,879.7688267019198,0.3065159574468085
2023-07-01,McLean,Property Crime,3745,798,170954,2190.6477765948734,0.2130841121495327
2023-07-01,McLean,Burglary,1003,393,170954,586.7075353603893,0.3918245264207378
2023-07-01,McLean,Larceny-Theft,2618,942,170954,1531.406109245762,0.359816653934301
2023-07-01,McLean,Motor Vehicle Theft,775,166,170954,453.33832492951313,0.21419354838709678
2023-07-01,McLean,Aggravated Assault,1295,483,170954,757.5137171402833,0.372972972972973
2023-07-01,McLean,Robbery,552,113,170954,322.89387788527904,0.20471014492753623
2023-07-01,McLean,Rape,257,77,170954,150.33283807339984,0.29961089494163423
2023-08-01,McLean,Violent Crime,1524,431,170954,891.467880248488,0.2828083989501312
2023-08-01,McLean,Property Crime,3466,1257,170954,2027.4459796202489,0.36266589728793996
2023-08-01,McLean,Burglary,994,233,170954,581.4429612644337,0.23440643863179075
2023-08-01,McLean,Larceny-Theft,2457,807,170954,1437.2287281958888,0.32844932844932845
2023-08-01,McLean,Motor Vehicle Theft,755,144,170954,441.63927138294514,0.19072847682119207
2023-08-01,McLean,Aggravated Assault,1255,273,170954,734.1156100471472,0.21752988047808766
2023-08-01,McLean,Robbery,513,183,170954,300.0807234694713,0.3567251461988304
2023-08-01,McLean,Rape,240,54,170954,140.388642558817,0.225
2023-09-01,McLean,Violent Crime,1414,423,170954,827.1230857423635,0.29915134370579916
2023-09-01,McLean,Property Crime,3222,626,170954,1884.717526352118,0.19428926132836746
2023-09-01,McLean,Burglary,871,315,170954,509.49378195304,0.3616532721010333
2023-09-01,McLean,Larceny-Theft,2305,436,170954,1348.3159212419716,0.1891540130151844
2023-09-01,McLean,Motor Vehicle Theft,675,168,170954,394.84305719667276,0.24888888888888888
2023-09-01,McLean,Aggravated Assault,1126,373,170954,658.656714671783,0.33126110124333924
2023-09-01,McLean,Robbery,469,145,170954,274.34280566702154,0.3091684434968017
2023-09-01,McLean,Rape,230,51,170954,134.53911578553294,0.2217391304347826
2023-10-01,McLean,Violent Crime,1307,268,170954,764.5331492682242,0.20504973221117062
2023-10-01,McLean,Property Crime,3077,983,170954,1799.8993881394997,0.31946701332466687
2023-10-01,McLean,Burglary,820,243,170954,479.6611954092914,0.29634146341463413
2023-10-01,McLean,Larceny-Theft,2113,514,170954,1236.005007194918,0.2432560340747752
2023-10-01,McLean,Motor Vehicle Theft,652,98,170954,381.3891456181195,0.15030674846625766
2023-10-01,McLean,Aggravated Assault,1083,254,170954,633.5037495466617,0.234533702677747
2023-10-01,McLean,Robbery,395,81,170954,231.05630754471966,0.20506329113924052
2023-10-01,McLean,Rape,242,38,170954,141.5585479134738,0.15702479338842976
2023-11-01,McLean,Violent Crime,1163,345,170954,680.299963732934,0.29664660361135
2023-11-01,McLean,Property Crime,2762,669,170954,1615.6392947810523,0.24221578566256335
2023-11-01,McLean,Burglary,832,220,170954,486.6806275372323,0.2644230769230769
2023-11-01,McLean,Larceny-Theft,2041,710,170954,1193.8884144272727,0.3478686918177364
2023-11-01,McLean,Motor Vehicle Theft,615,169,170954,359.74589655696855,0.27479674796747966
2023-11-01,McLean,Aggravated Assault,1055,285,170954,617.1250745814664,0.27014218009478674
2023-11-01,McLean,Robbery,434,170,170954,253.8694619605274,0.391705069124424
2023-11-01,McLean,Rape,179,46,170954,104.70652924178434,0.2569832402234637
2023-12-01,McLean,Violent Crime,1117,237,170954,653.3921405758274,0.21217547000895254
2023-12-01,McLean,Property Crime,2675,522,170954,1564.748411853481,0.19514018691588786
2023-12-01,McLean,Burglary,807,169,170954,472.05681060402213,0.2094175960346964
2023-12-01,McLean,Larceny-Theft,1922,707,170954,1124.2790458251927,0.3678459937565036
2023-12-01,McLean,Motor Vehicle Theft,590,171,170954,345.1220796237584,0.28983050847457625
2023-12-01,McLean,Aggravated Assault,1012,170,170954,591.972109456345,0.16798418972332016
2023-12-01,McLean,Robbery,373,111,170954,218.18734864349474,0.2975871313672922
2023-12-01,McLean,Rape,198,46,170954,115.82063011102402,0.23232323232323232
2024-01-01,McLean,Violent Crime,1306,490,170954,763.9481965908958,0.37519142419601836
2024-01-01,McLean,Property Crime,2827,754,170954,1653.6612188073987,0.2667138309161656
2024-01-01,McLean,Burglary,867,317,170954,507.15397124372635,0.36562860438292966
2024-01-01,McLean,Larceny-Theft,1978,713,170954,1157.0363957555833,0.36046511627906974
2024-01-01,McLean,Motor Vehicle Theft,646,200,170954,377.87942955414906,0.30959752321981426
2024-01-01,McLean,Aggravated Assault,984,216,170954,575.5934344911497,0.21951219512195122
2024-01-01,McLean,Robbery,412,163,170954,241.00050305930247,0.39563106796116504
2024-01-01,McLean,Rape,184,57,170954,107.63129262842635,0.30978260869565216
2024-02-01,McLean,Violent Crime,1206,211,170954,705.4529288580554,0.17495854063018243
2024-02-01,McLean,Property Crime,2925,1118,170954,1710.986581185582,0.38222222222222224
2024-02-01,McLean,Burglary,871,251,170954,509.49378195304,0.2881745120551091
2024-02-01,McLean,Larceny-Theft,2109,532,170954,1233.6651964856044,0.25225225225225223
2024-02-01,McLean,Motor Vehicle Theft,611,111,170954,357.40608584765494,0.18166939443535188
2024-02-01,McLean,Aggravated Assault,1036,326,170954,606.0109737122267,0.31467181467181465
2024-02-01,McLean,Robbery,435,108,170954,254.4544146378558,0.2482758620689655
2024-02-01,McLean,Rape,222,61,170954,129.85949436690572,0.2747747747747748
2024-03-01,McLean,Violent Crime,1377,393,170954,805.4798366812124,0.28540305010893247
2024-03-01,McLean,Property Crime,3237,950,170954,1893.4918165120441,0.2934816187828236
2024-03-01,McLean,Burglary,971,336,170954,567.9890496858804,0.34603501544799176
2024-03-01,McLean,Larceny-Theft,2257,470,170954,1320.238192730208,0.20824102791315907
2024-03-01,McLean,Motor Vehicle Theft,679,163,170954,397.1828679059864,0.24005891016200295
2024-03-01,McLean,Aggravated Assault,1161,257,170954,679.1300583782772,0.22136089577950044
2024-03-01,McLean,Robbery,429,65,170954,250.94469857388538,0.15151515151515152
2024-03-01,McLean,Rape,234,35,170954,136.87892649484658,0.14957264957264957
2024-04-01,McLean,Violent Crime,1451,273,170954,848.7663348035144,0.1881461061337009
2024-04-01,McLean,Property Crime,3485,1190,170954,2038.5600804894884,0.34146341463414637
2024-04-01,McLean,Burglary,1001,362,170954,585.5376300057325,0.36163836163836166
2024-04-01,McLean,Larceny-Theft,2491,944,170954,1457.1171192250547,0.37896427137695704
2024-04-01,McLean,Motor Vehicle Theft,792,142,170954,463.28252044409606,0.17929292929292928
2024-04-01,McLean,Aggravated Assault,1214,262,170954,710.1325502766825,0.2158154859967051
2024-04-01,McLean,Robbery,512,177,170954,299.49577079214293,0.345703125
2024-04-01,McLean,Rape,238,60,170954,139.21873720416016,0.25210084033613445
2024-05-01,McLean,Violent Crime,1566,412,170954,916.0358926962809,0.26309067688378035
2024-05-01,McLean,Property Crime,3658,1298,170954,2139.7568936673024,0.3548387096774194
2024-05-01,McLean,Burglary,1046,330,170954,611.8605004855107,0.3154875717017208
2024-05-01,McLean,Larceny-Theft,2659,827,170954,1555.3891690162266,0.31101918014291086
2024-05-01,McLean,Motor Vehicle Theft,750,282,170954,438.71450799630315,0.376
2024-05-01,McLean,Aggravated Assault,1364,444,170954,797.8754518759432,0.3255131964809384
2024-05-01,McLean,Robbery,522,132,170954,305.34529756542696,0.25287356321839083
2024-05-01,McLean,Rape,232,80,170954,135.70902114018975,0.3448275862068966
2024-06-01,McLean,Violent Crime,1633,265,170954,955.2277220772839,0.16227801592161667
2024-06-01,McLean,Property Crime,3725,745,170954,2178.948723048305,0.2
2024-06-01,McLean,Burglary,1113,378,170954,651.0523298665138,0.33962264150943394
2024-06-01,McLean,Larceny-Theft,2557,814,170954,1495.7239959287294,0.3183418068048494
2024-06-01,McLean,Motor Vehicle Theft,761,126,170954,445.14898744691556,0.16557161629434955
2024-06-01,McLean,Aggravated Assault,1371,403,170954,801.970120617242,0.2939460247994165
2024-06-01,McLean,Robbery,533,188,170954,311.7797770160394,0.3527204502814259
2024-06-01,McLean,Rape,249,96,170954,145.65321665477262,0.3855421686746988
2024-07-01,McLean,Violent Crime,1594,517,170954,932.4145676614761,0.32434127979924715
2024-07-01,McLean,Property Crime,3718,1274,170954,2174.8540543070067,0.34265734265734266
2024-07-01,McLean,Burglary,1076,172,170954,629.4090808053629,0.15985130111524162
2024-07-01,McLean,Larceny-Theft,2564,426,170954,1499.8186646700283,0.16614664586583464
2024-07-01,McLean,Motor Vehicle Theft,802,297,170954,469.13204721738015,0.37032418952618457
2024-07-01,McLean,Aggravated Assault,1278,395,170954,747.5695216257004,0.30907668231611896
2024-07-01,McLean,Robbery,553,134,170954,323.47883056260747,0.2423146473779385
2024-07-01,McLean,Rape,282,47,170954,164.95665500660996,0.16666666666666666
2024-08-01,McLean,Violent Crime,1485,234,170954,868.6547258326802,0.15757575757575756
2024-08-01,McLean,Property Crime,3493,1334,170954,2043.2397019081154,0.3819066704838248
2024-08-01,McLean,Burglary,974,253,170954,569.7439077178656,0.2597535934291581
2024-08-01,McLean,Larceny-Theft,2464,764,170954,1441.3233969371877,0.31006493506493504
2024-08-01,McLean,Motor Vehicle Theft,767,292,170954,448.65870351088597,0.38070404172099087
2024-08-01,McLean,Aggravated Assault,1235,251,170954,722.4165565005791,0.20323886639676114
2024-08-01,McLean,Robbery,511,181,170954,298.9108181148145,0.3542074363992172
2024-08-01,McLean,Rape,247,94,170954,144.48331130011584,0.3805668016194332
2024-09-01,McLean,Violent Crime,1413,235,170954,826.5381330650349,0.16631280962491155
2024-09-01,McLean,Property Crime,3268,790,170954,1911.6253495092249,0.24173806609547124
2024-09-01,McLean,Burglary,850,233,170954,497.20977572914353,0.2741176470588235
2024-09-01,McLean,Larceny-Theft,2268,628,170954,1326.6726721808207,0.2768959435626102
2024-09-01,McLean,Motor Vehicle Theft,700,207,170954,409.4668741298829,0.2957142857142857
2024-09-01,McLean,Aggravated Assault,1207,439,170954,706.0378815353838,0.3637116818558409
2024-09-01,McLean,Robbery,501,87,170954,293.0612913415305,0.17365269461077845
2024-09-01,McLean,Rape,230,58,170954,134.53911578553294,0.25217391304347825
2024-10-01,McLean,Violent Crime,1264,190,170954,739.3801841431028,0.15031645569620253
2024-10-01,McLean,Property Crime,3158,1197,170954,1847.2805550031003,0.3790373654211526
2024-10-01,McLean,Burglary,813,169,170954,475.56652666799255,0.2078720787207872
2024-10-01,McLean,Larceny-Theft,2156,685,170954,1261.1579723200393,0.3177179962894249
2024-10-01,McLean,Motor Vehicle Theft,631,235,170954,369.10513939422304,0.3724247226624406
2024-10-01,McLean,Aggravated Assault,1063,416,170954,621.8046960000936,0.3913452492944497
2024-10-01,McLean,Robbery,452,109,170954,264.39861015243866,0.2411504424778761
2024-10-01,McLean,Rape,197,61,170954,115.23567743369561,0.3096446700507614
2024-11-01,McLean,Violent Crime,1208,302,170954,706.6228342127122,0.25
2024-11-01,McLean,Property Crime,2796,1016,170954,1635.527685810218,0.36337625178826893
2024-11-01,McLean,Burglary,795,187,170954,465.0373784760813,0.23522012578616353
2024-11-01,McLean,Larceny-Theft,1997,447,170954,1168.150496624823,0.22383575363044567
2024-11-01,McLean,Motor Vehicle Theft,586,231,170954,342.78226891444484,0.39419795221843
2024-11-01,McLean,Aggravated Assault,1001,378,170954,585.5376300057325,0.3776223776223776
2024-11-01,McLean,Robbery,387,120,170954,226.3766861260924,0.31007751937984496
2024-11-01,McLean,Rape,202,80,170954,118.16044082033764,0.39603960396039606
2024-12-01,McLean,Violent Crime,1205,366,170954,704.8679761807269,0.30373443983402487
2024-12-01,McLean,Property Crime,2664,1019,170954,1558.3139324028687,0.3825075075075075
2024-12-01,McLean,Burglary,827,233,170954,483.7558641505902,0.28174123337363965
2024-12-01,McLean,Larceny-Theft,1990,330,170954,1164.0558278835242,0.1658291457286432
2024-12-01,McLean,Motor Vehicle Theft,590,89,170954,345.1220796237584,0.15084745762711865
2024-12-01,McLean,Aggravated Assault,933,221,170954,545.7608479474011,0.23687031082529475
2024-12-01,McLean,Robbery,395,86,170954,231.05630754471966,0.21772151898734177
2024-12-01,McLean,Rape,215,58,170954,125.7648256256069,0.26976744186046514
2020-01-01,LaSalle,Violent Crime,849,218,109658,774.2253187181965,0.25677267373380447
2020-01-01,LaSalle,Property Crime,1973,523,109658,1799.2303343121341,0.26507856056766343
2020-01-01,LaSalle,Burglary,598,158,109658,545.3318499334293,0.26421404682274247
2020-01-01,LaSalle,Larceny-Theft,1393,496,109658,1270.313155446935,0.3560660445082556
2020-01-01,LaSalle,Motor Vehicle Theft,436,73,109658,397.59981031935655,0.16743119266055045
2020-01-01,LaSalle,Aggravated Assault,687,223,109658,626.4932791041238,0.3245997088791849
2020-01-01,LaSalle,Robbery,286,53,109658,260.8108847507706,0.1853146853146853
2020-01-01,LaSalle,Rape,138,53,109658,125.84581152309909,0.38405797101449274
2020-02-01,LaSalle,Violent Crime,880,251,109658,802.495030002371,0.2852272727272727
2020-02-01,LaSalle,Property Crime,2044,379,109658,1863.9770924145982,0.18542074363992173
2020-02-01,LaSalle,Burglary,591,154,109658,538.9483667402287,0.26057529610829105
2020-02-01,LaSalle,Larceny-Theft,1516,406,109658,1382.4800744131755,0.2678100263852243
2020-02-01,LaSalle,Motor Vehicle Theft,432,84,109658,393.95210563752755,0.19444444444444445
2020-02-01,LaSalle,Aggravated Assault,740,206,109658,674.8253661383575,0.27837837837837837
2020-02-01,LaSalle,Robbery,316,77,109658,288.16866986448775,0.24367088607594936
2020-02-01,LaSalle,Rape,160,40,109658,145.90818727315838,0.25
2020-03-01,LaSalle,Violent Crime,1001,208,109658,912.838096627697,0.2077922077922078
2020-03-01,LaSalle,Property Crime,2248,727,109658,2050.010031187875,0.3233985765124555
2020-03-01,LaSalle,Burglary,637,171,109658,580.8969705812617,0.2684458398744113
2020-03-01,LaSalle,Larceny-Theft,1659,654,109658,1512.8855167885608,0.39421338155515373
2020-03-01,LaSalle,Motor Vehicle Theft,471,103,109658,429.5172262853599,0.21868365180467092
2020-03-01,LaSalle,Aggravated Assault,739,121,109658,673.9134399679002,0.16373477672530445
2020-03-01,LaSalle,Robbery,333,66,109658,303.67141476226084,0.1981981981981982
2020-03-01,LaSalle,Rape,162,52,109658,147.73203961407285,0.32098765432098764
2020-04-01,LaSalle,Violent Crime,1035,346,109658,943.8435864232432,0.3342995169082126
2020-04-01,LaSalle,Property Crime,2488,907,109658,2268.8723120976124,0.3645498392282958
2020-04-01,LaSalle,Burglary,675,148,109658,615.5501650586368,0.21925925925925926
2020-04-01,LaSalle,Larceny-Theft,1658,432,109658,1511.9735906181036,0.2605548854041013
2020-04-01,LaSalle,Motor Vehicle Theft,521,204,109658,475.1135348082219,0.3915547024952015
2020-04-01,LaSalle,Aggravated Assault,889,200,109658,810.7023655364861,0.2249718785151856
2020-04-01,LaSalle,Robbery,317,61,109658,289.080596034945,0.19242902208201892
2020-04-01,LaSalle,Rape,163,37,109658,148.64396578453008,0.22699386503067484
2020-05-01,LaSalle,Violent Crime,1095,184,109658,998.5591566506776,0.1680365296803653
2020-05-01,LaSalle,Property Crime,2521,942,109658,2298.965875722701,0.37366124553748514
2020-05-01,LaSalle,Burglary,712,246,109658,649.2914333655548,0.3455056179775281
2020-05-01,LaSalle,Larceny-Theft,1848,717,109658,1685.2395630049793,0.387987012987013
2020-05-01,LaSalle,Motor Vehicle Theft,566,201,109658,516.1502124787977,0.3551236749116608
2020-05-01,LaSalle,Aggravated Assault,908,204,109658,828.0289627751738,0.22466960352422907
2020-05-01,LaSalle,Robbery,346,67,109658,315.526454978205,0.1936416184971098
2020-05-01,LaSalle,Rape,207,74,109658,188.76871728464863,0.357487922705314
2020-06-01,LaSalle,Violent Crime,1074,297,109658,979.4087070710755,0.276536312849162
2020-06-01,LaSalle,Property Crime,2489,565,109658,2269.78423826807,0.22699879469666534
2020-06-01,LaSalle,Burglary,672,110,109658,612.8143865472651,0.1636904761904762
2020-06-01,LaSalle,Larceny-Theft,1812,722,109658,1652.4102208685185,0.3984547461368653
2020-06-01,LaSalle,Motor Vehicle Theft,535,172,109658,487.8805011946233,0.32149532710280376
2020-06-01,LaSalle,Aggravated Assault,961,354,109658,876.3610498094074,0.368366285119667
2020-06-01,LaSalle,Robbery,360,83,109658,328.2934213646063,0.23055555555555557
2020-06-01,LaSalle,Rape,189,60,109658,172.3540462164183,0.31746031746031744
2020-07-01,LaSalle,Violent Crime,1062,251,109658,968.4655930255886,0.23634651600753295
2020-07-01,LaSalle,Property Crime,2534,814,109658,2310.8209159386456,0.3212312549329124
2020-07-01,LaSalle,Burglary,704,232,109658,641.9960240018968,0.32954545454545453
2020-07-01,LaSalle,Larceny-Theft,1835,347,109658,1673.384522789035,0.1891008174386921
2020-07-01,LaSalle,Motor Vehicle Theft,547,140,109658,498.82361524011014,0.25594149908592323
2020-07-01,LaSalle,Aggravated Assault,899,178,109658,819.8216272410585,0.19799777530589543
2020-07-01,LaSalle,Robbery,383,99,109658,349.2677232851228,0.2584856396866841
2020-07-01,LaSalle,Rape,193,43,109658,176.00175089824728,0.22279792746113988
2020-08-01,LaSalle,Violent Crime,1025,306,109658,934.7243247186708,0.29853658536585365
2020-08-01,LaSalle,Property Crime,2393,705,109658,2182.239325904175,0.2946092770580861
2020-08-01,LaSalle,Burglary,659,135,109658,600.9593463313211,0.20485584218512898
2020-08-01,LaSalle,Larceny-Theft,1713,473,109658,1562.1295299932517,0.2761237594862814
2020-08-01,LaSalle,Motor Vehicle Theft,536,207,109658,488.7924273650805,0.38619402985074625
2020-08-01,LaSalle,Aggravated Assault,850,273,109658,775.1372448886539,0.3211764705882353
2020-08-01,LaSalle,Robbery,363,122,109658,331.02919987597807,0.33608815426997246
2020-08-01,LaSalle,Rape,191,30,109658,174.1778985573328,0.15706806282722513
2020-09-01,LaSalle,Violent Crime,997,316,109658,909.1903919458681,0.316950852557673
2020-09-01,LaSalle,Property Crime,2239,593,109658,2041.8026956537599,0.26485037963376507
2020-09-01,LaSalle,Burglary,582,172,109658,530.7410312061136,0.29553264604810997
2020-09-01,LaSalle,Larceny-Theft,1583,562,109658,1443.5791278338106,0.35502210991787747
2020-09-01,LaSalle,Motor Vehicle Theft,477,81,109658,434.9887833081034,0.16981132075471697
2020-09-01,LaSalle,Aggravated Assault,835,192,109658,761.4583523317951,0.22994011976047904
2020-09-01,LaSalle,Robbery,310,109,109658,282.69711284174434,0.35161290322580646
2020-09-01,LaSalle,Rape,174,51,109658,158.67515365955973,0.29310344827586204
2020-10-01,LaSalle,Violent Crime,854,341,109658,778.7849495704827,0.3992974238875878
2020-10-01,LaSalle,Property Crime,2032,313,109658,1853.033978369111,0.15403543307086615
2020-10-01,LaSalle,Burglary,611,118,109658,557.1868901493735,0.19312602291325695
2020-10-01,LaSalle,Larceny-Theft,1521,279,109658,1387.0397052654616,0.1834319526627219
2020-10-01,LaSalle,Motor Vehicle Theft,441,95,109658,402.15944117164275,0.21541950113378686
2020-10-01,LaSalle,Aggravated Assault,733,255,109658,668.4418829451567,0.3478854024556617
2020-10-01,LaSalle,Robbery,294,85,109658,268.1062941144285,0.2891156462585034
2020-10-01,LaSalle,Rape,143,45,109658,130.4054423753853,0.3146853146853147
2020-11-01,LaSalle,Violent Crime,848,271,109658,773.3133925477393,0.31957547169811323
2020-11-01,LaSalle,Property Crime,1942,370,109658,1770.9606230279596,0.19052523171987643
2020-11-01,LaSalle,Burglary,592,107,109658,539.860292910686,0.18074324324324326
2020-11-01,LaSalle,Larceny-Theft,1408,498,109658,1283.9920480037936,0.3536931818181818
2020-11-01,LaSalle,Motor Vehicle Theft,415,94,109658,378.44936073975447,0.22650602409638554
2020-11-01,LaSalle,Aggravated Assault,674,203,109658,614.6382388881797,0.30118694362017806
2020-11-01,LaSalle,Robbery,287,113,109658,261.72281092122785,0.39372822299651566
2020-11-01,LaSalle,Rape,146,26,109658,133.141220886757,0.1780821917808219
2020-12-01,LaSalle,Violent Crime,762,140,109658,694.8877418884167,0.1837270341207349
2020-12-01,LaSalle,Property Crime,1914,562,109658,1745.4266902551567,0.2936259143155695
2020-12-01,LaSalle,Burglary,578,135,109658,527.0933265242846,0.23356401384083045
2020-12-01,LaSalle,Larceny-Theft,1338,382,109658,1220.157216071787,0.28550074738415543
2020-12-01,LaSalle,Motor Vehicle Theft,413,135,109658,376.62550839884005,0.3268765133171913
2020-12-01,LaSalle,Aggravated Assault,701,174,109658,639.260245490525,0.24821683309557774
2020-12-01,LaSalle,Robbery,297,70,109658,270.8420726258002,0.2356902356902357
2020-12-01,LaSalle,Rape,128,22,109658,116.72654981852669,0.171875
2021-01-01,LaSalle,Violent Crime,868,193,109658,791.5519159568842,0.22235023041474655
2021-01-01,LaSalle,Property Crime,1840,539,109658,1677.9441536413212,0.29293478260869565
2021-01-01,LaSalle,Burglary,553,120,109658,504.2951722628536,0.21699819168173598
2021-01-01,LaSalle,Larceny-Theft,1381,219,109658,1259.3700414014481,0.15858073859522084
2021-01-01,LaSalle,Motor Vehicle Theft,436,150,109658,397.59981031935655,0.3440366972477064
2021-01-01,LaSalle,Aggravated Assault,714,265,109658,651.1152857064692,0.3711484593837535
2021-01-01,LaSalle,Robbery,295,66,109658,269.01822028488573,0.22372881355932203
2021-01-01,LaSalle,Rape,140,42,109658,127.66966386401357,0.3
2021-02-01,LaSalle,Violent Crime,861,227,109658,785.1684327636834,0.26364692218350755
2021-02-01,LaSalle,Property Crime,2096,542,109658,1911.3972532783744,0.258587786259542
2021-02-01,LaSalle,Burglary,572,155,109658,521.6217695015412,0.270979020979021
2021-02-01,LaSalle,Larceny-Theft,1453,463,109658,1325.0287256743693,0.31865106675843086
2021-02-01,LaSalle,Motor Vehicle Theft,448,140,109658,408.54292436484343,0.3125
2021-02-01,LaSalle,Aggravated Assault,724,164,109658,660.2345474110416,0.2265193370165746
2021-02-01,LaSalle,Robbery,317,75,109658,289.080596034945,0.23659305993690852
2021-02-01,LaSalle,Rape,157,31,109658,143.17240876178664,0.19745222929936307
2021-03-01,LaSalle,Violent Crime,951,288,109658,867.2417881048351,0.3028391167192429
2021-03-01,LaSalle,Property Crime,2227,449,109658,2030.8595816082732,0.20161652447238437
2021-03-01,LaSalle,Burglary,636,248,109658,579.9850444108046,0.389937106918239
2021-03-01,LaSalle,Larceny-Theft,1560,401,109658,1422.604825913294,0.257051282051282
2021-03-01,LaSalle,Motor Vehicle Theft,474,146,109658,432.25300479673166,0.3080168776371308
2021-03-01,LaSalle,Aggravated Assault,818,134,109658,745.9556074340221,0.16381418092909536
2021-03-01,LaSalle,Robbery,318,83,109658,289.9925222054023,0.2610062893081761
2021-03-01,LaSalle,Rape,154,40,109658,140.43663025041494,0.2597402597402597
2021-04-01,LaSalle,Violent Crime,1069,315,109658,974.8490762187893,0.29466791393826003
2021-04-01,LaSalle,Property Crime,2484,486,109658,2265.224607415784,0.1956521739130435
2021-04-01,LaSalle,Burglary,713,141,109658,650.2033595360119,0.19775596072931276
2021-04-01,LaSalle,Larceny-Theft,1712,630,109658,1561.2176038227944,0.3679906542056075
2021-04-01,LaSalle,Motor Vehicle Theft,526,149,109658,479.6731656605081,0.2832699619771863
2021-04-01,LaSalle,Aggravated Assault,933,188,109658,850.8271170366047,0.2015005359056806
2021-04-01,LaSalle,Robbery,326,83,109658,297.28793156906016,0.254601226993865
2021-04-01,LaSalle,Rape,143,24,109658,130.4054423753853,0.16783216783216784
2021-05-01,LaSalle,Violent Crime,1020,397,109658,930.1646938663846,0.3892156862745098
2021-05-01,LaSalle,Property Crime,2530,1010,109658,2307.1732112568166,0.39920948616600793
2021-05-01,LaSalle,Burglary,728,179,109658,663.8822520928705,0.24587912087912087
2021-05-01,LaSalle,Larceny-Theft,1773,460,109658,1616.845100220686,0.25944726452340666
2021-05-01,LaSalle,Motor Vehicle Theft,528,120,109658,481.4970180014226,0.22727272727272727
2021-05-01,LaSalle,Aggravated Assault,908,171,109658,828.0289627751738,0.1883259911894273
2021-05-01,LaSalle,Robbery,405,67,109658,369.3300990351821,0.1654320987654321
2021-05-01,LaSalle,Rape,189,63,109658,172.3540462164183,0.3333333333333333
2021-06-01,LaSalle,Violent Crime,1134,377,109658,1034.12427729851,0.3324514991181658
2021-06-01,LaSalle,Property Crime,2503,460,109658,2282.5512046544713,0.18377946464242909
2021-06-01,LaSalle,Burglary,726,200,109658,662.0583997519561,0.27548209366391185
2021-06-01,LaSalle,Larceny-Theft,1975,532,109658,1801.0541866530484,0.26936708860759495
2021-06-01,LaSalle,Motor Vehicle Theft,507,86,109658,462.34656842182056,0.16962524654832348
2021-06-01,LaSalle,Aggravated Assault,891,300,109658,812.5262178774008,0.3367003367003367
2021-06-01,LaSalle,Robbery,348,63,109658,317.35030731911945,0.1810344827586207
2021-06-01,LaSalle,Rape,164,37,109658,149.55589195498732,0.22560975609756098
2021-07-01,LaSalle,Violent Crime,1110,294,109658,1012.2380492075362,0.2648648648648649
2021-07-01,LaSalle,Property Crime,2505,857,109658,2284.375056995386,0.34211576846307384
2021-07-01,LaSalle,Burglary,748,285,109658,682.1207755020154,0.3810160427807487
2021-07-01,LaSalle,Larceny-Theft,1784,541,109658,1626.8762880957156,0.3032511210762332
2021-07-01,LaSalle,Motor Vehicle Theft,553,166,109658,504.2951722628536,0.30018083182640143
2021-07-01,LaSalle,Aggravated Assault,896,315,109658,817.0858487296869,0.3515625
2021-07-01,LaSalle,Robbery,366,113,109658,333.76497838734974,0.3087431693989071
2021-07-01,LaSalle,Rape,192,51,109658,175.08982472779002,0.265625
2021-08-01,LaSalle,Violent Crime,1128,232,109658,1028.6527202757666,0.20567375886524822
2021-08-01,LaSalle,Property Crime,2372,919,109658,2163.088876324573,0.3874367622259696
2021-08-01,LaSalle,Burglary,699,216,109658,637.4363931496106,0.3090128755364807
2021-08-01,LaSalle,Larceny-Theft,1741,330,109658,1587.6634627660546,0.18954623779437105
2021-08-01,LaSalle,Motor Vehicle Theft,527,81,109658,480.5850918309654,0.15370018975332067
2021-08-01,LaSalle,Aggravated Assault,866,205,109658,789.7280636159695,0.23672055427251731
2021-08-01,LaSalle,Robbery,398,132,109658,362.94661584198144,0.3316582914572864
2021-08-01,LaSalle,Rape,154,45,109658,140.43663025041494,0.2922077922077922
2021-09-01,LaSalle,Violent Crime,972,295,109658,886.3922376844372,0.30349794238683125
2021-09-01,LaSalle,Property Crime,2261,594,109658,2061.865071403819,0.26271561256081377
2021-09-01,LaSalle,Burglary,621,155,109658,566.306151853946,0.249597423510467
2021-09-01,LaSalle,Larceny-Theft,1631,297,109658,1487.3515840157581,0.18209687308399755
2021-09-01,LaSalle,Motor Vehicle Theft,450,94,109658,410.3667767057579,0.2088888888888889
2021-09-01,LaSalle,Aggravated Assault,772,262,109658,704.0070035929891,0.3393782383419689
2021-09-01,LaSalle,Robbery,312,54,109658,284.5209651826588,0.17307692307692307
2021-09-01,LaSalle,Rape,185,73,109658,168.70634153458937,0.3945945945945946
2021-10-01,LaSalle,Violent Crime,842,292,109658,767.8418355249959,0.34679334916864607
2021-10-01,LaSalle,Property Crime,2083,513,109658,1899.5422130624304,0.24627940470475276
2021-10-01,LaSalle,Burglary,592,226,109658,539.860292910686,0.38175675675675674
2021-10-01,LaSalle,Larceny-Theft,1496,547,109658,1364.2415510040307,0.36564171122994654
2021-10-01,LaSalle,Motor Vehicle Theft,447,138,109658,407.63099819438617,0.3087248322147651
2021-10-01,LaSalle,Aggravated Assault,739,180,109658,673.9134399679002,0.2435723951285521
2021-10-01,LaSalle,Robbery,307,95,109658,279.9613343303726,0.30944625407166126
2021-10-01,LaSalle,Rape,151,38,109658,137.7008517390432,0.25165562913907286
2021-11-01,LaSalle,Violent Crime,792,204,109658,722.2455270021338,0.25757575757575757
2021-11-01,LaSalle,Property Crime,1978,323,109658,1803.7899651644204,0.16329625884732052
2021-11-01,LaSalle,Burglary,576,174,109658,525.2694741833701,0.3020833333333333
2021-11-01,LaSalle,Larceny-Theft,1343,226,109658,1224.716846924073,0.16827997021593447
2021-11-01,LaSalle,Motor Vehicle Theft,422,155,109658,384.8328439329552,0.36729857819905215
2021-11-01,LaSalle,Aggravated Assault,717,266,109658,653.851064217841,0.37099023709902373
2021-11-01,LaSalle,Robbery,283,54,109658,258.07510623939885,0.19081272084805653
2021-11-01,LaSalle,Rape,133,36,109658,121.28618067081288,0.2706766917293233
2021-12-01,LaSalle,Violent Crime,787,252,109658,717.6858961498476,0.3202033036848793
2021-12-01,LaSalle,Property Crime,1883,376,109658,1717.1569789709827,0.19968135953266064
2021-12-01,LaSalle,Burglary,539,106,109658,491.52820587645226,0.19666048237476808
2021-12-01,LaSalle,Larceny-Theft,1354,461,109658,1234.7480347991027,0.34047267355982275
2021-12-01,LaSalle,Motor Vehicle Theft,399,124,109658,363.8585420124387,0.3107769423558897
2021-12-01,LaSalle,Aggravated Assault,679,171,109658,619.1978697404659,0.25184094256259204
2021-12-01,LaSalle,Robbery,259,73,109658,236.1888781484251,0.28185328185328185
2021-12-01,LaSalle,Rape,137,32,109658,124.93388535264187,0.23357664233576642
2022-01-01,LaSalle,Violent Crime,857,334,109658,781.5207280818545,0.3897316219369895
2022-01-01,LaSalle,Property Crime,1942,689,109658,1770.9606230279596,0.354788877445932
2022-01-01,LaSalle,Burglary,568,97,109658,517.9740648197122,0.17077464788732394
2022-01-01,LaSalle,Larceny-Theft,1482,430,109658,1351.4745846176295,0.2901484480431849
2022-01-01,LaSalle,Motor Vehicle Theft,409,123,109658,372.97780371701106,0.30073349633251834
2022-01-01,LaSalle,Aggravated Assault,741,294,109658,675.7372923088147,0.3967611336032389
2022-01-01,LaSalle,Robbery,284,56,109658,258.9870324098561,0.19718309859154928
2022-01-01,LaSalle,Rape,147,39,109658,134.05314705721426,0.2653061224489796
2022-02-01,LaSalle,Violent Crime,856,288,109658,780.6088019113972,0.3364485981308411
2022-02-01,LaSalle,Property Crime,2074,441,109658,1891.3348775283155,0.21263259402121504
2022-02-01,LaSalle,Burglary,585,173,109658,533.4768097174853,0.29572649572649573
2022-02-01,LaSalle,Larceny-Theft,1497,375,109658,1365.153477174488,0.250501002004008
2022-02-01,LaSalle,Motor Vehicle Theft,440,127,109658,401.2475150011855,0.28863636363636364
2022-02-01,LaSalle,Aggravated Assault,730,255,109658,665.7061044337851,0.3493150684931507
2022-02-01,LaSalle,Robbery,278,76,109658,253.51547538711264,0.2733812949640288
2022-02-01,LaSalle,Rape,141,40,109658,128.58159003447082,0.28368794326241137
2022-03-01,LaSalle,Violent Crime,962,337,109658,877.2729759798648,0.3503118503118503
2022-03-01,LaSalle,Property Crime,2311,652,109658,2107.4613799266813,0.28212894850713977
2022-03-01,LaSalle,Burglary,620,175,109658,565.3942256834887,0.28225806451612906
2022-03-01,LaSalle,Larceny-Theft,1636,519,109658,1491.9112148680442,0.31723716381418093
2022-03-01,LaSalle,Motor Vehicle Theft,481,107,109658,438.6364879899324,0.22245322245322247
2022-03-01,LaSalle,Aggravated Assault,793,247,109658,723.1574531725912,0.3114754098360656
2022-03-01,LaSalle,Robbery,296,93,109658,269.930146455343,0.3141891891891892
2022-03-01,LaSalle,Rape,162,30,109658,147.73203961407285,0.18518518518518517
2022-04-01,LaSalle,Violent Crime,1028,382,109658,937.4601032300425,0.3715953307392996
2022-04-01,LaSalle,Property Crime,2447,777,109658,2231.4833391088655,0.31753167143440947
2022-04-01,LaSalle,Burglary,670,133,109658,610.9905342063506,0.19850746268656716
2022-04-01,LaSalle,Larceny-Theft,1762,533,109658,1606.8139123456567,0.3024971623155505
2022-04-01,LaSalle,Motor Vehicle Theft,529,138,109658,482.4089441718799,0.2608695652173913
2022-04-01,LaSalle,Aggravated Assault,875,304,109658,797.9353991500848,0.3474285714285714
2022-04-01,LaSalle,Robbery,333,86,109658,303.67141476226084,0.25825825825825827
2022-04-01,LaSalle,Rape,179,69,109658,163.23478451184593,0.3854748603351955
2022-05-01,LaSalle,Violent Crime,1054,310,109658,961.1701836619308,0.29411764705882354
2022-05-01,LaSalle,Property Crime,2487,869,109658,2267.960385927155,0.34941696823482105
2022-05-01,LaSalle,Burglary,695,274,109658,633.7886884677816,0.3942446043165468
2022-05-01,LaSalle,Larceny-Theft,1842,548,109658,1679.7680059822358,0.2975027144408252
2022-05-01,LaSalle,Motor Vehicle Theft,547,181,109658,498.82361524011014,0.33089579524680074
2022-05-01,LaSalle,Aggravated Assault,940,291,109658,857.2106002298053,0.30957446808510636
2022-05-01,LaSalle,Robbery,314,103,109658,286.3448175235733,0.32802547770700635
2022-05-01,LaSalle,Rape,197,31,109658,179.64945558007625,0.15736040609137056
2022-06-01,LaSalle,Violent Crime,1129,371,109658,1029.5646464462236,0.32860938883968116
2022-06-01,LaSalle,Property Crime,2597,399,109658,2368.2722646774514,0.15363881401617252
2022-06-01,LaSalle,Burglary,754,274,109658,687.5923325247588,0.363395225464191
2022-06-01,LaSalle,Larceny-Theft,1843,623,109658,1680.679932152693,0.3380358111774281
2022-06-01,LaSalle,Motor Vehicle Theft,575,221,109658,524.3575480129128,0.3843478260869565
2022-06-01,LaSalle,Aggravated Assault,956,301,109658,871.8014189571212,0.3148535564853556
2022-06-01,LaSalle,Robbery,341,51,109658,310.9668241259188,0.1495601173020528
2022-06-01,LaSalle,Rape,168,31,109658,153.2035966368163,0.18452380952380953
2022-07-01,LaSalle,Violent Crime,1139,191,109658,1038.6839081507962,0.16769095697980685
2022-07-01,LaSalle,Property Crime,2502,877,109658,2281.639278484014,0.350519584332534
2022-07-01,LaSalle,Burglary,705,158,109658,642.907950172354,0.22411347517730495
2022-07-01,LaSalle,Larceny-Theft,1856,646,109658,1692.534972368637,0.3480603448275862
2022-07-01,LaSalle,Motor Vehicle Theft,529,153,109658,482.4089441718799,0.2892249527410208
2022-07-01,LaSalle,Aggravated Assault,970,372,109658,884.5683853435226,0.3835051546391753
2022-07-01,LaSalle,Robbery,381,132,109658,347.44387094420836,0.3464566929133858
2022-07-01,LaSalle,Rape,186,36,109658,169.61826770504658,0.1935483870967742
2022-08-01,LaSalle,Violent Crime,1077,218,109658,982.1444855824473,0.20241411327762301
2022-08-01,LaSalle,Property Crime,2433,461,109658,2218.7163727224643,0.1894780106863954
2022-08-01,LaSalle,Burglary,693,120,109658,631.9648361268672,0.17316017316017315
2022-08-01,LaSalle,Larceny-Theft,1723,278,109658,1571.2487916978241,0.16134648868253046
2022-08-01,LaSalle,Motor Vehicle Theft,511,80,109658,465.99427310364956,0.15655577299412915
2022-08-01,LaSalle,Aggravated Assault,824,161,109658,751.4271644567656,0.1953883495145631
2022-08-01,LaSalle,Robbery,363,67,109658,331.02919987597807,0.18457300275482094
2022-08-01,LaSalle,Rape,153,53,109658,139.5247040799577,0.3464052287581699
2022-09-01,LaSalle,Violent Crime,951,238,109658,867.2417881048351,0.2502628811777077
2022-09-01,LaSalle,Property Crime,2256,692,109658,2057.305440551533,0.3067375886524823
2022-09-01,LaSalle,Burglary,635,202,109658,579.0731182403473,0.31811023622047246
2022-09-01,LaSalle,Larceny-Theft,1631,384,109658,1487.3515840157581,0.23543838136112813
2022-09-01,LaSalle,Motor Vehicle Theft,484,157,109658,441.37226650130407,0.3243801652892562
2022-09-01,LaSalle,Aggravated Assault,810,251,109658,738.6601980703642,0.30987654320987656
2022-09-01,LaSalle,Robbery,331,122,109658,301.84756242134637,0.3685800604229607
2022-09-01,LaSalle,Rape,175,65,109658,159.58707983001696,0.37142857142857144
2022-10-01,LaSalle,Violent Crime,886,313,109658,807.9665870251146,0.35327313769751695
2022-10-01,LaSalle,Property Crime,2080,788,109658,1896.8064345510588,0.37884615384615383
2022-10-01,LaSalle,Burglary,574,137,109658,523.4456218424557,0.23867595818815332
2022-10-01,LaSalle,Larceny-Theft,1452,311,109658,1324.1167995039123,0.21418732782369146
2022-10-01,LaSalle,Motor Vehicle Theft,420,143,109658,383.00899159204073,0.3404761904761905
2022-10-01,LaSalle,Aggravated Assault,754,154,109658,687.5923325247588,0.20424403183023873
2022-10-01,LaSalle,Robbery,322,117,109658,293.6402268872312,0.36335403726708076
2022-10-01,LaSalle,Rape,178,30,109658,162.3228583413887,0.16853932584269662
2022-11-01,LaSalle,Violent Crime,866,256,109658,789.7280636159695,0.2956120092378753
2022-11-01,LaSalle,Property Crime,1939,439,109658,1768.224844516588,0.2264053635894791
2022-11-01,LaSalle,Burglary,540,110,109658,492.44013204690947,0.2037037037037037
2022-11-01,LaSalle,Larceny-Theft,1396,502,109658,1273.0489339583069,0.35959885386819485
2022-11-01,LaSalle,Motor Vehicle Theft,461,110,109658,420.3979645807875,0.2386117136659436
2022-11-01,LaSalle,Aggravated Assault,756,153,109658,689.4161848656732,0.20238095238095238
2022-11-01,LaSalle,Robbery,236,92,109658,215.2145762279086,0.3898305084745763
2022-11-01,LaSalle,Rape,138,36,109658,125.84581152309909,0.2608695652173913
2022-12-01,LaSalle,Violent Crime,832,176,109658,758.7225738204235,0.21153846153846154
2022-12-01,LaSalle,Property Crime,1903,367,109658,1735.3955023801275,0.1928533893851813
2022-12-01,LaSalle,Burglary,565,200,109658,515.2382863083404,0.35398230088495575
2022-12-01,LaSalle,Larceny-Theft,1308,292,109658,1192.7994309580697,0.22324159021406728
2022-12-01,LaSalle,Motor Vehicle Theft,428,135,109658,390.3044009556986,0.31542056074766356
2022-12-01,LaSalle,Aggravated Assault,733,111,109658,668.4418829451567,0.15143246930422918
2022-12-01,LaSalle,Robbery,287,64,109658,261.72281092122785,0.2229965156794425
2022-12-01,LaSalle,Rape,136,26,109658,124.02195918218462,0.19117647058823528
2023-01-01,LaSalle,Violent Crime,832,224,109658,758.7225738204235,0.2692307692307692
2023-01-01,LaSalle,Property Crime,1967,446,109658,1793.7587772893905,0.22674123029994916
2023-01-01,LaSalle,Burglary,573,114,109658,522.5336956719984,0.19895287958115182
2023-01-01,LaSalle,Larceny-Theft,1382,547,109658,1260.2819675719054,0.3958031837916064
2023-01-01,LaSalle,Motor Vehicle Theft,401,87,109658,365.6823943533532,0.2169576059850374
2023-01-01,LaSalle,Aggravated Assault,691,210,109658,630.1409837859527,0.30390738060781475
2023-01-01,LaSalle,Robbery,305,110,109658,278.13748198945814,0.36065573770491804
2023-01-01,LaSalle,Rape,121,33,109658,110.34306662532602,0.2727272727272727
2023-02-01,LaSalle,Violent Crime,830,310,109658,756.8987214795089,0.37349397590361444
2023-02-01,LaSalle,Property Crime,2044,461,109658,1863.9770924145982,0.22553816046966732
2023-02-01,LaSalle,Burglary,535,191,109658,487.8805011946233,0.35700934579439253
2023-02-01,LaSalle,Larceny-Theft,1476,553,109658,1346.003027594886,0.37466124661246614
2023-02-01,LaSalle,Motor Vehicle Theft,465,155,109658,424.04566926261646,0.3333333333333333
2023-02-01,LaSalle,Aggravated Assault,743,203,109658,677.5611446497292,0.2732166890982503
2023-02-01,LaSalle,Robbery,274,74,109658,249.86777070528373,0.27007299270072993
2023-02-01,LaSalle,Rape,149,55,109658,135.87699939812873,0.3691275167785235
2023-03-01,LaSalle,Violent Crime,959,267,109658,874.537197468493,0.278415015641293
2023-03-01,LaSalle,Property Crime,2251,703,109658,2052.745809699247,0.3123056419369169
2023-03-01,LaSalle,Burglary,625,191,109658,569.9538565357749,0.3056
2023-03-01,LaSalle,Larceny-Theft,1622,315,109658,1479.1442484816428,0.1942046855733662
2023-03-01,LaSalle,Motor Vehicle Theft,477,168,109658,434.9887833081034,0.3522012578616352
2023-03-01,LaSalle,Aggravated Assault,790,148,109658,720.4216746612194,0.18734177215189873
2023-03-01,LaSalle,Robbery,284,56,109658,258.9870324098561,0.19718309859154928
2023-03-01,LaSalle,Rape,186,47,109658,169.61826770504658,0.25268817204301075
2023-04-01,LaSalle,Violent Crime,1094,189,109658,997.6472304802203,0.17276051188299818
2023-04-01,LaSalle,Property Crime,2388,468,109658,2177.6796950518888,0.19597989949748743
2023-04-01,LaSalle,Burglary,688,253,109658,627.405205274581,0.36773255813953487
2023-04-01,LaSalle,Larceny-Theft,1632,357,109658,1488.2635101862154,0.21875
2023-04-01,LaSalle,Motor Vehicle Theft,524,189,109658,477.8493133195936,0.3606870229007634
2023-04-01,LaSalle,Aggravated Assault,882,270,109658,804.3188823432855,0.30612244897959184
2023-04-01,LaSalle,Robbery,319,62,109658,290.9044483758595,0.19435736677115986
2023-04-01,LaSalle,Rape,158,45,109658,144.08433493224388,0.2848101265822785
2023-05-01,LaSalle,Violent Crime,1081,194,109658,985.7921902642761,0.17946345975948197
2023-05-01,LaSalle,Property Crime,2553,747,109658,2328.147513177333,0.2925969447708578
2023-05-01,LaSalle,Burglary,786,203,109658,716.7739699793905,0.2582697201017812
2023-05-01,LaSalle,Larceny-Theft,1815,439,109658,1655.14599937989,0.2418732782369146
2023-05-01,LaSalle,Motor Vehicle Theft,574,149,109658,523.4456218424557,0.259581881533101
2023-05-01,LaSalle,Aggravated Assault,908,198,109658,828.0289627751738,0.21806167400881057
2023-05-01,LaSalle,Robbery,359,115,109658,327.38149519414907,0.3203342618384401
2023-05-01,LaSalle,Rape,193,45,109658,176.00175089824728,0.23316062176165803
2023-06-01,LaSalle,Violent Crime,1084,247,109658,988.5279687756479,0.22785977859778597
2023-06-01,LaSalle,Property Crime,2579,888,109658,2351.8575936092216,0.3443195036835983
2023-06-01,LaSalle,Burglary,771,230,109658,703.0950774225319,0.29831387808041504
2023-06-01,LaSalle,Larceny-Theft,1819,583,109658,1658.7937040617192,0.3205057724024189
2023-06-01,LaSalle,Motor Vehicle Theft,525,163,109658,478.7612394900509,0.31047619047619046
2023-06-01,LaSalle,Aggravated Assault,954,329,109658,869.9775666162068,0.3448637316561845
2023-06-01,LaSalle,Robbery,384,98,109658,350.17964945558003,0.2552083333333333
2023-06-01,LaSalle,Rape,194,59,109658,176.91367706870452,0.30412371134020616
2023-07-01,LaSalle,Violent Crime,1120,201,109658,1021.3573109121086,0.17946428571428572
2023-07-01,LaSalle,Property Crime,2549,627,109658,2324.499808495504,0.24597881522165554
2023-07-01,LaSalle,Burglary,753,114,109658,686.6804063543016,0.15139442231075698
2023-07-01,LaSalle,Larceny-Theft,1811,487,109658,1651.4982946980613,0.26891220320265047
2023-07-01,LaSalle,Motor Vehicle Theft,538,86,109658,490.61627970599494,0.15985130111524162
2023-07-01,LaSalle,Aggravated Assault,924,360,109658,842.6197815024897,0.38961038961038963
2023-07-01,LaSalle,Robbery,343,55,109658,312.79067646683325,0.16034985422740525
2023-07-01,LaSalle,Rape,181,65,109658,165.0586368527604,0.35911602209944754
2023-08-01,LaSalle,Violent Crime,991,277,109658,903.7188349231246,0.2795156407669021
2023-08-01,LaSalle,Property Crime,2386,434,109658,2175.8558427109742,0.18189438390611903
2023-08-01,LaSalle,Burglary,711,215,109658,648.3795071950975,0.30239099859353025
2023-08-01,LaSalle,Larceny-Theft,1744,517,109658,1590.3992412774262,0.29644495412844035
2023-08-01,LaSalle,Motor Vehicle Theft,505,97,109658,460.52271608090615,0.19207920792079208
2023-08-01,LaSalle,Aggravated Assault,883,176,109658,805.2308085137428,0.19932049830124576
2023-08-01,LaSalle,Robbery,324,122,109658,295.4640792281457,0.3765432098765432
2023-08-01,LaSalle,Rape,162,35,109658,147.73203961407285,0.21604938271604937
2023-09-01,LaSalle,Violent Crime,956,351,109658,871.8014189571212,0.36715481171548114
2023-09-01,LaSalle,Property Crime,2200,523,109658,2006.2375750059275,0.23772727272727273
2023-09-01,LaSalle,Burglary,612,198,109658,558.0988163198308,0.3235294117647059
2023-09-01,LaSalle,Larceny-Theft,1634,521,109658,1490.08736252713,0.3188494492044064
2023-09-01,LaSalle,Motor Vehicle Theft,484,144,109658,441.37226650130407,0.2975206611570248
2023-09-01,LaSalle,Aggravated Assault,817,177,109658,745.043681263565,0.21664626682986537
2023-09-01,LaSalle,Robbery,318,109,109658,289.9925222054023,0.34276729559748426
2023-09-01,LaSalle,Rape,156,33,109658,142.2604825913294,0.21153846153846154
2023-10-01,LaSalle,Violent Crime,865,231,109658,788.8161374455125,0.26705202312138726
2023-10-01,LaSalle,Property Crime,2108,785,109658,1922.3403673238615,0.3723908918406072
2023-10-01,LaSalle,Burglary,625,239,109658,569.9538565357749,0.3824
2023-10-01,LaSalle,Larceny-Theft,1499,428,109658,1366.9773295154025,0.28552368245497
2023-10-01,LaSalle,Motor Vehicle Theft,430,160,109658,392.12825329661314,0.37209302325581395
2023-10-01,LaSalle,Aggravated Assault,685,166,109658,624.6694267632092,0.24233576642335766
2023-10-01,LaSalle,Robbery,291,105,109658,265.3705156030568,0.36082474226804123
2023-10-01,LaSalle,Rape,152,40,109658,138.61277790950044,0.2631578947368421
2023-11-01,LaSalle,Violent Crime,831,146,109658,757.8106476499663,0.17569193742478942
2023-11-01,LaSalle,Property Crime,1962,618,109658,1789.1991464371044,0.3149847094801223
2023-11-01,LaSalle,Burglary,546,89,109658,497.91168906965294,0.163003663003663
2023-11-01,LaSalle,Larceny-Theft,1446,470,109658,1318.6452424811687,0.32503457814661135
2023-11-01,LaSalle,Motor Vehicle Theft,394,134,109658,359.2989111601525,0.3401015228426396
2023-11-01,LaSalle,Aggravated Assault,704,154,109658,641.9960240018968,0.21875
2023-11-01,LaSalle,Robbery,266,81,109658,242.57236134162576,0.30451127819548873
2023-11-01,LaSalle,Rape,154,23,109658,140.43663025041494,0.14935064935064934
2023-12-01,LaSalle,Violent Crime,800,300,109658,729.5409363657918,0.375
2023-12-01,LaSalle,Property Crime,1913,445,109658,1744.5147640847,0.23261892315734448
2023-12-01,LaSalle,Burglary,528,93,109658,481.4970180014226,0.17613636363636365
2023-12-01,LaSalle,Larceny-Theft,1364,239,109658,1243.867296503675,0.17521994134897362
2023-12-01,LaSalle,Motor Vehicle Theft,411,137,109658,374.8016560579256,0.3333333333333333
2023-12-01,LaSalle,Aggravated Assault,661,193,109658,602.7831986722355,0.291981845688351
2023-12-01,LaSalle,Robbery,291,65,109658,265.3705156030568,0.22336769759450173
2023-12-01,LaSalle,Rape,112,44,109658,102.13573109121086,0.39285714285714285
2024-01-01,LaSalle,Violent Crime,796,120,109658,725.8932316839629,0.1507537688442211
2024-01-01,LaSalle,Property Crime,1984,361,109658,1809.2615221871638,0.1819556451612903
2024-01-01,LaSalle,Burglary,548,96,109658,499.73554141056746,0.17518248175182483
2024-01-01,LaSalle,Larceny-Theft,1366,535,109658,1245.6911488445896,0.3916544655929722
2024-01-01,LaSalle,Motor Vehicle Theft,425,132,109658,387.56862244432693,0.31058823529411766
2024-01-01,LaSalle,Aggravated Assault,667,121,109658,608.2547556949789,0.18140929535232383
2024-01-01,LaSalle,Robbery,275,79,109658,250.77969687574094,0.2872727272727273
2024-01-01,LaSalle,Rape,123,42,109658,112.1669189662405,0.34146341463414637
2024-02-01,LaSalle,Violent Crime,912,165,109658,831.6766674570026,0.18092105263157895
2024-02-01,LaSalle,Property Crime,2146,856,109658,1956.9935618012366,0.39888164026095063
2024-02-01,LaSalle,Burglary,576,120,109658,525.2694741833701,0.20833333333333334
2024-02-01,LaSalle,Larceny-Theft,1499,272,109658,1366.9773295154025,0.18145430286857905
2024-02-01,LaSalle,Motor Vehicle Theft,407,111,109658,371.1539513760966,0.2727272727272727
2024-02-01,LaSalle,Aggravated Assault,752,251,109658,685.7684801838443,0.3337765957446808
2024-02-01,LaSalle,Robbery,295,77,109658,269.01822028488573,0.26101694915254237
2024-02-01,LaSalle,Rape,142,41,109658,129.49351620492806,0.2887323943661972
2024-03-01,LaSalle,Violent Crime,939,318,109658,856.2986740593482,0.33865814696485624
2024-03-01,LaSalle,Property Crime,2215,480,109658,2019.9164675627862,0.21670428893905191
2024-03-01,LaSalle,Burglary,669,246,109658,610.0786080358935,0.36771300448430494
2024-03-01,LaSalle,Larceny-Theft,1563,281,109658,1425.3406044246658,0.17978246960972488
2024-03-01,LaSalle,Motor Vehicle Theft,457,179,109658,416.7502598989585,0.3916849015317287
2024-03-01,LaSalle,Aggravated Assault,791,126,109658,721.3336008316767,0.1592920353982301
2024-03-01,LaSalle,Robbery,354,133,109658,322.82186434186286,0.3757062146892655
2024-03-01,LaSalle,Rape,148,40,109658,134.9650732276715,0.2702702702702703
2024-04-01,LaSalle,Violent Crime,1025,403,109658,934.7243247186708,0.3931707317073171
2024-04-01,LaSalle,Property Crime,2432,418,109658,2217.804446552007,0.171875
2024-04-01,LaSalle,Burglary,700,260,109658,638.3483193200678,0.37142857142857144
2024-04-01,LaSalle,Larceny-Theft,1713,354,109658,1562.1295299932517,0.20665499124343256
2024-04-01,LaSalle,Motor Vehicle Theft,501,113,109658,456.87501139907715,0.22554890219560877
2024-04-01,LaSalle,Aggravated Assault,841,302,109658,766.9299093545387,0.3590963139120095
2024-04-01,LaSalle,Robbery,321,93,109658,292.72830071677396,0.2897196261682243
2024-04-01,LaSalle,Rape,173,50,109658,157.7632274891025,0.28901734104046245
2024-05-01,LaSalle,Violent Crime,1068,294,109658,973.9371500483321,0.2752808988764045
2024-05-01,LaSalle,Property Crime,2516,835,109658,2294.4062448704153,0.33187599364069953
2024-05-01,LaSalle,Burglary,718,272,109658,654.7629903882981,0.3788300835654596
2024-05-01,LaSalle,Larceny-Theft,1819,689,109658,1658.7937040617192,0.3787795492028587
2024-05-01,LaSalle,Motor Vehicle Theft,521,120,109658,475.1135348082219,0.23032629558541268
2024-05-01,LaSalle,Aggravated Assault,928,287,109658,846.2674861843185,0.30926724137931033
2024-05-01,LaSalle,Robbery,407,67,109658,371.1539513760966,0.16461916461916462
2024-05-01,LaSalle,Rape,185,51,109658,168.70634153458937,0.2756756756756757
2024-06-01,LaSalle,Violent Crime,1034,218,109658,942.931660252786,0.21083172147001933
2024-06-01,LaSalle,Property Crime,2562,963,109658,2336.354848711448,0.3758782201405152
2024-06-01,LaSalle,Burglary,740,123,109658,674.8253661383575,0.1662162162162162
2024-06-01,LaSalle,Larceny-Theft,1754,652,109658,1599.5185029819986,0.3717217787913341
2024-06-01,LaSalle,Motor Vehicle Theft,556,196,109658,507.0309507742253,0.35251798561151076
2024-06-01,LaSalle,Aggravated Assault,869,273,109658,792.4638421273413,0.3141542002301496
2024-06-01,LaSalle,Robbery,366,93,109658,333.76497838734974,0.2540983606557377
2024-06-01,LaSalle,Rape,182,32,109658,165.97056302321764,0.17582417582417584
2024-07-01,LaSalle,Violent Crime,1067,346,109658,973.0252238778749,0.32427366447985007
2024-07-01,LaSalle,Property Crime,2560,893,109658,2334.530996370534,0.348828125
2024-07-01,LaSalle,Burglary,730,191,109658,665.7061044337851,0.26164383561643834
2024-07-01,LaSalle,Larceny-Theft,1839,717,109658,1677.0322274708637,0.3898858075040783
2024-07-01,LaSalle,Motor Vehicle Theft,551,85,109658,502.4713199219391,0.1542649727767695
2024-07-01,LaSalle,Aggravated Assault,852,139,109658,776.9610972295683,0.16314553990610328
2024-07-01,LaSalle,Robbery,357,110,109658,325.5576428532346,0.3081232492997199
2024-07-01,LaSalle,Rape,183,49,109658,166.88248919367487,0.2677595628415301
2024-08-01,LaSalle,Violent Crime,983,223,109658,896.4234255594666,0.2268565615462869
2024-08-01,LaSalle,Property Crime,2419,405,109658,2205.949406336063,0.16742455560148822
2024-08-01,LaSalle,Burglary,685,148,109658,624.6694267632092,0.21605839416058395
2024-08-01,LaSalle,Larceny-Theft,1734,428,109658,1581.2799795728538,0.24682814302191464
2024-08-01,LaSalle,Motor Vehicle Theft,554,154,109658,505.2070984333109,0.2779783393501805
2024-08-01,LaSalle,Aggravated Assault,840,326,109658,766.0179831840815,0.3880952380952381
2024-08-01,LaSalle,Robbery,328,79,109658,299.11178390997463,0.24085365853658536
2024-08-01,LaSalle,Rape,167,65,109658,152.29167046635905,0.38922155688622756
2024-09-01,LaSalle,Violent Crime,988,334,109658,900.9830564117528,0.33805668016194335
2024-09-01,LaSalle,Property Crime,2307,703,109658,2103.813675244852,0.3047247507585609
2024-09-01,LaSalle,Burglary,645,240,109658,588.1923799449197,0.37209302325581395
2024-09-01,LaSalle,Larceny-Theft,1589,419,109658,1449.0506848565542,0.263687853996224
2024-09-01,LaSalle,Motor Vehicle Theft,462,173,109658,421.30989075124484,0.37445887445887444
2024-09-01,LaSalle,Aggravated Assault,813,155,109658,741.3959765817359,0.1906519065190652
2024-09-01,LaSalle,Robbery,349,55,109658,318.2622334895767,0.15759312320916904
2024-09-01,LaSalle,Rape,165,28,109658,150.46781812544455,0.1696969696969697
2024-10-01,LaSalle,Violent Crime,898,136,109658,818.9097010706014,0.1514476614699332
2024-10-01,LaSalle,Property Crime,2097,496,109658,1912.3091794488316,0.23652837386742967
2024-10-01,LaSalle,Burglary,603,203,109658,549.8914807857155,0.33665008291873966
2024-10-01,LaSalle,Larceny-Theft,1486,337,109658,1355.1222892994583,0.22678331090174966
2024-10-01,LaSalle,Motor Vehicle Theft,474,175,109658,432.25300479673166,0.3691983122362869
2024-10-01,LaSalle,Aggravated Assault,790,174,109658,720.4216746612194,0.22025316455696203
2024-10-01,LaSalle,Robbery,271,104,109658,247.13199219391197,0.3837638376383764
2024-10-01,LaSalle,Rape,151,26,109658,137.7008517390432,0.17218543046357615
2024-11-01,LaSalle,Violent Crime,803,311,109658,732.2767148771636,0.38729763387297633
2024-11-01,LaSalle,Property Crime,1939,349,109658,1768.224844516588,0.17998968540484786
2024-11-01,LaSalle,Burglary,567,206,109658,517.062138649255,0.36331569664902996
2024-11-01,LaSalle,Larceny-Theft,1354,384,109658,1234.7480347991027,0.28360413589364847
2024-11-01,LaSalle,Motor Vehicle Theft,421,163,109658,383.92091776249794,0.38717339667458434
2024-11-01,LaSalle,Aggravated Assault,702,232,109658,640.1721716609824,0.33048433048433046
2024-11-01,LaSalle,Robbery,288,92,109658,262.63473709168505,0.3194444444444444
2024-11-01,LaSalle,Rape,136,44,109658,124.02195918218462,0.3235294117647059
2024-12-01,LaSalle,Violent Crime,849,175,109658,774.2253187181965,0.2061248527679623
2024-12-01,LaSalle,Property Crime,2019,470,109658,1841.178938153167,0.23278850916295196
2024-12-01,LaSalle,Burglary,529,133,109658,482.4089441718799,0.2514177693761815
2024-12-01,LaSalle,Larceny-Theft,1378,547,109658,1256.6342628900763,0.3969521044992743
2024-12-01,LaSalle,Motor Vehicle Theft,430,142,109658,392.12825329661314,0.3302325581395349
2024-12-01,LaSalle,Aggravated Assault,713,246,109658,650.2033595360119,0.3450210378681627
2024-12-01,LaSalle,Robbery,272,76,109658,248.04391836436923,0.27941176470588236
2024-12-01,LaSalle,Rape,143,34,109658,130.4054423753853,0.23776223776223776
2020-01-01,Macon,Violent Crime,682,141,104286,653.9708110388739,0.20674486803519063
2020-01-01,Macon,Property Crime,1459,370,104286,1399.0372629116084,0.25359835503769707
2020-01-01,Macon,Burglary,448,122,104286,429.58786414283793,0.27232142857142855
2020-01-01,Macon,Larceny-Theft,1067,218,104286,1023.1478817866252,0.204311152764761
2020-01-01,Macon,Motor Vehicle Theft,322,86,104286,308.76627735266476,0.2670807453416149
2020-01-01,Macon,Aggravated Assault,523,161,104286,501.5054753274649,0.3078393881453155
2020-01-01,Macon,Robbery,209,44,104286,200.4104098344936,0.21052631578947367
2020-01-01,Macon,Rape,111,19,104286,106.4380645532478,0.17117117117117117
2020-02-01,Macon,Violent Crime,693,159,104286,664.5187273459525,0.22943722943722944
2020-02-01,Macon,Property Crime,1590,614,104286,1524.65335711409,0.38616352201257864
2020-02-01,Macon,Burglary,442,131,104286,423.8344552480678,0.29638009049773756
2020-02-01,Macon,Larceny-Theft,1166,319,104286,1118.0791285503326,0.27358490566037735
2020-02-01,Macon,Motor Vehicle Theft,358,64,104286,343.28673072128566,0.1787709497206704
2020-02-01,Macon,Aggravated Assault,563,154,104286,539.8615346259326,0.27353463587921845
2020-02-01,Macon,Robbery,233,42,104286,223.42404541357422,0.18025751072961374
2020-02-01,Macon,Rape,110,43,104286,105.47916307078611,0.39090909090909093
2020-03-01,Macon,Violent Crime,708,123,104286,678.9022495828779,0.17372881355932204
2020-03-01,Macon,Property Crime,1688,481,104286,1618.625702395336,0.2849526066350711
2020-03-01,Macon,Burglary,473,162,104286,453.5604012043803,0.34249471458773784
2020-03-01,Macon,Larceny-Theft,1324,426,104286,1269.58556277928,0.3217522658610272
2020-03-01,Macon,Motor Vehicle Theft,378,61,104286,362.4647603705195,0.16137566137566137
2020-03-01,Macon,Aggravated Assault,621,138,104286,595.4778206087107,0.2222222222222222
2020-03-01,Macon,Robbery,234,76,104286,224.3829468960359,0.3247863247863248
2020-03-01,Macon,Rape,111,33,104286,106.4380645532478,0.2972972972972973
2020-04-01,Macon,Violent Crime,777,186,104286,745.0664518727345,0.23938223938223938
2020-04-01,Macon,Property Crime,1868,730,104286,1791.2279692384402,0.39079229122055675
2020-04-01,Macon,Burglary,518,111,104286,496.7109679151564,0.21428571428571427
2020-04-01,Macon,Larceny-Theft,1322,307,104286,1267.6677598143567,0.23222390317700453
2020-04-01,Macon,Motor Vehicle Theft,395,59,104286,378.7660855723683,0.14936708860759493
2020-04-01,Macon,Aggravated Assault,638,218,104286,611.7791458105594,0.34169278996865204
2020-04-01,Macon,Robbery,253,40,104286,242.60207506280807,0.15810276679841898
2020-04-01,Macon,Rape,123,37,104286,117.9448823427881,0.3008130081300813
2020-05-01,Macon,Violent Crime,806,285,104286,772.8745948641237,0.3535980148883375
2020-05-01,Macon,Property Crime,1904,601,104286,1825.7484226070615,0.31565126050420167
2020-05-01,Macon,Burglary,559,209,104286,536.0259286960858,0.3738819320214669
2020-05-01,Macon,Larceny-Theft,1356,257,104286,1300.2704102180542,0.18952802359882007
2020-05-01,Macon,Motor Vehicle Theft,423,111,104286,405.6153270812957,0.2624113475177305
2020-05-01,Macon,Aggravated Assault,712,131,104286,682.7378555127246,0.18398876404494383
2020-05-01,Macon,Robbery,288,84,104286,276.1636269489673,0.2916666666666667
2020-05-01,Macon,Rape,127,27,104286,121.78048827263487,0.2125984251968504
2020-06-01,Macon,Violent Crime,805,134,104286,771.915693381662,0.16645962732919253
2020-06-01,Macon,Property Crime,1940,520,104286,1860.2688759756822,0.26804123711340205
2020-06-01,Macon,Burglary,570,92,104286,546.5738450031644,0.16140350877192983
2020-06-01,Macon,Larceny-Theft,1349,345,104286,1293.5580998408223,0.2557449962935508
2020-06-01,Macon,Motor Vehicle Theft,423,145,104286,405.6153270812957,0.34278959810874704
2020-06-01,Macon,Aggravated Assault,724,277,104286,694.2446733022649,0.3825966850828729
2020-06-01,Macon,Robbery,279,68,104286,267.53351360681205,0.24372759856630824
2020-06-01,Macon,Rape,155,34,104286,148.62972978156225,0.21935483870967742
2020-07-01,Macon,Violent Crime,848,175,104286,813.1484571275147,0.20636792452830188
2020-07-01,Macon,Property Crime,1919,714,104286,1840.1319448439867,0.37206878582595104
2020-07-01,Macon,Burglary,568,162,104286,544.656042038241,0.2852112676056338
2020-07-01,Macon,Larceny-Theft,1319,380,104286,1264.7910553669717,0.2880970432145565
2020-07-01,Macon,Motor Vehicle Theft,406,108,104286,389.31400187944695,0.2660098522167488
2020-07-01,Macon,Aggravated Assault,707,247,104286,677.9433481004162,0.3493635077793494
2020-07-01,Macon,Robbery,290,114,104286,278.08142991389064,0.3931034482758621
2020-07-01,Macon,Rape,132,48,104286,126.57499568494333,0.36363636363636365
2020-08-01,Macon,Violent Crime,799,202,104286,766.1622844868917,0.2528160200250313
2020-08-01,Macon,Property Crime,1861,737,104286,1784.5156588612087,0.39602364320257927
2020-08-01,Macon,Burglary,550,177,104286,527.3958153539305,0.32181818181818184
2020-08-01,Macon,Larceny-Theft,1284,470,104286,1231.2295034808124,0.3660436137071651
2020-08-01,Macon,Motor Vehicle Theft,390,113,104286,373.97157816005983,0.28974358974358977
2020-08-01,Macon,Aggravated Assault,655,177,104286,628.0804710124082,0.27022900763358776
2020-08-01,Macon,Robbery,274,54,104286,262.7390061945036,0.19708029197080293
2020-08-01,Macon,Rape,126,49,104286,120.82158679017317,0.3888888888888889
2020-09-01,Macon,Violent Crime,727,227,104286,697.12137774965,0.312242090784044
2020-09-01,Macon,Property Crime,1711,639,104286,1640.6804364919547,0.3734658094681473
2020-09-01,Macon,Burglary,492,80,104286,471.7795293711524,0.16260162601626016
2020-09-01,Macon,Larceny-Theft,1249,299,104286,1197.6679515946532,0.23939151321056845
2020-09-01,Macon,Motor Vehicle Theft,352,90,104286,337.53332182651553,0.2556818181818182
2020-09-01,Macon,Aggravated Assault,626,158,104286,600.2723280210191,0.2523961661341853
2020-09-01,Macon,Robbery,262,78,104286,251.23218840496327,0.29770992366412213
2020-09-01,Macon,Rape,113,43,104286,108.35586751817118,0.3805309734513274
2020-10-01,Macon,Violent Crime,687,257,104286,658.7653184511823,0.37409024745269287
2020-10-01,Macon,Property Crime,1542,252,104286,1478.6260859559288,0.16342412451361868
2020-10-01,Macon,Burglary,445,111,104286,426.71115969545286,0.24943820224719102
2020-10-01,Macon,Larceny-Theft,1131,248,104286,1084.5175766641735,0.21927497789566755
2020-10-01,Macon,Motor Vehicle Theft,325,73,104286,311.6429818000498,0.2246153846153846
2020-10-01,Macon,Aggravated Assault,575,134,104286,551.3683524154728,0.23304347826086957
2020-10-01,Macon,Robbery,222,87,104286,212.8761291064956,0.3918918918918919
2020-10-01,Macon,Rape,105,34,104286,100.68465565847765,0.3238095238095238
2020-11-01,Macon,Violent Crime,661,166,104286,633.8338799071784,0.25113464447806355
2020-11-01,Macon,Property Crime,1503,238,104286,1441.2289281399228,0.15834996673320026
2020-11-01,Macon,Burglary,404,135,104286,387.39619891452355,0.3341584158415842
2020-11-01,Macon,Larceny-Theft,1035,264,104286,992.4630343478511,0.25507246376811593
2020-11-01,Macon,Motor Vehicle Theft,335,58,104286,321.23199662466675,0.17313432835820897
2020-11-01,Macon,Aggravated Assault,539,186,104286,516.8478990468519,0.3450834879406308
2020-11-01,Macon,Robbery,196,71,104286,187.94469056249162,0.3622448979591837
2020-11-01,Macon,Rape,101,35,104286,96.84904972863089,0.3465346534653465
2020-12-01,Macon,Violent Crime,586,133,104286,561.9162687225515,0.22696245733788395
2020-12-01,Macon,Property Crime,1401,452,104286,1343.4209769288304,0.32262669521770165
2020-12-01,Macon,Burglary,419,108,104286,401.77972115144894,0.2577565632458234
2020-12-01,Macon,Larceny-Theft,1063,193,104286,1019.3122758567783,0.18156161806208843
2020-12-01,Macon,Motor Vehicle Theft,338,56,104286,324.1087010720518,0.16568047337278108
2020-12-01,Macon,Aggravated Assault,524,114,104286,502.46437680992653,0.21755725190839695
2020-12-01,Macon,Robbery,223,69,104286,213.8350305889573,0.3094170403587444
2020-12-01,Macon,Rape,102,22,104286,97.80795121109257,0.21568627450980393
2021-01-01,Macon,Violent Crime,647,217,104286,620.4092591527146,0.33539412673879443
2021-01-01,Macon,Property Crime,1407,496,104286,1349.1743858236005,0.35252309879175553
2021-01-01,Macon,Burglary,424,127,104286,406.57422856375734,0.29952830188679247
2021-01-01,Macon,Larceny-Theft,1089,213,104286,1044.2437144007824,0.19559228650137742
2021-01-01,Macon,Motor Vehicle Theft,315,88,104286,302.05396697543296,0.27936507936507937
2021-01-01,Macon,Aggravated Assault,516,128,104286,494.79316495023306,0.24806201550387597
2021-01-01,Macon,Robbery,232,47,104286,222.4651439311125,0.2025862068965517
2021-01-01,Macon,Rape,122,37,104286,116.9859808603264,0.30327868852459017
2021-02-01,Macon,Violent Crime,659,161,104286,631.916076942255,0.24430955993930198
2021-02-01,Macon,Property Crime,1532,491,104286,1469.037071131312,0.32049608355091386
2021-02-01,Macon,Burglary,466,128,104286,446.84809082714844,0.27467811158798283
2021-02-01,Macon,Larceny-Theft,1139,367,104286,1092.188788523867,0.3222124670763828
2021-02-01,Macon,Motor Vehicle Theft,349,65,104286,334.65661737913047,0.18624641833810887
2021-02-01,Macon,Aggravated Assault,547,207,104286,524.5191109065454,0.37842778793418647
2021-02-01,Macon,Robbery,239,50,104286,229.17745430834435,0.20920502092050208
2021-02-01,Macon,Rape,129,45,104286,123.69829123755827,0.3488372093023256
2021-03-01,Macon,Violent Crime,733,245,104286,702.8747866444202,0.33424283765347884
2021-03-01,Macon,Property Crime,1734,292,104286,1662.7351705885737,0.16839677047289503
2021-03-01,Macon,Burglary,480,111,104286,460.27271158161216,0.23125
2021-03-01,Macon,Larceny-Theft,1229,320,104286,1178.4899219454194,0.26037428803905616
2021-03-01,Macon,Motor Vehicle Theft,361,108,104286,346.1634351686708,0.29916897506925205
2021-03-01,Macon,Aggravated Assault,626,144,104286,600.2723280210191,0.23003194888178913
2021-03-01,Macon,Robbery,235,70,104286,225.34184837849762,0.2978723404255319
2021-03-01,Macon,Rape,135,42,104286,129.4517001323284,0.3111111111111111
2021-04-01,Macon,Violent Crime,804,143,104286,770.9567918992003,0.17786069651741293
2021-04-01,Macon,Property Crime,1826,459,104286,1750.9541069750494,0.25136911281489593
2021-04-01,Macon,Burglary,566,187,104286,542.7382390733177,0.3303886925795053
2021-04-01,Macon,Larceny-Theft,1324,347,104286,1269.58556277928,0.2620845921450151
2021-04-01,Macon,Motor Vehicle Theft,373,82,104286,357.67025295821105,0.21983914209115282
2021-04-01,Macon,Aggravated Assault,605,182,104286,580.1353968893236,0.30082644628099175
2021-04-01,Macon,Robbery,269,89,104286,257.9444987821951,0.3308550185873606
2021-04-01,Macon,Rape,135,45,104286,129.4517001323284,0.3333333333333333
2021-05-01,Macon,Violent Crime,812,218,104286,778.6280037588939,0.2684729064039409
2021-05-01,Macon,Property Crime,1941,352,104286,1861.2277774581441,0.18134981968057703
2021-05-01,Macon,Burglary,553,198,104286,530.2725198013156,0.35804701627486435
2021-05-01,Macon,Larceny-Theft,1393,342,104286,1335.7497650691369,0.2455132806891601
2021-05-01,Macon,Motor Vehicle Theft,396,137,104286,379.72498705483,0.34595959595959597
2021-05-01,Macon,Aggravated Assault,692,225,104286,663.5598258634908,0.32514450867052025
2021-05-01,Macon,Robbery,261,68,104286,250.2732869225016,0.26053639846743293
2021-05-01,Macon,Rape,136,53,104286,130.4106016147901,0.3897058823529412
2021-06-01,Macon,Violent Crime,877,138,104286,840.9566001189037,0.1573546180159635
2021-06-01,Macon,Property Crime,1924,415,104286,1844.926452256295,0.2156964656964657
2021-06-01,Macon,Burglary,561,154,104286,537.9437316610091,0.27450980392156865
2021-06-01,Macon,Larceny-Theft,1471,280,104286,1410.5440807011487,0.1903467029231815
2021-06-01,Macon,Motor Vehicle Theft,449,118,104286,430.54676562529966,0.26280623608017817
2021-06-01,Macon,Aggravated Assault,730,270,104286,699.998082197035,0.3698630136986301
2021-06-01,Macon,Robbery,291,115,104286,279.04033139635237,0.3951890034364261
2021-06-01,Macon,Rape,142,27,104286,136.16401050956026,0.19014084507042253
2021-07-01,Macon,Violent Crime,818,289,104286,784.381412653664,0.3533007334963325
2021-07-01,Macon,Property Crime,1971,530,104286,1889.9948219319947,0.2688990360223237
2021-07-01,Macon,Burglary,553,157,104286,530.2725198013156,0.28390596745027125
2021-07-01,Macon,Larceny-Theft,1387,490,104286,1329.9963561743666,0.35328046142754144
2021-07-01,Macon,Motor Vehicle Theft,399,129,104286,382.6016915022151,0.3233082706766917
2021-07-01,Macon,Aggravated Assault,675,149,104286,647.2585006616421,0.22074074074074074
2021-07-01,Macon,Robbery,269,84,104286,257.9444987821951,0.31226765799256506
2021-07-01,Macon,Rape,131,31,104286,125.61609420248163,0.2366412213740458
2021-08-01,Macon,Violent Crime,827,323,104286,793.0115259958192,0.3905683192261185
2021-08-01,Macon,Property Crime,1850,366,104286,1773.96774255413,0.19783783783783784
2021-08-01,Macon,Burglary,542,163,104286,519.724603494237,0.3007380073800738
2021-08-01,Macon,Larceny-Theft,1349,216,104286,1293.5580998408223,0.16011860637509265
2021-08-01,Macon,Motor Vehicle Theft,416,103,104286,398.9030167040638,0.24759615384615385
2021-08-01,Macon,Aggravated Assault,663,124,104286,635.7516828721017,0.1870286576168929
2021-08-01,Macon,Robbery,260,61,104286,249.31438544003987,0.23461538461538461
2021-08-01,Macon,Rape,114,21,104286,109.31476900063288,0.18421052631578946
2021-09-01,Macon,Violent Crime,727,146,104286,697.12137774965,0.20082530949105915
2021-09-01,Macon,Property Crime,1711,593,104286,1640.6804364919547,0.34658094681472823
2021-09-01,Macon,Burglary,442,89,104286,423.8344552480678,0.20135746606334842
2021-09-01,Macon,Larceny-Theft,1185,227,104286,1136.2982567171048,0.19156118143459916
2021-09-01,Macon,Motor Vehicle Theft,343,93,104286,328.9032084843603,0.27113702623906705
2021-09-01,Macon,Aggravated Assault,624,179,104286,598.3545250560957,0.28685897435897434
2021-09-01,Macon,Robbery,234,73,104286,224.3829468960359,0.31196581196581197
2021-09-01,Macon,Rape,110,39,104286,105.47916307078611,0.35454545454545455
2021-10-01,Macon,Violent Crime,646,109,104286,619.450357670253,0.16873065015479877
2021-10-01,Macon,Property Crime,1574,456,104286,1509.310933394703,0.289707750952986
2021-10-01,Macon,Burglary,422,165,104286,404.656425598834,0.3909952606635071
2021-10-01,Macon,Larceny-Theft,1102,318,104286,1056.7094336727844,0.2885662431941924
2021-10-01,Macon,Motor Vehicle Theft,377,131,104286,361.50585888805784,0.34748010610079577
2021-10-01,Macon,Aggravated Assault,581,114,104286,557.121761310243,0.1962134251290878
2021-10-01,Macon,Robbery,243,58,104286,233.01306023819114,0.23868312757201646
2021-10-01,Macon,Rape,112,26,104286,107.39696603570948,0.23214285714285715
2021-11-01,Macon,Violent Crime,601,148,104286,576.2997909594768,0.24625623960066556
2021-11-01,Macon,Property Crime,1480,554,104286,1419.174194043304,0.37432432432432433
2021-11-01,Macon,Burglary,409,151,104286,392.190706326832,0.3691931540342298
2021-11-01,Macon,Larceny-Theft,1061,257,104286,1017.3944728918551,0.24222431668237512
2021-11-01,Macon,Motor Vehicle Theft,331,51,104286,317.39639069482,0.1540785498489426
2021-11-01,Macon,Aggravated Assault,586,208,104286,561.9162687225515,0.35494880546075086
2021-11-01,Macon,Robbery,198,70,104286,189.862493527415,0.35353535353535354
2021-11-01,Macon,Rape,97,26,104286,93.01344379878411,0.26804123711340205
2021-12-01,Macon,Violent Crime,617,145,104286,591.6422146788639,0.23500810372771475
2021-12-01,Macon,Property Crime,1445,328,104286,1385.6126421571448,0.22698961937716264
2021-12-01,Macon,Burglary,398,139,104286,381.64279001975336,0.3492462311557789
2021-12-01,Macon,Larceny-Theft,1044,338,104286,1001.0931476900064,0.32375478927203066
2021-12-01,Macon,Motor Vehicle Theft,314,125,104286,301.09506549297123,0.3980891719745223
2021-12-01,Macon,Aggravated Assault,495,183,104286,474.6562338185375,0.3696969696969697
2021-12-01,Macon,Robbery,217,50,104286,208.08162169418713,0.2304147465437788
2021-12-01,Macon,Rape,97,24,104286,93.01344379878411,0.24742268041237114
2022-01-01,Macon,Violent Crime,657,222,104286,629.9982739773316,0.3378995433789954
2022-01-01,Macon,Property Crime,1502,410,104286,1440.2700266574611,0.2729693741677763
2022-01-01,Macon,Burglary,440,136,104286,421.91665228314446,0.3090909090909091
2022-01-01,Macon,Larceny-Theft,1073,362,104286,1028.9012906813955,0.33737185461323393
2022-01-01,Macon,Motor Vehicle Theft,310,83,104286,297.2594595631245,0.267741935483871
2022-01-01,Macon,Aggravated Assault,547,101,104286,524.5191109065454,0.1846435100548446
2022-01-01,Macon,Robbery,209,70,104286,200.4104098344936,0.3349282296650718
2022-01-01,Macon,Rape,105,24,104286,100.68465565847765,0.22857142857142856
2022-02-01,Macon,Violent Crime,712,274,104286,682.7378555127246,0.3848314606741573
2022-02-01,Macon,Property Crime,1522,519,104286,1459.448056306695,0.34099868593955324
2022-02-01,Macon,Burglary,461,181,104286,442.0535834148399,0.3926247288503254
2022-02-01,Macon,Larceny-Theft,1117,303,104286,1071.0929559097099,0.2712623097582811
2022-02-01,Macon,Motor Vehicle Theft,343,85,104286,328.9032084843603,0.2478134110787172
2022-02-01,Macon,Aggravated Assault,564,140,104286,540.8204361083942,0.24822695035460993
2022-02-01,Macon,Robbery,252,66,104286,241.64317358034634,0.2619047619047619
2022-02-01,Macon,Rape,99,18,104286,94.9312467637075,0.18181818181818182
2022-03-01,Macon,Violent Crime,709,209,104286,679.8611510653396,0.2947813822284908
2022-03-01,Macon,Property Crime,1822,494,104286,1747.1185010452025,0.2711306256860593
2022-03-01,Macon,Burglary,507,173,104286,486.16305160807775,0.34122287968441817
2022-03-01,Macon,Larceny-Theft,1213,366,104286,1163.1474982260322,0.3017312448474856
2022-03-01,Macon,Motor Vehicle Theft,375,118,104286,359.58805592313445,0.31466666666666665
2022-03-01,Macon,Aggravated Assault,568,179,104286,544.656042038241,0.31514084507042256
2022-03-01,Macon,Robbery,236,42,104286,226.3007498609593,0.17796610169491525
2022-03-01,Macon,Rape,116,38,104286,111.23257196555625,0.3275862068965517
2022-04-01,Macon,Violent Crime,783,125,104286,750.8198607675047,0.15964240102171137
2022-04-01,Macon,Property Crime,1798,424,104286,1724.104865466122,0.23581757508342602
2022-04-01,Macon,Burglary,555,172,104286,532.190322766239,0.3099099099099099
2022-04-01,Macon,Larceny-Theft,1274,439,104286,1221.6404886561954,0.3445839874411303
2022-04-01,Macon,Motor Vehicle Theft,396,122,104286,379.72498705483,0.30808080808080807
2022-04-01,Macon,Aggravated Assault,631,193,104286,605.0668354333276,0.3058637083993661
2022-04-01,Macon,Robbery,269,107,104286,257.9444987821951,0.39776951672862454
2022-04-01,Macon,Rape,134,50,104286,128.49279864986673,0.373134328358209
2022-05-01,Macon,Violent Crime,809,249,104286,775.7512993115087,0.30778739184178
2022-05-01,Macon,Property Crime,1876,480,104286,1798.899181098134,0.255863539445629
2022-05-01,Macon,Burglary,535,97,104286,513.0122931170051,0.18130841121495328
2022-05-01,Macon,Larceny-Theft,1400,378,104286,1342.4620754463685,0.27
2022-05-01,Macon,Motor Vehicle Theft,401,114,104286,384.5194944671385,0.28428927680798005
2022-05-01,Macon,Aggravated Assault,666,172,104286,638.6283873194868,0.25825825825825827
2022-05-01,Macon,Robbery,290,96,104286,278.08142991389064,0.3310344827586207
2022-05-01,Macon,Rape,157,41,104286,150.54753274648562,0.2611464968152866
2022-06-01,Macon,Violent Crime,870,168,104286,834.2442897416719,0.19310344827586207
2022-06-01,Macon,Property Crime,1958,421,104286,1877.5291026599928,0.21501532175689478
2022-06-01,Macon,Burglary,554,201,104286,531.2314212837773,0.3628158844765343
2022-06-01,Macon,Larceny-Theft,1441,534,104286,1381.7770362272981,0.3705759888965996
2022-06-01,Macon,Motor Vehicle Theft,419,68,104286,401.77972115144894,0.162291169451074
2022-06-01,Macon,Aggravated Assault,756,253,104286,724.929520741039,0.33465608465608465
2022-06-01,Macon,Robbery,277,70,104286,265.61571064188865,0.2527075812274368
2022-06-01,Macon,Rape,154,34,104286,147.67082829910055,0.22077922077922077
2022-07-01,Macon,Violent Crime,835,289,104286,800.6827378555128,0.3461077844311377
2022-07-01,Macon,Property Crime,1985,489,104286,1903.4194426864583,0.24634760705289674
2022-07-01,Macon,Burglary,541,214,104286,518.7657020117753,0.3955637707948244
2022-07-01,Macon,Larceny-Theft,1317,314,104286,1262.8732524020481,0.2384206529992407
2022-07-01,Macon,Motor Vehicle Theft,412,71,104286,395.0674107742171,0.17233009708737865
2022-07-01,Macon,Aggravated Assault,683,221,104286,654.9297125213355,0.3235724743777452
2022-07-01,Macon,Robbery,291,48,104286,279.04033139635237,0.16494845360824742
2022-07-01,Macon,Rape,128,30,104286,122.73938975509657,0.234375
2022-08-01,Macon,Violent Crime,785,120,104286,752.7376637324281,0.15286624203821655
2022-08-01,Macon,Property Crime,1870,309,104286,1793.145772203364,0.16524064171122996
2022-08-01,Macon,Burglary,522,97,104286,500.5465738450032,0.18582375478927204
2022-08-01,Macon,Larceny-Theft,1327,275,104286,1272.462267226665,0.20723436322532027
2022-08-01,Macon,Motor Vehicle Theft,397,110,104286,380.6838885372917,0.2770780856423174
2022-08-01,Macon,Aggravated Assault,631,188,104286,605.0668354333276,0.2979397781299525
2022-08-01,Macon,Robbery,245,52,104286,234.93086320311448,0.21224489795918366
2022-08-01,Macon,Rape,131,48,104286,125.61609420248163,0.366412213740458
2022-09-01,Macon,Violent Crime,746,210,104286,715.3405059164221,0.28150134048257375
2022-09-01,Macon,Property Crime,1654,588,104286,1586.0230519916383,0.3555018137847642
2022-09-01,Macon,Burglary,470,109,104286,450.68369675699523,0.23191489361702128
2022-09-01,Macon,Larceny-Theft,1218,223,104286,1167.9420056383408,0.18308702791461412
2022-09-01,Macon,Motor Vehicle Theft,354,87,104286,339.45112479143893,0.2457627118644068
2022-09-01,Macon,Aggravated Assault,624,179,104286,598.3545250560957,0.28685897435897434
2022-09-01,Macon,Robbery,234,36,104286,224.3829468960359,0.15384615384615385
2022-09-01,Macon,Rape,121,23,104286,116.02707937786471,0.19008264462809918
2022-10-01,Macon,Violent Crime,663,111,104286,635.7516828721017,0.167420814479638
2022-10-01,Macon,Property Crime,1574,375,104286,1509.310933394703,0.23824650571791614
2022-10-01,Macon,Burglary,452,141,104286,433.4234700726847,0.31194690265486724
2022-10-01,Macon,Larceny-Theft,1109,412,104286,1063.4217440500163,0.3715058611361587
2022-10-01,Macon,Motor Vehicle Theft,313,123,104286,300.13616401050956,0.3929712460063898
2022-10-01,Macon,Aggravated Assault,560,88,104286,536.9848301785474,0.15714285714285714
2022-10-01,Macon,Robbery,222,34,104286,212.8761291064956,0.15315315315315314
2022-10-01,Macon,Rape,129,22,104286,123.69829123755827,0.17054263565891473
2022-11-01,Macon,Violent Crime,667,150,104286,639.5872888019485,0.22488755622188905
2022-11-01,Macon,Property Crime,1531,595,104286,1468.0781696488502,0.3886348791639451
2022-11-01,Macon,Burglary,427,118,104286,409.4509330111424,0.27634660421545665
2022-11-01,Macon,Larceny-Theft,1138,236,104286,1091.2298870414054,0.20738137082601055
2022-11-01,Macon,Motor Vehicle Theft,312,85,104286,299.17726252804783,0.2724358974358974
2022-11-01,Macon,Aggravated Assault,525,96,104286,503.42327829238826,0.18285714285714286
2022-11-01,Macon,Robbery,218,77,104286,209.04052317664883,0.3532110091743119
2022-11-01,Macon,Rape,126,42,104286,120.82158679017317,0.3333333333333333
2022-12-01,Macon,Violent Crime,582,105,104286,558.0806627927047,0.18041237113402062
2022-12-01,Macon,Property Crime,1457,323,104286,1397.119459946685,0.22168840082361016
2022-12-01,Macon,Burglary,427,123,104286,409.4509330111424,0.28805620608899296
2022-12-01,Macon,Larceny-Theft,1036,174,104286,993.4219358303128,0.16795366795366795
2022-12-01,Macon,Motor Vehicle Theft,299,91,104286,286.7115432560459,0.30434782608695654
2022-12-01,Macon,Aggravated Assault,544,134,104286,521.6424064591604,0.24632352941176472
2022-12-01,Macon,Robbery,224,40,104286,214.79393207141896,0.17857142857142858
2022-12-01,Macon,Rape,104,31,104286,99.72575417601595,0.2980769230769231
2023-01-01,Macon,Violent Crime,658,169,104286,630.9571754597932,0.256838905775076
2023-01-01,Macon,Property Crime,1466,539,104286,1405.7495732888403,0.36766712141882674
2023-01-01,Macon,Burglary,414,88,104286,396.9852137391404,0.21256038647342995
2023-01-01,Macon,Larceny-Theft,1021,290,104286,979.0384135933874,0.2840352595494613
2023-01-01,Macon,Motor Vehicle Theft,305,58,104286,292.46495215081603,0.1901639344262295
2023-01-01,Macon,Aggravated Assault,512,84,104286,490.95755902038627,0.1640625
2023-01-01,Macon,Robbery,216,69,104286,207.12272021172544,0.3194444444444444
2023-01-01,Macon,Rape,106,22,104286,101.64355714093934,0.20754716981132076
2023-02-01,Macon,Violent Crime,729,188,104286,699.0391807145734,0.2578875171467764
2023-02-01,Macon,Property Crime,1574,309,104286,1509.310933394703,0.1963151207115629
2023-02-01,Macon,Burglary,433,108,104286,415.2043419059126,0.24942263279445728
2023-02-01,Macon,Larceny-Theft,1166,230,104286,1118.0791285503326,0.19725557461406518
2023-02-01,Macon,Motor Vehicle Theft,344,106,104286,329.862109966822,0.3081395348837209
2023-02-01,Macon,Aggravated Assault,575,94,104286,551.3683524154728,0.1634782608695652
2023-02-01,Macon,Robbery,238,69,104286,228.21855282588268,0.28991596638655465
2023-02-01,Macon,Rape,105,28,104286,100.68465565847765,0.26666666666666666
2023-03-01,Macon,Violent Crime,749,279,104286,718.2172103638072,0.3724966622162884
2023-03-01,Macon,Property Crime,1750,636,104286,1678.077594307961,0.36342857142857143
2023-03-01,Macon,Burglary,499,189,104286,478.4918397483843,0.3787575150300601
2023-03-01,Macon,Larceny-Theft,1202,334,104286,1152.5995819189536,0.2778702163061564
2023-03-01,Macon,Motor Vehicle Theft,383,118,104286,367.259267782828,0.30809399477806787
2023-03-01,Macon,Aggravated Assault,611,217,104286,585.8888057840937,0.35515548281505727
2023-03-01,Macon,Robbery,229,79,104286,219.58843948372743,0.34497816593886466
2023-03-01,Macon,Rape,121,18,104286,116.02707937786471,0.1487603305785124
2023-04-01,Macon,Violent Crime,819,196,104286,785.3403141361256,0.23931623931623933
2023-04-01,Macon,Property Crime,1829,595,104286,1753.8308114224344,0.3253143794423182
2023-04-01,Macon,Burglary,548,173,104286,525.4780123890072,0.3156934306569343
2023-04-01,Macon,Larceny-Theft,1345,234,104286,1289.7224939109756,0.17397769516728626
2023-04-01,Macon,Motor Vehicle Theft,426,132,104286,408.49203152868074,0.30985915492957744
2023-04-01,Macon,Aggravated Assault,608,177,104286,583.0121013367087,0.2911184210526316
2023-04-01,Macon,Robbery,235,51,104286,225.34184837849762,0.2170212765957447
2023-04-01,Macon,Rape,136,46,104286,130.4106016147901,0.3382352941176471
2023-05-01,Macon,Violent Crime,792,280,104286,759.44997410966,0.35353535353535354
2023-05-01,Macon,Property Crime,1970,493,104286,1889.035920449533,0.250253807106599
2023-05-01,Macon,Burglary,535,210,104286,513.0122931170051,0.3925233644859813
2023-05-01,Macon,Larceny-Theft,1357,339,104286,1301.2293117005158,0.24981577008106118
2023-05-01,Macon,Motor Vehicle Theft,434,102,104286,416.16324338837427,0.2350230414746544
2023-05-01,Macon,Aggravated Assault,707,155,104286,677.9433481004162,0.21923620933521923
2023-05-01,Macon,Robbery,266,50,104286,255.06779433481006,0.18796992481203006
2023-05-01,Macon,Rape,151,26,104286,144.79412385171548,0.17218543046357615
2023-06-01,Macon,Violent Crime,835,224,104286,800.6827378555128,0.2682634730538922
2023-06-01,Macon,Property Crime,1966,763,104286,1885.2003145196863,0.38809766022380465
2023-06-01,Macon,Burglary,584,224,104286,559.9984657576281,0.3835616438356164
2023-06-01,Macon,Larceny-Theft,1402,358,104286,1344.379878411292,0.2553495007132668
2023-06-01,Macon,Motor Vehicle Theft,410,95,104286,393.1496078092937,0.23170731707317074
2023-06-01,Macon,Aggravated Assault,713,249,104286,683.6967569951863,0.3492286115007013
2023-06-01,Macon,Robbery,297,95,104286,284.7937402911225,0.31986531986531985
2023-06-01,Macon,Rape,149,44,104286,142.8763208867921,0.2953020134228188
2023-07-01,Macon,Violent Crime,839,266,104286,804.5183437853594,0.3170441001191895
2023-07-01,Macon,Property Crime,1940,708,104286,1860.2688759756822,0.3649484536082474
2023-07-01,Macon,Burglary,523,114,104286,501.5054753274649,0.2179732313575526
2023-07-01,Macon,Larceny-Theft,1406,422,104286,1348.2154843411388,0.30014224751066854
2023-07-01,Macon,Motor Vehicle Theft,422,134,104286,404.656425598834,0.3175355450236967
2023-07-01,Macon,Aggravated Assault,725,190,104286,695.2035747847266,0.2620689655172414
2023-07-01,Macon,Robbery,269,98,104286,257.9444987821951,0.3643122676579926
2023-07-01,Macon,Rape,136,40,104286,130.4106016147901,0.29411764705882354
2023-08-01,Macon,Violent Crime,768,215,104286,736.4363385305794,0.2799479166666667
2023-08-01,Macon,Property Crime,1838,300,104286,1762.4609247645897,0.1632208922742111
2023-08-01,Macon,Burglary,530,192,104286,508.21778570469667,0.3622641509433962
2023-08-01,Macon,Larceny-Theft,1291,469,104286,1237.9418138580443,0.3632842757552285
2023-08-01,Macon,Motor Vehicle Theft,391,146,104286,374.93047964252156,0.3734015345268542
2023-08-01,Macon,Aggravated Assault,637,124,104286,610.8202443280977,0.1946624803767661
2023-08-01,Macon,Robbery,295,88,104286,282.8759373261991,0.2983050847457627
2023-08-01,Macon,Rape,134,41,104286,128.49279864986673,0.30597014925373134
2023-09-01,Macon,Violent Crime,797,143,104286,764.2444815219684,0.1794228356336261
2023-09-01,Macon,Property Crime,1701,469,104286,1631.091421667338,0.2757201646090535
2023-09-01,Macon,Burglary,509,118,104286,488.0808545730012,0.2318271119842829
2023-09-01,Macon,Larceny-Theft,1266,263,104286,1213.9692767965018,0.20774091627172195
2023-09-01,Macon,Motor Vehicle Theft,358,60,104286,343.28673072128566,0.16759776536312848
2023-09-01,Macon,Aggravated Assault,602,118,104286,577.2586924419385,0.19601328903654486
2023-09-01,Macon,Robbery,229,77,104286,219.58843948372743,0.33624454148471616
2023-09-01,Macon,Rape,103,34,104286,98.76685269355427,0.3300970873786408
2023-10-01,Macon,Violent Crime,685,137,104286,656.847515486259,0.2
2023-10-01,Macon,Property Crime,1565,304,104286,1500.680820052548,0.19424920127795528
2023-10-01,Macon,Burglary,514,203,104286,492.8753619853096,0.3949416342412451
2023-10-01,Macon,Larceny-Theft,1175,393,104286,1126.709241892488,0.334468085106383
2023-10-01,Macon,Motor Vehicle Theft,350,82,104286,335.61551886159214,0.2342857142857143
2023-10-01,Macon,Aggravated Assault,569,162,104286,545.6149435207027,0.28471001757469244
2023-10-01,Macon,Robbery,226,62,104286,216.71173503634236,0.2743362831858407
2023-10-01,Macon,Rape,112,41,104286,107.39696603570948,0.36607142857142855
2023-11-01,Macon,Violent Crime,651,194,104286,624.2448650825614,0.2980030721966206
2023-11-01,Macon,Property Crime,1513,237,104286,1450.81794296454,0.1566424322538004
2023-11-01,Macon,Burglary,421,73,104286,403.6975241163723,0.17339667458432304
2023-11-01,Macon,Larceny-Theft,1100,385,104286,1054.791630707861,0.35
2023-11-01,Macon,Motor Vehicle Theft,308,65,104286,295.3416565982011,0.21103896103896103
2023-11-01,Macon,Aggravated Assault,542,142,104286,519.724603494237,0.26199261992619927
2023-11-01,Macon,Robbery,209,37,104286,200.4104098344936,0.17703349282296652
2023-11-01,Macon,Rape,106,18,104286,101.64355714093934,0.16981132075471697
2023-12-01,Macon,Violent Crime,609,224,104286,583.9710028191704,0.367816091954023
2023-12-01,Macon,Property Crime,1474,413,104286,1413.420785148534,0.2801899592944369
2023-12-01,Macon,Burglary,424,159,104286,406.57422856375734,0.375
2023-12-01,Macon,Larceny-Theft,993,324,104286,952.18917208446,0.32628398791540786
2023-12-01,Macon,Motor Vehicle Theft,320,57,104286,306.84847438774136,0.178125
2023-12-01,Macon,Aggravated Assault,572,113,104286,548.4916479680878,0.19755244755244755
2023-12-01,Macon,Robbery,237,78,104286,227.25965134342096,0.3291139240506329
2023-12-01,Macon,Rape,108,25,104286,103.56136010586272,0.23148148148148148
2024-01-01,Macon,Violent Crime,612,164,104286,586.8477072665554,0.2679738562091503
2024-01-01,Macon,Property Crime,1480,304,104286,1419.174194043304,0.20540540540540542
2024-01-01,Macon,Burglary,415,152,104286,397.94411522160215,0.36626506024096384
2024-01-01,Macon,Larceny-Theft,1083,405,104286,1038.4903055060122,0.3739612188365651
2024-01-01,Macon,Motor Vehicle Theft,334,103,104286,320.2730951422051,0.3083832335329341
2024-01-01,Macon,Aggravated Assault,575,191,104286,551.3683524154728,0.33217391304347826
2024-01-01,Macon,Robbery,192,57,104286,184.10908463264485,0.296875
2024-01-01,Macon,Rape,104,33,104286,99.72575417601595,0.3173076923076923
2024-02-01,Macon,Violent Crime,684,115,104286,655.8886140037972,0.16812865497076024
2024-02-01,Macon,Property Crime,1602,514,104286,1536.1601749036304,0.3208489388264669
2024-02-01,Macon,Burglary,447,158,104286,428.62896266037626,0.3534675615212528
2024-02-01,Macon,Larceny-Theft,1206,400,104286,1156.4351878488003,0.33167495854063017
2024-02-01,Macon,Motor Vehicle Theft,336,120,104286,322.1908981071285,0.35714285714285715
2024-02-01,Macon,Aggravated Assault,528,107,104286,506.2999827397733,0.20265151515151514
2024-02-01,Macon,Robbery,220,34,104286,210.95832614157223,0.15454545454545454
2024-02-01,Macon,Rape,117,37,104286,112.19147344801794,0.3162393162393162
2024-03-01,Macon,Violent Crime,704,219,104286,675.0666436530311,0.31107954545454547
2024-03-01,Macon,Property Crime,1694,531,104286,1624.379111290106,0.31345926800472257
2024-03-01,Macon,Burglary,498,89,104286,477.53293826592255,0.178714859437751
2024-03-01,Macon,Larceny-Theft,1237,465,104286,1186.1611338051127,0.375909458367017
2024-03-01,Macon,Motor Vehicle Theft,346,55,104286,331.7799129317454,0.15895953757225434
2024-03-01,Macon,Aggravated Assault,612,212,104286,586.8477072665554,0.3464052287581699
2024-03-01,Macon,Robbery,246,60,104286,235.8897646855762,0.24390243902439024
2024-03-01,Macon,Rape,144,33,104286,138.08181347448365,0.22916666666666666
2024-04-01,Macon,Violent Crime,814,307,104286,780.5458067238172,0.37714987714987713
2024-04-01,Macon,Property Crime,1836,489,104286,1760.5431217996663,0.26633986928104575
2024-04-01,Macon,Burglary,570,203,104286,546.5738450031644,0.356140350877193
2024-04-01,Macon,Larceny-Theft,1275,329,104286,1222.5993901386573,0.2580392156862745
2024-04-01,Macon,Motor Vehicle Theft,407,149,104286,390.2729033619086,0.36609336609336607
2024-04-01,Macon,Aggravated Assault,679,218,104286,651.0941065914889,0.32106038291605304
2024-04-01,Macon,Robbery,248,75,104286,237.8075676504996,0.3024193548387097
2024-04-01,Macon,Rape,147,51,104286,140.95851792186872,0.3469387755102041
2024-05-01,Macon,Violent Crime,859,236,104286,823.6963734345933,0.27473806752037255
2024-05-01,Macon,Property Crime,1970,734,104286,1889.035920449533,0.3725888324873096
2024-05-01,Macon,Burglary,575,227,104286,551.3683524154728,0.3947826086956522
2024-05-01,Macon,Larceny-Theft,1350,312,104286,1294.5170013232841,0.2311111111111111
2024-05-01,Macon,Motor Vehicle Theft,433,144,104286,415.2043419059126,0.3325635103926097
2024-05-01,Macon,Aggravated Assault,664,116,104286,636.7105843545634,0.1746987951807229
2024-05-01,Macon,Robbery,299,96,104286,286.7115432560459,0.3210702341137124
2024-05-01,Macon,Rape,127,42,104286,121.78048827263487,0.33070866141732286
2024-06-01,Macon,Violent Crime,847,321,104286,812.189555645053,0.3789846517119244
2024-06-01,Macon,Property Crime,1961,519,104286,1880.4058071073778,0.26466088730239673
2024-06-01,Macon,Burglary,591,175,104286,566.7107761348599,0.2961082910321489
2024-06-01,Macon,Larceny-Theft,1367,418,104286,1310.8183265251328,0.3057790782735918
2024-06-01,Macon,Motor Vehicle Theft,438,123,104286,419.998849318221,0.2808219178082192
2024-06-01,Macon,Aggravated Assault,712,195,104286,682.7378555127246,0.273876404494382
2024-06-01,Macon,Robbery,293,99,104286,280.95813436127577,0.3378839590443686
2024-06-01,Macon,Rape,144,29,104286,138.08181347448365,0.2013888888888889
2024-07-01,Macon,Violent Crime,865,217,104286,829.4497823293634,0.2508670520231214
2024-07-01,Macon,Property Crime,1902,620,104286,1823.830619642138,0.32597266035751843
2024-07-01,Macon,Burglary,473,105,104286,453.5604012043803,0.2219873150105708
2024-07-01,Macon,Larceny-Theft,1343,424,104286,1287.8046909460522,0.31571109456440805
2024-07-01,Macon,Motor Vehicle Theft,426,102,104286,408.49203152868074,0.23943661971830985
2024-07-01,Macon,Aggravated Assault,695,209,104286,666.4365303108759,0.30071942446043165
2024-07-01,Macon,Robbery,254,91,104286,243.56097654526974,0.35826771653543305
2024-07-01,Macon,Rape,151,50,104286,144.79412385171548,0.33112582781456956
2024-08-01,Macon,Violent Crime,807,161,104286,773.8334963465853,0.19950433705080545
2024-08-01,Macon,Property Crime,1911,367,104286,1832.4607329842931,0.19204604918890633
2024-08-01,Macon,Burglary,542,201,104286,519.724603494237,0.37084870848708484
2024-08-01,Macon,Larceny-Theft,1279,401,104286,1226.434996068504,0.31352619233776385
2024-08-01,Macon,Motor Vehicle Theft,392,146,104286,375.88938112498323,0.37244897959183676
2024-08-01,Macon,Aggravated Assault,671,122,104286,643.4228947317953,0.18181818181818182
2024-08-01,Macon,Robbery,312,99,104286,299.17726252804783,0.3173076923076923
2024-08-01,Macon,Rape,128,37,104286,122.73938975509657,0.2890625
2024-09-01,Macon,Violent Crime,719,226,104286,689.4501658899565,0.3143254520166898
2024-09-01,Macon,Property Crime,1707,599,104286,1636.8448305621082,0.3509080257762156
2024-09-01,Macon,Burglary,497,179,104286,476.5740367834608,0.36016096579476864
2024-09-01,Macon,Larceny-Theft,1151,202,104286,1103.6956063134073,0.17549956559513466
2024-09-01,Macon,Motor Vehicle Theft,335,54,104286,321.23199662466675,0.16119402985074627
2024-09-01,Macon,Aggravated Assault,610,110,104286,584.9299043016321,0.18032786885245902
2024-09-01,Macon,Robbery,253,39,104286,242.60207506280807,0.1541501976284585
2024-09-01,Macon,Rape,120,27,104286,115.06817789540304,0.225
2024-10-01,Macon,Violent Crime,678,206,104286,650.1352051090271,0.30383480825958703
2024-10-01,Macon,Property Crime,1670,447,104286,1601.3654757110255,0.26766467065868266
2024-10-01,Macon,Burglary,435,80,104286,417.12214487083594,0.1839080459770115
2024-10-01,Macon,Larceny-Theft,1136,357,104286,1089.312084076482,0.3142605633802817
2024-10-01,Macon,Motor Vehicle Theft,372,71,104286,356.7113514757494,0.19086021505376344
2024-10-01,Macon,Aggravated Assault,551,154,104286,528.3547168363922,0.279491833030853
2024-10-01,Macon,Robbery,225,67,104286,215.7528335538807,0.29777777777777775
2024-10-01,Macon,Rape,113,39,104286,108.35586751817118,0.34513274336283184
2024-11-01,Macon,Violent Crime,650,255,104286,623.2859636000996,0.3923076923076923
2024-11-01,Macon,Property Crime,1510,487,104286,1447.9412385171547,0.32251655629139075
2024-11-01,Macon,Burglary,437,116,104286,419.03994783575934,0.2654462242562929
2024-11-01,Macon,Larceny-Theft,1093,376,104286,1048.0793203306293,0.34400731930466605
2024-11-01,Macon,Motor Vehicle Theft,318,70,104286,304.930671422818,0.22012578616352202
2024-11-01,Macon,Aggravated Assault,498,142,104286,477.53293826592255,0.285140562248996
2024-11-01,Macon,Robbery,207,65,104286,198.4926068695702,0.3140096618357488
2024-11-01,Macon,Rape,103,35,104286,98.76685269355427,0.33980582524271846
2024-12-01,Macon,Violent Crime,647,188,104286,620.4092591527146,0.29057187017001546
2024-12-01,Macon,Property Crime,1457,538,104286,1397.119459946685,0.3692518874399451
2024-12-01,Macon,Burglary,408,78,104286,391.2318048443703,0.19117647058823528
2024-12-01,Macon,Larceny-Theft,1032,324,104286,989.5863299004661,0.313953488372093
2024-12-01,Macon,Motor Vehicle Theft,305,117,104286,292.46495215081603,0.3836065573770492
2024-12-01,Macon,Aggravated Assault,532,156,104286,510.1355886696201,0.2932330827067669
2024-12-01,Macon,Robbery,211,50,104286,202.328212799417,0.23696682464454977
2024-12-01,Macon,Rape,102,28,104286,97.80795121109257,0.27450980392156865
2020-01-01,Kendall,Violent Crime,847,267,131869,642.3041048313098,0.3152302243211334
2020-01-01,Kendall,Property Crime,2019,657,131869,1531.0649204892734,0.32540861812778604
2020-01-01,Kendall,Burglary,602,177,131869,456.5136612850632,0.29401993355481726
2020-01-01,Kendall,Larceny-Theft,1433,379,131869,1086.6845126602918,0.264480111653873
2020-01-01,Kendall,Motor Vehicle Theft,420,150,131869,318.4979032221371,0.35714285714285715
2020-01-01,Kendall,Aggravated Assault,710,117,131869,538.4131221136128,0.1647887323943662
2020-01-01,Kendall,Robbery,302,60,131869,229.0151589835367,0.1986754966887417
2020-01-01,Kendall,Rape,159,55,131869,120.57420621980906,0.34591194968553457
2020-02-01,Kendall,Violent Crime,890,294,131869,674.9122234945287,0.3303370786516854
2020-02-01,Kendall,Property Crime,2171,822,131869,1646.3308283220467,0.3786273606632888
2020-02-01,Kendall,Burglary,580,104,131869,439.83043778295126,0.1793103448275862
2020-02-01,Kendall,Larceny-Theft,1559,537,131869,1182.2338836269328,0.3444515715202053
2020-02-01,Kendall,Motor Vehicle Theft,465,120,131869,352.6226785673661,0.25806451612903225
2020-02-01,Kendall,Aggravated Assault,810,168,131869,614.2459562141216,0.2074074074074074
2020-02-01,Kendall,Robbery,296,47,131869,224.46518893750618,0.15878378378378377
2020-02-01,Kendall,Rape,166,59,131869,125.88250460684466,0.35542168674698793
2020-03-01,Kendall,Violent Crime,1070,180,131869,811.4113248754445,0.16822429906542055
2020-03-01,Kendall,Property Crime,2377,604,131869,1802.5464665690952,0.2541018090029449
2020-03-01,Kendall,Burglary,693,165,131869,525.5215403165262,0.23809523809523808
2020-03-01,Kendall,Larceny-Theft,1736,402,131869,1316.4579999848334,0.2315668202764977
2020-03-01,Kendall,Motor Vehicle Theft,521,155,131869,395.089065663651,0.29750479846449135
2020-03-01,Kendall,Aggravated Assault,827,290,131869,627.1375380112081,0.35066505441354295
2020-03-01,Kendall,Robbery,359,60,131869,272.23987442082677,0.1671309192200557
2020-03-01,Kendall,Rape,173,42,131869,131.19080299388028,0.24277456647398843
2020-04-01,Kendall,Violent Crime,1065,379,131869,807.6196831704191,0.355868544600939
2020-04-01,Kendall,Property Crime,2442,758,131869,1851.8378087344258,0.3104013104013104
2020-04-01,Kendall,Burglary,739,227,131869,560.4046440027604,0.3071718538565629
2020-04-01,Kendall,Larceny-Theft,1772,540,131869,1343.7578202610166,0.3047404063205418
2020-04-01,Kendall,Motor Vehicle Theft,560,167,131869,424.66387096284956,0.2982142857142857
2020-04-01,Kendall,Aggravated Assault,917,243,131869,695.387088701666,0.2649945474372955
2020-04-01,Kendall,Robbery,396,121,131869,300.298023038015,0.3055555555555556
2020-04-01,Kendall,Rape,145,24,131869,109.95760944573782,0.16551724137931034
2020-05-01,Kendall,Violent Crime,1182,244,131869,896.3440990680145,0.20642978003384094
2020-05-01,Kendall,Property Crime,2728,577,131869,2068.719714261881,0.21151026392961877
2020-05-01,Kendall,Burglary,763,226,131869,578.6045241868825,0.2961992136304063
2020-05-01,Kendall,Larceny-Theft,1900,694,131869,1440.8238479096678,0.36526315789473685
2020-05-01,Kendall,Motor Vehicle Theft,610,223,131869,462.58028801310394,0.3655737704918033
2020-05-01,Kendall,Aggravated Assault,967,279,131869,733.3035057519205,0.28852119958634953
2020-05-01,Kendall,Robbery,402,71,131869,304.8479930840455,0.17661691542288557
2020-05-01,Kendall,Rape,206,73,131869,156.2156382470482,0.35436893203883496
2020-06-01,Kendall,Violent Crime,1139,255,131869,863.7359804047958,0.22388059701492538
2020-06-01,Kendall,Property Crime,2738,674,131869,2076.3029976719317,0.24616508400292184
2020-06-01,Kendall,Burglary,753,245,131869,571.0212407768315,0.3253652058432935
2020-06-01,Kendall,Larceny-Theft,2009,585,131869,1523.4816370792225,0.29118964659034346
2020-06-01,Kendall,Motor Vehicle Theft,519,169,131869,393.5724089816408,0.325626204238921
2020-06-01,Kendall,Aggravated Assault,1000,268,131869,758.3283410050883,0.268
2020-06-01,Kendall,Robbery,415,88,131869,314.70626151711167,0.21204819277108433
2020-06-01,Kendall,Rape,178,36,131869,134.9824446989057,0.20224719101123595
2020-07-01,Kendall,Violent Crime,1113,188,131869,844.0194435386635,0.16891284815813118
2020-07-01,Kendall,Property Crime,2564,384,131869,1944.3538663370466,0.1497659906396256
2020-07-01,Kendall,Burglary,785,158,131869,595.2877476889944,0.20127388535031848
2020-07-01,Kendall,Larceny-Theft,1885,519,131869,1429.4489227945917,0.2753315649867374
2020-07-01,Kendall,Motor Vehicle Theft,590,123,131869,447.4137211930022,0.20847457627118643
2020-07-01,Kendall,Aggravated Assault,920,213,131869,697.6620737246814,0.23152173913043478
2020-07-01,Kendall,Robbery,411,97,131869,311.67294815309134,0.2360097323600973
2020-07-01,Kendall,Rape,203,60,131869,153.94065322403293,0.2955665024630542
2020-08-01,Kendall,Violent Crime,1116,364,131869,846.2944285616787,0.32616487455197135
2020-08-01,Kendall,Property Crime,2536,394,131869,1923.1206727889041,0.1553627760252366
2020-08-01,Kendall,Burglary,714,223,131869,541.4464354776331,0.3123249299719888
2020-08-01,Kendall,Larceny-Theft,1763,549,131869,1336.932865191971,0.31140102098695405
2020-08-01,Kendall,Motor Vehicle Theft,578,91,131869,438.3137811009411,0.157439446366782
2020-08-01,Kendall,Aggravated Assault,951,232,131869,721.1702522958391,0.24395373291272346
2020-08-01,Kendall,Robbery,356,130,131869,269.9648893978114,0.3651685393258427
2020-08-01,Kendall,Rape,172,62,131869,130.4324746528752,0.36046511627906974
2020-09-01,Kendall,Violent Crime,1002,183,131869,759.8449976870985,0.18263473053892215
2020-09-01,Kendall,Property Crime,2455,935,131869,1861.696077167492,0.38085539714867617
2020-09-01,Kendall,Burglary,694,157,131869,526.2798686575313,0.22622478386167147
2020-09-01,Kendall,Larceny-Theft,1699,648,131869,1288.3998513676452,0.38140082401412595
2020-09-01,Kendall,Motor Vehicle Theft,502,195,131869,380.68082718455435,0.3884462151394422
2020-09-01,Kendall,Aggravated Assault,816,208,131869,618.7959262601521,0.2549019607843137
2020-09-01,Kendall,Robbery,353,82,131869,267.6899043747962,0.23229461756373937
2020-09-01,Kendall,Rape,183,73,131869,138.7740864039312,0.3989071038251366
2020-10-01,Kendall,Violent Crime,953,158,131869,722.6869089778493,0.1657922350472193
2020-10-01,Kendall,Property Crime,2187,386,131869,1658.464081778128,0.17649748513946045
2020-10-01,Kendall,Burglary,628,128,131869,476.2301981511955,0.20382165605095542
2020-10-01,Kendall,Larceny-Theft,1548,439,131869,1173.8922718758768,0.2835917312661499
2020-10-01,Kendall,Motor Vehicle Theft,483,163,131869,366.2725887054577,0.33747412008281574
2020-10-01,Kendall,Aggravated Assault,810,243,131869,614.2459562141216,0.3
2020-10-01,Kendall,Robbery,275,46,131869,208.5402937763993,0.16727272727272727
2020-10-01,Kendall,Rape,167,32,131869,126.64083294784976,0.19161676646706588
2020-11-01,Kendall,Violent Crime,880,221,131869,667.3289400844778,0.25113636363636366
2020-11-01,Kendall,Property Crime,2066,500,131869,1566.7063525165124,0.2420135527589545
2020-11-01,Kendall,Burglary,595,141,131869,451.2053628980276,0.23697478991596638
2020-11-01,Kendall,Larceny-Theft,1492,493,131869,1131.425884779592,0.3304289544235925
2020-11-01,Kendall,Motor Vehicle Theft,447,116,131869,338.97276842927454,0.2595078299776286
2020-11-01,Kendall,Aggravated Assault,739,151,131869,560.4046440027604,0.20433017591339647
2020-11-01,Kendall,Robbery,290,45,131869,219.91521889147563,0.15517241379310345
2020-11-01,Kendall,Rape,146,57,131869,110.71593778674291,0.3904109589041096
2020-12-01,Kendall,Violent Crime,907,251,131869,687.8038052916152,0.27673649393605293
2020-12-01,Kendall,Property Crime,1928,662,131869,1462.0570414578103,0.3433609958506224
2020-12-01,Kendall,Burglary,546,210,131869,414.0472741887782,0.38461538461538464
2020-12-01,Kendall,Larceny-Theft,1485,543,131869,1126.1175863925564,0.3656565656565657
2020-12-01,Kendall,Motor Vehicle Theft,449,125,131869,340.4894251112847,0.27839643652561247
2020-12-01,Kendall,Aggravated Assault,718,257,131869,544.4797488416535,0.3579387186629526
2020-12-01,Kendall,Robbery,287,62,131869,217.64023386846037,0.21602787456445993
2020-12-01,Kendall,Rape,134,41,131869,101.61599769468184,0.30597014925373134
2021-01-01,Kendall,Violent Crime,893,279,131869,677.1872085175439,0.3124300111982083
2021-01-01,Kendall,Property Crime,2106,809,131869,1597.039486156716,0.3841405508072175
2021-01-01,Kendall,Burglary,604,151,131869,458.0303179670734,0.25
2021-01-01,Kendall,Larceny-Theft,1527,574,131869,1157.96737671477,0.3759004584151932
2021-01-01,Kendall,Motor Vehicle Theft,467,88,131869,354.1393352493763,0.18843683083511778
2021-01-01,Kendall,Aggravated Assault,726,151,131869,550.5463755696942,0.20798898071625344
2021-01-01,Kendall,Robbery,295,88,131869,223.7068605965011,0.2983050847457627
2021-01-01,Kendall,Rape,172,59,131869,130.4324746528752,0.3430232558139535
2021-02-01,Kendall,Violent Crime,951,205,131869,721.1702522958391,0.21556256572029442
2021-02-01,Kendall,Property Crime,2159,698,131869,1637.2308882299856,0.3232978230662344
2021-02-01,Kendall,Burglary,642,156,131869,486.84679492526675,0.24299065420560748
2021-02-01,Kendall,Larceny-Theft,1579,416,131869,1197.4004504470345,0.2634578847371754
2021-02-01,Kendall,Motor Vehicle Theft,469,144,131869,355.65599193138644,0.3070362473347548
2021-02-01,Kendall,Aggravated Assault,825,253,131869,625.6208813291979,0.30666666666666664
2021-02-01,Kendall,Robbery,281,82,131869,213.09026382242985,0.2918149466192171
2021-02-01,Kendall,Rape,153,43,131869,116.02423617377852,0.28104575163398693
2021-03-01,Kendall,Violent Crime,982,310,131869,744.6784308669968,0.31568228105906315
2021-03-01,Kendall,Property Crime,2352,831,131869,1783.588258043968,0.35331632653061223
2021-03-01,Kendall,Burglary,682,194,131869,517.1799285654703,0.2844574780058651
2021-03-01,Kendall,Larceny-Theft,1696,340,131869,1286.12486634463,0.20047169811320756
2021-03-01,Kendall,Motor Vehicle Theft,545,174,131869,413.2889458477731,0.3192660550458716
2021-03-01,Kendall,Aggravated Assault,916,155,131869,694.628760360661,0.16921397379912664
2021-03-01,Kendall,Robbery,344,118,131869,260.8649493057504,0.3430232558139535
2021-03-01,Kendall,Rape,146,32,131869,110.71593778674291,0.2191780821917808
2021-04-01,Kendall,Violent Crime,1152,431,131869,873.5942488378619,0.3741319444444444
2021-04-01,Kendall,Property Crime,2529,978,131869,1917.8123744018685,0.3867141162514828
2021-04-01,Kendall,Burglary,705,174,131869,534.6214804085872,0.24680851063829787
2021-04-01,Kendall,Larceny-Theft,1864,483,131869,1413.5240276334848,0.25912017167381973
2021-04-01,Kendall,Motor Vehicle Theft,562,92,131869,426.1805276448597,0.16370106761565836
2021-04-01,Kendall,Aggravated Assault,932,142,131869,706.7620138167424,0.15236051502145923
2021-04-01,Kendall,Robbery,372,66,131869,282.0981428538929,0.1774193548387097
2021-04-01,Kendall,Rape,186,31,131869,141.04907142694645,0.16666666666666666
2021-05-01,Kendall,Violent Crime,1184,425,131869,897.8607557500247,0.3589527027027027
2021-05-01,Kendall,Property Crime,2713,756,131869,2057.3447891468045,0.27865831183192036
2021-05-01,Kendall,Burglary,848,233,131869,643.062433172315,0.27476415094339623
2021-05-01,Kendall,Larceny-Theft,1937,311,131869,1468.8819965268563,0.160557563242127
2021-05-01,Kendall,Motor Vehicle Theft,533,212,131869,404.18900575571206,0.3977485928705441
2021-05-01,Kendall,Aggravated Assault,898,140,131869,680.9788502225693,0.155902004454343
2021-05-01,Kendall,Robbery,359,89,131869,272.23987442082677,0.2479108635097493
2021-05-01,Kendall,Rape,220,60,131869,166.83223502111946,0.2727272727272727
2021-06-01,Kendall,Violent Crime,1146,429,131869,869.0442787918314,0.3743455497382199
2021-06-01,Kendall,Property Crime,2648,483,131869,2008.053446981474,0.18240181268882175
2021-06-01,Kendall,Burglary,747,257,131869,566.471270730801,0.34404283801874164
2021-06-01,Kendall,Larceny-Theft,1879,357,131869,1424.898952748561,0.18999467802022352
2021-06-01,Kendall,Motor Vehicle Theft,625,100,131869,473.9552131281802,0.16
2021-06-01,Kendall,Aggravated Assault,985,247,131869,746.953415890012,0.25076142131979695
2021-06-01,Kendall,Robbery,364,109,131869,276.0315161258522,0.29945054945054944
2021-06-01,Kendall,Rape,190,56,131869,144.08238479096678,0.29473684210526313
2021-07-01,Kendall,Violent Crime,1182,184,131869,896.3440990680145,0.155668358714044
2021-07-01,Kendall,Property Crime,2643,1049,131869,2004.2618052764485,0.39689746500189177
2021-07-01,Kendall,Burglary,713,179,131869,540.688107136628,0.25105189340813466
2021-07-01,Kendall,Larceny-Theft,1997,687,131869,1514.3816969871614,0.3440160240360541
2021-07-01,Kendall,Motor Vehicle Theft,569,158,131869,431.4888260318953,0.27768014059753954
2021-07-01,Kendall,Aggravated Assault,908,335,131869,688.5621336326203,0.368942731277533
2021-07-01,Kendall,Robbery,350,124,131869,265.4149193517809,0.35428571428571426
2021-07-01,Kendall,Rape,183,59,131869,138.7740864039312,0.3224043715846995
2021-08-01,Kendall,Violent Crime,1116,191,131869,846.2944285616787,0.17114695340501793
2021-08-01,Kendall,Property Crime,2485,965,131869,1884.4459273976447,0.38832997987927564
2021-08-01,Kendall,Burglary,728,279,131869,552.0630322517044,0.38324175824175827
2021-08-01,Kendall,Larceny-Theft,1894,709,131869,1436.2738778636374,0.3743400211193242
2021-08-01,Kendall,Motor Vehicle Theft,573,89,131869,434.5221393959157,0.15532286212914484
2021-08-01,Kendall,Aggravated Assault,875,136,131869,663.5372983794524,0.15542857142857142
2021-08-01,Kendall,Robbery,339,107,131869,257.07330760072495,0.31563421828908556
2021-08-01,Kendall,Rape,175,47,131869,132.70745967589045,0.26857142857142857
2021-09-01,Kendall,Violent Crime,981,230,131869,743.9201025259916,0.2344546381243629
2021-09-01,Kendall,Property Crime,2409,662,131869,1826.812973481258,0.27480282274802825
2021-09-01,Kendall,Burglary,707,278,131869,536.1381370905974,0.3932107496463932
2021-09-01,Kendall,Larceny-Theft,1624,615,131869,1231.5252257922634,0.3786945812807882
2021-09-01,Kendall,Motor Vehicle Theft,559,103,131869,423.90554262184446,0.18425760286225404
2021-09-01,Kendall,Aggravated Assault,870,236,131869,659.7456566744269,0.271264367816092
2021-09-01,Kendall,Robbery,357,70,131869,270.7232177388166,0.19607843137254902
2021-09-01,Kendall,Rape,169,51,131869,128.15748962985992,0.30177514792899407
2021-10-01,Kendall,Violent Crime,964,190,131869,731.0285207289052,0.1970954356846473
2021-10-01,Kendall,Property Crime,2167,476,131869,1643.2975149580263,0.21965851407475773
2021-10-01,Kendall,Burglary,632,210,131869,479.26351151521584,0.3322784810126582
2021-10-01,Kendall,Larceny-Theft,1529,486,131869,1159.4840333967802,0.31785480706344016
2021-10-01,Kendall,Motor Vehicle Theft,481,89,131869,364.7559320234475,0.18503118503118504
2021-10-01,Kendall,Aggravated Assault,718,279,131869,544.4797488416535,0.38857938718662954
2021-10-01,Kendall,Robbery,327,126,131869,247.9733675086639,0.3853211009174312
2021-10-01,Kendall,Rape,162,35,131869,122.84919124282432,0.21604938271604937
2021-11-01,Kendall,Violent Crime,895,224,131869,678.7038651995541,0.25027932960893856
2021-11-01,Kendall,Property Crime,1937,326,131869,1468.8819965268563,0.16830149716055756
2021-11-01,Kendall,Burglary,584,142,131869,442.86375114697165,0.24315068493150685
2021-11-01,Kendall,Larceny-Theft,1521,421,131869,1153.4174066687394,0.2767915844838922
2021-11-01,Kendall,Motor Vehicle Theft,427,69,131869,323.8062016091727,0.16159250585480095
2021-11-01,Kendall,Aggravated Assault,755,196,131869,572.5378974588417,0.2596026490066225
2021-11-01,Kendall,Robbery,282,103,131869,213.84859216343494,0.36524822695035464
2021-11-01,Kendall,Rape,141,21,131869,106.92429608171747,0.14893617021276595
2021-12-01,Kendall,Violent Crime,929,233,131869,704.4870287937271,0.25080731969860065
2021-12-01,Kendall,Property Crime,2095,610,131869,1588.69787440566,0.2911694510739857
2021-12-01,Kendall,Burglary,553,209,131869,419.3555725758138,0.3779385171790235
2021-12-01,Kendall,Larceny-Theft,1451,228,131869,1100.3344227983832,0.1571330117160579
2021-12-01,Kendall,Motor Vehicle Theft,423,67,131869,320.7728882451524,0.15839243498817968
2021-12-01,Kendall,Aggravated Assault,731,252,131869,554.3380172747196,0.3447332421340629
2021-12-01,Kendall,Robbery,290,113,131869,219.91521889147563,0.3896551724137931
2021-12-01,Kendall,Rape,131,30,131869,99.34101267166658,0.22900763358778625
2022-01-01,Kendall,Violent Crime,890,153,131869,674.9122234945287,0.17191011235955056
2022-01-01,Kendall,Property Crime,2092,716,131869,1586.4228893826448,0.3422562141491396
2022-01-01,Kendall,Burglary,553,172,131869,419.3555725758138,0.31103074141048825
2022-01-01,Kendall,Larceny-Theft,1431,235,131869,1085.1678559782815,0.1642208245981831
2022-01-01,Kendall,Motor Vehicle Theft,433,148,131869,328.35617165520324,0.3418013856812933
2022-01-01,Kendall,Aggravated Assault,751,245,131869,569.5045840948214,0.3262316910785619
2022-01-01,Kendall,Robbery,297,96,131869,225.22351727851125,0.32323232323232326
2022-01-01,Kendall,Rape,151,56,131869,114.50757949176835,0.3708609271523179
2022-02-01,Kendall,Violent Crime,925,184,131869,701.4537154297068,0.1989189189189189
2022-02-01,Kendall,Property Crime,2134,760,131869,1618.2726797048585,0.3561387066541706
2022-02-01,Kendall,Burglary,640,222,131869,485.33013824325656,0.346875
2022-02-01,Kendall,Larceny-Theft,1573,378,131869,1192.850480401004,0.2403051493960585
2022-02-01,Kendall,Motor Vehicle Theft,499,86,131869,378.4058421615391,0.17234468937875752
2022-02-01,Kendall,Aggravated Assault,770,242,131869,583.9128225739181,0.3142857142857143
2022-02-01,Kendall,Robbery,297,93,131869,225.22351727851125,0.31313131313131315
2022-02-01,Kendall,Rape,164,59,131869,124.3658479248345,0.3597560975609756
2022-03-01,Kendall,Violent Crime,1027,337,131869,778.8032062122257,0.3281402142161636
2022-03-01,Kendall,Property Crime,2368,800,131869,1795.7215115000495,0.33783783783783783
2022-03-01,Kendall,Burglary,706,113,131869,535.3798087495924,0.16005665722379603
2022-03-01,Kendall,Larceny-Theft,1680,585,131869,1273.9916128885484,0.3482142857142857
2022-03-01,Kendall,Motor Vehicle Theft,513,179,131869,389.0224389356103,0.3489278752436647
2022-03-01,Kendall,Aggravated Assault,852,237,131869,646.0957465363352,0.27816901408450706
2022-03-01,Kendall,Robbery,365,78,131869,276.7898444668573,0.2136986301369863
2022-03-01,Kendall,Rape,153,38,131869,116.02423617377852,0.24836601307189543
2022-04-01,Kendall,Violent Crime,1082,413,131869,820.5112649675056,0.38170055452865065
2022-04-01,Kendall,Property Crime,2632,403,131869,1995.9201935253925,0.15311550151975684
2022-04-01,Kendall,Burglary,723,128,131869,548.271390546679,0.17704011065006917
2022-04-01,Kendall,Larceny-Theft,1832,447,131869,1389.257520721322,0.24399563318777293
2022-04-01,Kendall,Motor Vehicle Theft,538,204,131869,407.98064746073754,0.379182156133829
2022-04-01,Kendall,Aggravated Assault,844,182,131869,640.0291198082946,0.2156398104265403
2022-04-01,Kendall,Robbery,394,99,131869,298.7813663560048,0.2512690355329949
2022-04-01,Kendall,Rape,179,36,131869,135.74077303991083,0.2011173184357542
2022-05-01,Kendall,Violent Crime,1167,453,131869,884.9691739529381,0.38817480719794345
2022-05-01,Kendall,Property Crime,2703,698,131869,2049.761505736754,0.2582315945246023
2022-05-01,Kendall,Burglary,756,227,131869,573.2962257998469,0.3002645502645503
2022-05-01,Kendall,Larceny-Theft,2026,751,131869,1536.373218876309,0.3706811451135242
2022-05-01,Kendall,Motor Vehicle Theft,548,130,131869,415.5639308707884,0.23722627737226276
2022-05-01,Kendall,Aggravated Assault,950,313,131869,720.4119239548339,0.3294736842105263
2022-05-01,Kendall,Robbery,397,111,131869,301.0563513790201,0.2795969773299748
2022-05-01,Kendall,Rape,186,53,131869,141.04907142694645,0.2849462365591398
2022-06-01,Kendall,Violent Crime,1194,249,131869,905.4440391600756,0.20854271356783918
2022-06-01,Kendall,Property Crime,2781,915,131869,2108.911116335151,0.3290183387270766
2022-06-01,Kendall,Burglary,740,208,131869,561.1629723437654,0.2810810810810811
2022-06-01,Kendall,Larceny-Theft,1947,309,131869,1476.465279936907,0.15870570107858242
2022-06-01,Kendall,Motor Vehicle Theft,566,204,131869,429.2138410088801,0.36042402826855124
2022-06-01,Kendall,Aggravated Assault,967,270,131869,733.3035057519205,0.2792140641158221
2022-06-01,Kendall,Robbery,398,146,131869,301.8146797200252,0.36683417085427134
2022-06-01,Kendall,Rape,196,40,131869,148.63235483699734,0.20408163265306123
2022-07-01,Kendall,Violent Crime,1148,235,131869,870.5609354738415,0.20470383275261325
2022-07-01,Kendall,Property Crime,2694,1000,131869,2042.936550667708,0.3711952487008166
2022-07-01,Kendall,Burglary,794,304,131869,602.1127027580402,0.38287153652392947
2022-07-01,Kendall,Larceny-Theft,1897,672,131869,1438.5488628866526,0.35424354243542433
2022-07-01,Kendall,Motor Vehicle Theft,552,170,131869,418.5972442348087,0.3079710144927536
2022-07-01,Kendall,Aggravated Assault,982,165,131869,744.6784308669968,0.1680244399185336
2022-07-01,Kendall,Robbery,379,58,131869,287.40644124092853,0.15303430079155672
2022-07-01,Kendall,Rape,181,68,131869,137.257429721921,0.3756906077348066
2022-08-01,Kendall,Violent Crime,1044,338,131869,791.6947880093122,0.32375478927203066
2022-08-01,Kendall,Property Crime,2525,830,131869,1914.7790610378481,0.3287128712871287
2022-08-01,Kendall,Burglary,761,256,131869,577.0878675048723,0.3363994743758213
2022-08-01,Kendall,Larceny-Theft,1802,354,131869,1366.5076704911694,0.19644839067702552
2022-08-01,Kendall,Motor Vehicle Theft,539,118,131869,408.7389758017426,0.2189239332096475
2022-08-01,Kendall,Aggravated Assault,927,156,131869,702.970372111717,0.16828478964401294
2022-08-01,Kendall,Robbery,353,81,131869,267.6899043747962,0.22946175637393768
2022-08-01,Kendall,Rape,179,27,131869,135.74077303991083,0.15083798882681565
2022-09-01,Kendall,Violent Crime,999,181,131869,757.5700126640833,0.18118118118118118
2022-09-01,Kendall,Property Crime,2505,705,131869,1899.6124942177464,0.281437125748503
2022-09-01,Kendall,Burglary,698,146,131869,529.3131820215517,0.20916905444126074
2022-09-01,Kendall,Larceny-Theft,1745,424,131869,1323.2829550538793,0.24297994269340975
2022-09-01,Kendall,Motor Vehicle Theft,502,112,131869,380.68082718455435,0.22310756972111553
2022-09-01,Kendall,Aggravated Assault,810,199,131869,614.2459562141216,0.24567901234567902
2022-09-01,Kendall,Robbery,299,100,131869,226.74017396052145,0.33444816053511706
2022-09-01,Kendall,Rape,170,44,131869,128.91581797086502,0.25882352941176473
2022-10-01,Kendall,Violent Crime,963,158,131869,730.2701923879001,0.1640706126687435
2022-10-01,Kendall,Property Crime,2184,837,131869,1656.1890967551128,0.38324175824175827
2022-10-01,Kendall,Burglary,635,207,131869,481.53849653823113,0.32598425196850395
2022-10-01,Kendall,Larceny-Theft,1558,326,131869,1181.4755552859276,0.2092426187419769
2022-10-01,Kendall,Motor Vehicle Theft,481,104,131869,364.7559320234475,0.21621621621621623
2022-10-01,Kendall,Aggravated Assault,760,243,131869,576.3295391638671,0.31973684210526315
2022-10-01,Kendall,Robbery,333,103,131869,252.52333755469442,0.30930930930930933
2022-10-01,Kendall,Rape,178,34,131869,134.9824446989057,0.19101123595505617
2022-11-01,Kendall,Violent Crime,880,223,131869,667.3289400844778,0.2534090909090909
2022-11-01,Kendall,Property Crime,2029,562,131869,1538.6482038993242,0.2769837358304584
2022-11-01,Kendall,Burglary,636,102,131869,482.2968248792362,0.16037735849056603
2022-11-01,Kendall,Larceny-Theft,1503,317,131869,1139.7674965306478,0.2109115103127079
2022-11-01,Kendall,Motor Vehicle Theft,433,153,131869,328.35617165520324,0.3533487297921478
2022-11-01,Kendall,Aggravated Assault,746,169,131869,565.712942389796,0.22654155495978553
2022-11-01,Kendall,Robbery,273,84,131869,207.0236370943891,0.3076923076923077
2022-11-01,Kendall,Rape,146,51,131869,110.71593778674291,0.3493150684931507
2022-12-01,Kendall,Violent Crime,835,226,131869,633.2041647392488,0.27065868263473053
2022-12-01,Kendall,Property Crime,1978,567,131869,1499.9734585080648,0.2866531850353893
2022-12-01,Kendall,Burglary,587,139,131869,445.1387361699869,0.23679727427597955
2022-12-01,Kendall,Larceny-Theft,1454,528,131869,1102.6094078213987,0.3631361760660248
2022-12-01,Kendall,Motor Vehicle Theft,404,123,131869,306.3646497660557,0.30445544554455445
2022-12-01,Kendall,Aggravated Assault,715,251,131869,542.2047638186382,0.35104895104895106
2022-12-01,Kendall,Robbery,257,41,131869,194.8903836383077,0.15953307392996108
2022-12-01,Kendall,Rape,133,47,131869,100.85766935367674,0.3533834586466165
2023-01-01,Kendall,Violent Crime,854,272,131869,647.6124032183454,0.3185011709601874
2023-01-01,Kendall,Property Crime,2048,534,131869,1553.056442378421,0.2607421875
2023-01-01,Kendall,Burglary,560,163,131869,424.66387096284956,0.2910714285714286
2023-01-01,Kendall,Larceny-Theft,1532,260,131869,1161.7590184197954,0.16971279373368145
2023-01-01,Kendall,Motor Vehicle Theft,424,151,131869,321.5312165861575,0.3561320754716981
2023-01-01,Kendall,Aggravated Assault,774,136,131869,586.9461359379384,0.17571059431524547
2023-01-01,Kendall,Robbery,274,104,131869,207.7819654353942,0.3795620437956204
2023-01-01,Kendall,Rape,136,31,131869,103.13265437669202,0.22794117647058823
2023-02-01,Kendall,Violent Crime,943,238,131869,715.1036255677983,0.2523860021208908
2023-02-01,Kendall,Property Crime,2181,747,131869,1653.9141117320976,0.3425034387895461
2023-02-01,Kendall,Burglary,644,148,131869,488.3634516072769,0.22981366459627328
2023-02-01,Kendall,Larceny-Theft,1587,410,131869,1203.4670771750752,0.258349086326402
2023-02-01,Kendall,Motor Vehicle Theft,495,121,131869,375.3725287975187,0.24444444444444444
2023-02-01,Kendall,Aggravated Assault,755,222,131869,572.5378974588417,0.29403973509933773
2023-02-01,Kendall,Robbery,286,73,131869,216.8819055274553,0.25524475524475526
2023-02-01,Kendall,Rape,161,26,131869,122.09086290181922,0.16149068322981366
2023-03-01,Kendall,Violent Crime,1025,281,131869,777.2865495302156,0.27414634146341466
2023-03-01,Kendall,Property Crime,2393,477,131869,1814.6797200251765,0.19933138320100294
2023-03-01,Kendall,Burglary,640,227,131869,485.33013824325656,0.3546875
2023-03-01,Kendall,Larceny-Theft,1749,626,131869,1326.3162684178997,0.35791881074899945
2023-03-01,Kendall,Motor Vehicle Theft,523,178,131869,396.6057223456612,0.3403441682600382
2023-03-01,Kendall,Aggravated Assault,820,203,131869,621.8292396241725,0.2475609756097561
2023-03-01,Kendall,Robbery,330,63,131869,250.24835253167916,0.19090909090909092
2023-03-01,Kendall,Rape,162,43,131869,122.84919124282432,0.2654320987654321
2023-04-01,Kendall,Violent Crime,1124,399,131869,852.3610552897194,0.35498220640569395
2023-04-01,Kendall,Property Crime,2547,565,131869,1931.4622845399601,0.22182960345504515
2023-04-01,Kendall,Burglary,674,210,131869,511.11330183742956,0.3115727002967359
2023-04-01,Kendall,Larceny-Theft,1869,353,131869,1417.3156693385101,0.18887105403959337
2023-04-01,Kendall,Motor Vehicle Theft,576,202,131869,436.79712441893093,0.3506944444444444
2023-04-01,Kendall,Aggravated Assault,939,158,131869,712.070312203778,0.16826411075612355
2023-04-01,Kendall,Robbery,345,72,131869,261.62327764675547,0.20869565217391303
2023-04-01,Kendall,Rape,181,66,131869,137.257429721921,0.36464088397790057
2023-05-01,Kendall,Violent Crime,1175,276,131869,891.0358006809789,0.2348936170212766
2023-05-01,Kendall,Property Crime,2717,951,131869,2060.378102510825,0.3500184026499816
2023-05-01,Kendall,Burglary,814,265,131869,617.2792695781419,0.32555282555282555
2023-05-01,Kendall,Larceny-Theft,1869,290,131869,1417.3156693385101,0.15516318887105404
2023-05-01,Kendall,Motor Vehicle Theft,548,179,131869,415.5639308707884,0.3266423357664234
2023-05-01,Kendall,Aggravated Assault,973,310,131869,737.853475797951,0.3186022610483042
2023-05-01,Kendall,Robbery,412,133,131869,312.4312764940964,0.32281553398058255
2023-05-01,Kendall,Rape,195,37,131869,147.87402649599224,0.18974358974358974
2023-06-01,Kendall,Violent Crime,1209,367,131869,916.8189642751519,0.30355665839536805
2023-06-01,Kendall,Property Crime,2728,632,131869,2068.719714261881,0.2316715542521994
2023-06-01,Kendall,Burglary,776,296,131869,588.4627926199486,0.38144329896907214
2023-06-01,Kendall,Larceny-Theft,1891,457,131869,1433.9988928406221,0.24167107350608144
2023-06-01,Kendall,Motor Vehicle Theft,587,169,131869,445.1387361699869,0.2879045996592845
2023-06-01,Kendall,Aggravated Assault,951,365,131869,721.1702522958391,0.38380651945320715
2023-06-01,Kendall,Robbery,409,91,131869,310.15629147108115,0.22249388753056235
2023-06-01,Kendall,Rape,169,29,131869,128.15748962985992,0.17159763313609466
2023-07-01,Kendall,Violent Crime,1152,389,131869,873.5942488378619,0.3376736111111111
2023-07-01,Kendall,Property Crime,2583,573,131869,1958.7621048161432,0.2218350754936121
2023-07-01,Kendall,Burglary,727,163,131869,551.3047039106993,0.22420907840440166
2023-07-01,Kendall,Larceny-Theft,1938,511,131869,1469.6403248678612,0.26367389060887514
2023-07-01,Kendall,Motor Vehicle Theft,594,222,131869,450.4470345570225,0.37373737373737376
2023-07-01,Kendall,Aggravated Assault,924,163,131869,700.6953870887016,0.1764069264069264
2023-07-01,Kendall,Robbery,373,148,131869,282.856471194898,0.3967828418230563
2023-07-01,Kendall,Rape,205,60,131869,155.45730990604312,0.2926829268292683
2023-08-01,Kendall,Violent Crime,1108,370,131869,840.2278018336378,0.33393501805054154
2023-08-01,Kendall,Property Crime,2569,864,131869,1948.1455080420722,0.33631763332035813
2023-08-01,Kendall,Burglary,696,224,131869,527.7965253395415,0.3218390804597701
2023-08-01,Kendall,Larceny-Theft,1878,741,131869,1424.140624407556,0.39456869009584666
2023-08-01,Kendall,Motor Vehicle Theft,527,128,131869,399.63903570968154,0.2428842504743833
2023-08-01,Kendall,Aggravated Assault,970,259,131869,735.5784907749357,0.2670103092783505
2023-08-01,Kendall,Robbery,346,126,131869,262.38160598776057,0.36416184971098264
2023-08-01,Kendall,Rape,175,66,131869,132.70745967589045,0.37714285714285717
2023-09-01,Kendall,Violent Crime,962,205,131869,729.511864046895,0.2130977130977131
2023-09-01,Kendall,Property Crime,2329,760,131869,1766.146706200851,0.32632030914555604
2023-09-01,Kendall,Burglary,672,253,131869,509.59664515541937,0.37648809523809523
2023-09-01,Kendall,Larceny-Theft,1729,474,131869,1311.1497015977977,0.2741469057258531
2023-09-01,Kendall,Motor Vehicle Theft,511,103,131869,387.50578225360016,0.20156555772994128
2023-09-01,Kendall,Aggravated Assault,875,258,131869,663.5372983794524,0.2948571428571429
2023-09-01,Kendall,Robbery,327,66,131869,247.9733675086639,0.2018348623853211
2023-09-01,Kendall,Rape,175,26,131869,132.70745967589045,0.14857142857142858
2023-10-01,Kendall,Violent Crime,912,229,131869,691.5954469966406,0.25109649122807015
2023-10-01,Kendall,Property Crime,2223,627,131869,1685.7639020543118,0.28205128205128205
2023-10-01,Kendall,Burglary,652,248,131869,494.4300783353176,0.3803680981595092
2023-10-01,Kendall,Larceny-Theft,1537,578,131869,1165.550660124821,0.3760572543916721
2023-10-01,Kendall,Motor Vehicle Theft,465,180,131869,352.6226785673661,0.3870967741935484
2023-10-01,Kendall,Aggravated Assault,797,277,131869,604.3876877810554,0.3475533249686324
2023-10-01,Kendall,Robbery,304,86,131869,230.53181566554687,0.28289473684210525
2023-10-01,Kendall,Rape,160,42,131869,121.33253456081414,0.2625
2023-11-01,Kendall,Violent Crime,918,269,131869,696.1454170426712,0.29302832244008714
2023-11-01,Kendall,Property Crime,2029,739,131869,1538.6482038993242,0.3642188270083785
2023-11-01,Kendall,Burglary,570,125,131869,432.2471543729004,0.21929824561403508
2023-11-01,Kendall,Larceny-Theft,1369,460,131869,1038.1514988359659,0.3360116873630387
2023-11-01,Kendall,Motor Vehicle Theft,428,139,131869,324.5645299501778,0.3247663551401869
2023-11-01,Kendall,Aggravated Assault,727,182,131869,551.3047039106993,0.25034387895460797
2023-11-01,Kendall,Robbery,333,65,131869,252.52333755469442,0.19519519519519518
2023-11-01,Kendall,Rape,143,46,131869,108.44095276372765,0.32167832167832167
2023-12-01,Kendall,Violent Crime,919,204,131869,696.9037453836762,0.2219804134929271
2023-12-01,Kendall,Property Crime,2017,764,131869,1529.5482638072633,0.3787803668815072
2023-12-01,Kendall,Burglary,566,212,131869,429.2138410088801,0.3745583038869258
2023-12-01,Kendall,Larceny-Theft,1429,537,131869,1083.6511992962714,0.37578726382085376
2023-12-01,Kendall,Motor Vehicle Theft,454,104,131869,344.28106681631016,0.2290748898678414
2023-12-01,Kendall,Aggravated Assault,711,284,131869,539.1714504546178,0.39943741209563993
2023-12-01,Kendall,Robbery,303,46,131869,229.77348732454178,0.15181518151815182
2023-12-01,Kendall,Rape,152,46,131869,115.26590783277344,0.3026315789473684
2024-01-01,Kendall,Violent Crime,897,346,131869,680.2205218815643,0.3857302118171683
2024-01-01,Kendall,Property Crime,2059,656,131869,1561.3980541294768,0.3186012627489072
2024-01-01,Kendall,Burglary,567,188,131869,429.9721693498852,0.3315696649029982
2024-01-01,Kendall,Larceny-Theft,1448,306,131869,1098.059437775368,0.21132596685082872
2024-01-01,Kendall,Motor Vehicle Theft,449,104,131869,340.4894251112847,0.23162583518930957
2024-01-01,Kendall,Aggravated Assault,748,129,131869,567.2295990718061,0.17245989304812834
2024-01-01,Kendall,Robbery,307,55,131869,232.80680068856213,0.1791530944625407
2024-01-01,Kendall,Rape,149,52,131869,112.99092280975817,0.348993288590604
2024-02-01,Kendall,Violent Crime,867,242,131869,657.4706716514116,0.279123414071511
2024-02-01,Kendall,Property Crime,2214,475,131869,1678.9389469852656,0.2145438121047877
2024-02-01,Kendall,Burglary,629,176,131869,476.9885264922006,0.27980922098569155
2024-02-01,Kendall,Larceny-Theft,1499,257,131869,1136.7341831666276,0.171447631754503
2024-02-01,Kendall,Motor Vehicle Theft,480,150,131869,363.99760368244245,0.3125
2024-02-01,Kendall,Aggravated Assault,761,135,131869,577.0878675048723,0.1773981603153745
2024-02-01,Kendall,Robbery,341,109,131869,258.58996428273514,0.3196480938416422
2024-02-01,Kendall,Rape,133,48,131869,100.85766935367674,0.3609022556390977
2024-03-01,Kendall,Violent Crime,977,279,131869,740.8867891619714,0.28556806550665303
2024-03-01,Kendall,Property Crime,2347,689,131869,1779.7966163389426,0.29356625479335324
2024-03-01,Kendall,Burglary,670,190,131869,508.0799884734092,0.2835820895522388
2024-03-01,Kendall,Larceny-Theft,1687,296,131869,1279.299911275584,0.1754593953764078
2024-03-01,Kendall,Motor Vehicle Theft,518,130,131869,392.8140806406358,0.25096525096525096
2024-03-01,Kendall,Aggravated Assault,826,298,131869,626.379209670203,0.36077481840193704
2024-03-01,Kendall,Robbery,331,128,131869,251.00668087268426,0.3867069486404834
2024-03-01,Kendall,Rape,172,37,131869,130.4324746528752,0.21511627906976744
2024-04-01,Kendall,Violent Crime,1160,366,131869,879.6608755659025,0.31551724137931036
2024-04-01,Kendall,Property Crime,2548,836,131869,1932.2206128809653,0.3281004709576138
2024-04-01,Kendall,Burglary,713,183,131869,540.688107136628,0.25666199158485276
2024-04-01,Kendall,Larceny-Theft,1770,414,131869,1342.2411635790065,0.23389830508474577
2024-04-01,Kendall,Motor Vehicle Theft,537,214,131869,407.22231911973245,0.3985102420856611
2024-04-01,Kendall,Aggravated Assault,906,274,131869,687.0454769506101,0.30242825607064017
2024-04-01,Kendall,Robbery,350,56,131869,265.4149193517809,0.16
2024-04-01,Kendall,Rape,180,62,131869,136.49910138091593,0.34444444444444444
2024-05-01,Kendall,Violent Crime,1108,328,131869,840.2278018336378,0.296028880866426
2024-05-01,Kendall,Property Crime,2660,588,131869,2017.153387073535,0.22105263157894736
2024-05-01,Kendall,Burglary,787,144,131869,596.8044043710046,0.18297331639135958
2024-05-01,Kendall,Larceny-Theft,1856,388,131869,1407.457400905444,0.20905172413793102
2024-05-01,Kendall,Motor Vehicle Theft,546,191,131869,414.0472741887782,0.3498168498168498
2024-05-01,Kendall,Aggravated Assault,940,336,131869,712.8286405447831,0.3574468085106383
2024-05-01,Kendall,Robbery,361,140,131869,273.7565311028369,0.3878116343490305
2024-05-01,Kendall,Rape,208,47,131869,157.73229492905838,0.22596153846153846
2024-06-01,Kendall,Violent Crime,1190,248,131869,902.4107257960552,0.20840336134453782
2024-06-01,Kendall,Property Crime,2685,679,131869,2036.1115955986622,0.25288640595903167
2024-06-01,Kendall,Burglary,824,149,131869,624.8625529881928,0.1808252427184466
2024-06-01,Kendall,Larceny-Theft,1914,660,131869,1451.440444683739,0.3448275862068966
2024-06-01,Kendall,Motor Vehicle Theft,594,177,131869,450.4470345570225,0.29797979797979796
2024-06-01,Kendall,Aggravated Assault,929,369,131869,704.4870287937271,0.39720129171151775
2024-06-01,Kendall,Robbery,359,80,131869,272.23987442082677,0.22284122562674094
2024-06-01,Kendall,Rape,197,57,131869,149.3906831780024,0.2893401015228426
2024-07-01,Kendall,Violent Crime,1193,332,131869,904.6857108190704,0.27829002514668905
2024-07-01,Kendall,Property Crime,2652,573,131869,2011.0867603454944,0.2160633484162896
2024-07-01,Kendall,Burglary,728,165,131869,552.0630322517044,0.22664835164835165
2024-07-01,Kendall,Larceny-Theft,1882,348,131869,1427.1739377715764,0.1849096705632306
2024-07-01,Kendall,Motor Vehicle Theft,571,94,131869,433.0054827139055,0.1646234676007005
2024-07-01,Kendall,Aggravated Assault,951,199,131869,721.1702522958391,0.2092534174553102
2024-07-01,Kendall,Robbery,390,119,131869,295.7480529919845,0.30512820512820515
2024-07-01,Kendall,Rape,176,35,131869,133.46578801689554,0.19886363636363635
2024-08-01,Kendall,Violent Crime,1100,255,131869,834.1611751055972,0.2318181818181818
2024-08-01,Kendall,Property Crime,2604,1025,131869,1974.68699997725,0.3936251920122888
2024-08-01,Kendall,Burglary,693,167,131869,525.5215403165262,0.240981240981241
2024-08-01,Kendall,Larceny-Theft,1882,458,131869,1427.1739377715764,0.24335812964930925
2024-08-01,Kendall,Motor Vehicle Theft,557,105,131869,422.38888593983427,0.18850987432675045
2024-08-01,Kendall,Aggravated Assault,910,185,131869,690.0787903146304,0.2032967032967033
2024-08-01,Kendall,Robbery,352,82,131869,266.9315760337911,0.23295454545454544
2024-08-01,Kendall,Rape,181,41,131869,137.257429721921,0.2265193370165746
2024-09-01,Kendall,Violent Crime,961,191,131869,728.7535357058899,0.1987513007284079
2024-09-01,Kendall,Property Crime,2418,649,131869,1833.6379285503037,0.2684036393713813
2024-09-01,Kendall,Burglary,664,239,131869,503.53001842737865,0.35993975903614456
2024-09-01,Kendall,Larceny-Theft,1674,536,131869,1269.441642842518,0.3201911589008363
2024-09-01,Kendall,Motor Vehicle Theft,488,84,131869,370.0642304104831,0.1721311475409836
2024-09-01,Kendall,Aggravated Assault,860,153,131869,652.162373264376,0.17790697674418604
2024-09-01,Kendall,Robbery,348,71,131869,263.89826266977076,0.20402298850574713
2024-09-01,Kendall,Rape,164,28,131869,124.3658479248345,0.17073170731707318
2024-10-01,Kendall,Violent Crime,898,207,131869,680.9788502225693,0.23051224944320714
2024-10-01,Kendall,Property Crime,2215,738,131869,1679.6972753262705,0.3331828442437923
2024-10-01,Kendall,Burglary,646,135,131869,489.8801082892871,0.2089783281733746
2024-10-01,Kendall,Larceny-Theft,1543,287,131869,1170.1006301708514,0.18600129617627997
2024-10-01,Kendall,Motor Vehicle Theft,461,164,131869,349.5893652033458,0.3557483731019523
2024-10-01,Kendall,Aggravated Assault,772,276,131869,585.4294792559283,0.35751295336787564
2024-10-01,Kendall,Robbery,340,53,131869,257.83163594173004,0.15588235294117647
2024-10-01,Kendall,Rape,165,25,131869,125.12417626583958,0.15151515151515152
2024-11-01,Kendall,Violent Crime,896,219,131869,679.4621935405593,0.24441964285714285
2024-11-01,Kendall,Property Crime,2106,672,131869,1597.039486156716,0.3190883190883191
2024-11-01,Kendall,Burglary,593,178,131869,449.6887062160174,0.30016863406408095
2024-11-01,Kendall,Larceny-Theft,1466,581,131869,1111.7093479134596,0.39631650750341063
2024-11-01,Kendall,Motor Vehicle Theft,451,79,131869,342.00608179329487,0.17516629711751663
2024-11-01,Kendall,Aggravated Assault,727,260,131869,551.3047039106993,0.3576341127922971
2024-11-01,Kendall,Robbery,319,62,131869,241.90674078062318,0.19435736677115986
2024-11-01,Kendall,Rape,132,36,131869,100.09934101267166,0.2727272727272727
2024-12-01,Kendall,Violent Crime,884,221,131869,670.3622534484982,0.25
2024-12-01,Kendall,Property Crime,2013,624,131869,1526.514950443243,0.30998509687034276
2024-12-01,Kendall,Burglary,571,214,131869,433.0054827139055,0.37478108581436076
2024-12-01,Kendall,Larceny-Theft,1525,431,131869,1156.4507200327598,0.28262295081967215
2024-12-01,Kendall,Motor Vehicle Theft,414,83,131869,313.9479331761066,0.20048309178743962
2024-12-01,Kendall,Aggravated Assault,702,133,131869,532.346495385572,0.18945868945868946
2024-12-01,Kendall,Robbery,329,101,131869,249.49002419067406,0.3069908814589666
2024-12-01,Kendall,Rape,173,26,131869,131.19080299388028,0.15028901734104047
2020-01-01,DeKalb,Violent Crime,629,104,100420,626.3692491535551,0.16534181240063592
2020-01-01,DeKalb,Property Crime,1462,319,100420,1455.8852818163712,0.21819425444596444
2020-01-01,DeKalb,Burglary,401,95,100420,399.3228440549691,0.23690773067331672
2020-01-01,DeKalb,Larceny-Theft,1109,438,100420,1104.3616809400519,0.39495040577096485
2020-01-01,DeKalb,Motor Vehicle Theft,311,93,100420,309.699263095001,0.2990353697749196
2020-01-01,DeKalb,Aggravated Assault,503,101,100420,500.8962358095997,0.20079522862823063
2020-01-01,DeKalb,Robbery,203,42,100420,202.15096594303927,0.20689655172413793
2020-01-01,DeKalb,Rape,98,16,100420,97.59012148974308,0.16326530612244897
2020-02-01,DeKalb,Violent Crime,637,165,100420,634.3357896833301,0.25902668759811615
2020-02-01,DeKalb,Property Crime,1566,353,100420,1559.4503087034454,0.22541507024265645
2020-02-01,DeKalb,Burglary,441,167,100420,439.15554670384387,0.3786848072562358
2020-02-01,DeKalb,Larceny-Theft,1030,362,100420,1025.692093208524,0.35145631067961164
2020-02-01,DeKalb,Motor Vehicle Theft,354,139,100420,352.51941844254134,0.3926553672316384
2020-02-01,DeKalb,Aggravated Assault,570,150,100420,567.6160127464649,0.2631578947368421
2020-02-01,DeKalb,Robbery,214,47,100420,213.10495917147978,0.21962616822429906
2020-02-01,DeKalb,Rape,114,27,100420,113.52320254929298,0.23684210526315788
2020-03-01,DeKalb,Violent Crime,711,221,100420,708.0262895837483,0.3108298171589311
2020-03-01,DeKalb,Property Crime,1717,509,100420,1709.8187612029476,0.29644729178800233
2020-03-01,DeKalb,Burglary,475,90,100420,473.0133439553873,0.18947368421052632
2020-03-01,DeKalb,Larceny-Theft,1179,439,100420,1174.0689105755825,0.37234944868532655
2020-03-01,DeKalb,Motor Vehicle Theft,365,64,100420,363.4734116709819,0.17534246575342466
2020-03-01,DeKalb,Aggravated Assault,599,179,100420,596.494722166899,0.2988313856427379
2020-03-01,DeKalb,Robbery,256,81,100420,254.92929695279824,0.31640625
2020-03-01,DeKalb,Rape,117,44,100420,116.51065524795857,0.37606837606837606
2020-04-01,DeKalb,Violent Crime,776,189,100420,772.7544313881697,0.24355670103092783
2020-04-01,DeKalb,Property Crime,1764,351,100420,1756.6221868153755,0.1989795918367347
2020-04-01,DeKalb,Burglary,515,88,100420,512.846046604262,0.170873786407767
2020-04-01,DeKalb,Larceny-Theft,1277,321,100420,1271.6590320653256,0.2513703993735317
2020-04-01,DeKalb,Motor Vehicle Theft,356,133,100420,354.51105357498506,0.37359550561797755
2020-04-01,DeKalb,Aggravated Assault,625,245,100420,622.3859788886675,0.392
2020-04-01,DeKalb,Robbery,276,76,100420,274.8456482772356,0.2753623188405797
2020-04-01,DeKalb,Rape,137,46,100420,136.42700657239592,0.3357664233576642
2020-05-01,DeKalb,Violent Crime,813,216,100420,809.5996813383789,0.2656826568265683
2020-05-01,DeKalb,Property Crime,1924,322,100420,1915.9529974108743,0.16735966735966737
2020-05-01,DeKalb,Burglary,517,176,100420,514.8376817367058,0.3404255319148936
2020-05-01,DeKalb,Larceny-Theft,1351,360,100420,1345.3495319657438,0.2664692820133235
2020-05-01,DeKalb,Motor Vehicle Theft,412,156,100420,410.27683728340963,0.3786407766990291
2020-05-01,DeKalb,Aggravated Assault,663,118,100420,660.2270464050986,0.1779788838612368
2020-05-01,DeKalb,Robbery,267,55,100420,265.8832901812388,0.20599250936329588
2020-05-01,DeKalb,Rape,139,24,100420,138.41864170483967,0.17266187050359713
2020-06-01,DeKalb,Violent Crime,833,148,100420,829.5160326628161,0.17767106842737096
2020-06-01,DeKalb,Property Crime,2013,362,100420,2004.5807608046207,0.17983109786388474
2020-06-01,DeKalb,Burglary,532,91,100420,529.7749452300338,0.17105263157894737
2020-06-01,DeKalb,Larceny-Theft,1420,350,100420,1414.0609440350527,0.24647887323943662
2020-06-01,DeKalb,Motor Vehicle Theft,462,88,100420,460.0677155945031,0.19047619047619047
2020-06-01,DeKalb,Aggravated Assault,674,185,100420,671.1810396335391,0.2744807121661721
2020-06-01,DeKalb,Robbery,266,84,100420,264.8874726150169,0.3157894736842105
2020-06-01,DeKalb,Rape,149,30,100420,148.37681736705835,0.20134228187919462
2020-07-01,DeKalb,Violent Crime,777,155,100420,773.7502489543915,0.1994851994851995
2020-07-01,DeKalb,Property Crime,1832,424,100420,1824.3377813184625,0.2314410480349345
2020-07-01,DeKalb,Burglary,563,222,100420,560.6452897829118,0.39431616341030196
2020-07-01,DeKalb,Larceny-Theft,1390,385,100420,1384.1864170483968,0.27697841726618705
2020-07-01,DeKalb,Motor Vehicle Theft,412,113,100420,410.27683728340963,0.27427184466019416
2020-07-01,DeKalb,Aggravated Assault,679,147,100420,676.1601274646486,0.21649484536082475
2020-07-01,DeKalb,Robbery,308,51,100420,306.71181039633535,0.16558441558441558
2020-07-01,DeKalb,Rape,123,36,100420,122.48556064528978,0.2926829268292683
2020-08-01,DeKalb,Violent Crime,801,285,100420,797.6498705437164,0.35580524344569286
2020-08-01,DeKalb,Property Crime,1818,340,100420,1810.3963353913562,0.18701870187018702
2020-08-01,DeKalb,Burglary,523,151,100420,520.812587134037,0.2887189292543021
2020-08-01,DeKalb,Larceny-Theft,1294,204,100420,1288.5879306910974,0.15765069551777433
2020-08-01,DeKalb,Motor Vehicle Theft,369,105,100420,367.45668193586937,0.2845528455284553
2020-08-01,DeKalb,Aggravated Assault,641,114,100420,638.3190599482175,0.17784711388455537
2020-08-01,DeKalb,Robbery,254,77,100420,252.9376618203545,0.3031496062992126
2020-08-01,DeKalb,Rape,129,45,100420,128.460466042621,0.3488372093023256
2020-09-01,DeKalb,Violent Crime,704,213,100420,701.0555666201952,0.3025568181818182
2020-09-01,DeKalb,Property Crime,1671,347,100420,1664.0111531567418,0.20766008378216635
2020-09-01,DeKalb,Burglary,513,150,100420,510.8544114718183,0.29239766081871343
2020-09-01,DeKalb,Larceny-Theft,1201,320,100420,1195.9768970324635,0.2664446294754371
2020-09-01,DeKalb,Motor Vehicle Theft,369,132,100420,367.45668193586937,0.35772357723577236
2020-09-01,DeKalb,Aggravated Assault,617,220,100420,614.4194383588926,0.3565640194489465
2020-09-01,DeKalb,Robbery,240,40,100420,238.99621589324838,0.16666666666666666
2020-09-01,DeKalb,Rape,127,44,100420,126.46883091017725,0.3464566929133858
2020-10-01,DeKalb,Violent Crime,680,117,100420,677.1559450308704,0.17205882352941176
2020-10-01,DeKalb,Property Crime,1542,602,100420,1535.5506871141208,0.39040207522697795
2020-10-01,DeKalb,Burglary,429,125,100420,427.20573590918144,0.2913752913752914
2020-10-01,DeKalb,Larceny-Theft,1146,428,100420,1141.2069308902608,0.37347294938917974
2020-10-01,DeKalb,Motor Vehicle Theft,319,60,100420,317.66580362477595,0.18808777429467086
2020-10-01,DeKalb,Aggravated Assault,583,203,100420,580.5616411073491,0.3481989708404803
2020-10-01,DeKalb,Robbery,224,78,100420,223.06313483369846,0.3482142857142857
2020-10-01,DeKalb,Rape,109,19,100420,108.54411471818364,0.1743119266055046
2020-11-01,DeKalb,Violent Crime,639,239,100420,636.3274248157737,0.37402190923317685
2020-11-01,DeKalb,Property Crime,1434,370,100420,1428.002389962159,0.2580195258019526
2020-11-01,DeKalb,Burglary,412,75,100420,410.27683728340963,0.1820388349514563
2020-11-01,DeKalb,Larceny-Theft,1084,266,100420,1079.466241784505,0.24538745387453875
2020-11-01,DeKalb,Motor Vehicle Theft,333,101,100420,331.6072495518821,0.3033033033033033
2020-11-01,DeKalb,Aggravated Assault,553,134,100420,550.6871141206931,0.2423146473779385
2020-11-01,DeKalb,Robbery,220,79,100420,219.07986456881102,0.35909090909090907
2020-11-01,DeKalb,Rape,106,17,100420,105.55666201951803,0.16037735849056603
2020-12-01,DeKalb,Violent Crime,620,187,100420,617.4068910575583,0.3016129032258065
2020-12-01,DeKalb,Property Crime,1455,504,100420,1448.9145588528181,0.3463917525773196
2020-12-01,DeKalb,Burglary,392,70,100420,390.36048595897233,0.17857142857142858
2020-12-01,DeKalb,Larceny-Theft,1035,181,100420,1030.6711810396334,0.1748792270531401
2020-12-01,DeKalb,Motor Vehicle Theft,328,90,100420,326.62816172077277,0.27439024390243905
2020-12-01,DeKalb,Aggravated Assault,499,195,100420,496.9129655447122,0.3907815631262525
2020-12-01,DeKalb,Robbery,191,32,100420,190.2011551483768,0.16753926701570682
2020-12-01,DeKalb,Rape,93,20,100420,92.61103365863374,0.21505376344086022
2021-01-01,DeKalb,Violent Crime,630,245,100420,627.365066719777,0.3888888888888889
2021-01-01,DeKalb,Property Crime,1426,354,100420,1420.035849432384,0.2482468443197756
2021-01-01,DeKalb,Burglary,414,130,100420,412.2684724158534,0.3140096618357488
2021-01-01,DeKalb,Larceny-Theft,1010,351,100420,1005.7757418840869,0.3475247524752475
2021-01-01,DeKalb,Motor Vehicle Theft,311,71,100420,309.699263095001,0.2282958199356913
2021-01-01,DeKalb,Aggravated Assault,503,122,100420,500.8962358095997,0.24254473161033796
2021-01-01,DeKalb,Robbery,211,63,100420,210.1175064728142,0.2985781990521327
2021-01-01,DeKalb,Rape,116,18,100420,115.5148376817367,0.15517241379310345
2021-02-01,DeKalb,Violent Crime,697,140,100420,694.0848436566422,0.20086083213773315
2021-02-01,DeKalb,Property Crime,1564,560,100420,1557.4586735710018,0.35805626598465473
2021-02-01,DeKalb,Burglary,464,164,100420,462.0593507269468,0.35344827586206895
2021-02-01,DeKalb,Larceny-Theft,1085,259,100420,1080.462059350727,0.23870967741935484
2021-02-01,DeKalb,Motor Vehicle Theft,343,111,100420,341.5654252141008,0.3236151603498542
2021-02-01,DeKalb,Aggravated Assault,634,109,100420,631.3483369846643,0.1719242902208202
2021-02-01,DeKalb,Robbery,203,45,100420,202.15096594303927,0.22167487684729065
2021-02-01,DeKalb,Rape,122,33,100420,121.4897430790679,0.27049180327868855
2021-03-01,DeKalb,Violent Crime,740,176,100420,736.9049990041824,0.23783783783783785
2021-03-01,DeKalb,Property Crime,1718,263,100420,1710.8145787691694,0.1530849825378347
2021-03-01,DeKalb,Burglary,455,108,100420,453.09699263094996,0.23736263736263735
2021-03-01,DeKalb,Larceny-Theft,1183,422,100420,1178.0521808404699,0.35672020287404904
2021-03-01,DeKalb,Motor Vehicle Theft,342,82,100420,340.5696076478789,0.23976608187134502
2021-03-01,DeKalb,Aggravated Assault,602,224,100420,599.4821748655646,0.37209302325581395
2021-03-01,DeKalb,Robbery,225,69,100420,224.05895239992032,0.30666666666666664
2021-03-01,DeKalb,Rape,117,20,100420,116.51065524795857,0.17094017094017094
2021-04-01,DeKalb,Violent Crime,781,311,100420,777.7335192192791,0.39820742637644047
2021-04-01,DeKalb,Property Crime,1801,553,100420,1793.4674367655844,0.3070516379789006
2021-04-01,DeKalb,Burglary,500,135,100420,497.9087831109341,0.27
2021-04-01,DeKalb,Larceny-Theft,1290,263,100420,1284.6046604262099,0.20387596899224805
2021-04-01,DeKalb,Motor Vehicle Theft,419,97,100420,417.24756024696273,0.2315035799522673
2021-04-01,DeKalb,Aggravated Assault,621,144,100420,618.4027086237802,0.2318840579710145
2021-04-01,DeKalb,Robbery,261,98,100420,259.9083847839076,0.37547892720306514
2021-04-01,DeKalb,Rape,112,19,100420,111.53156741684923,0.16964285714285715
2021-05-01,DeKalb,Violent Crime,795,241,100420,791.6749651463853,0.3031446540880503
2021-05-01,DeKalb,Property Crime,1868,654,100420,1860.1872137024498,0.3501070663811563
2021-05-01,DeKalb,Burglary,562,171,100420,559.6494722166899,0.304270462633452
2021-05-01,DeKalb,Larceny-Theft,1361,280,100420,1355.3077076279626,0.20573108008817045
2021-05-01,DeKalb,Motor Vehicle Theft,411,122,100420,409.28101971718786,0.29683698296836986
2021-05-01,DeKalb,Aggravated Assault,725,234,100420,721.9677355108544,0.32275862068965516
2021-05-01,DeKalb,Robbery,279,86,100420,277.8331009759012,0.30824372759856633
2021-05-01,DeKalb,Rape,126,49,100420,125.47301334395539,0.3888888888888889
2021-06-01,DeKalb,Violent Crime,762,195,100420,758.8129854610636,0.2559055118110236
2021-06-01,DeKalb,Property Crime,1921,646,100420,1912.9655447122088,0.336283185840708
2021-06-01,DeKalb,Burglary,591,172,100420,588.528181637124,0.2910321489001692
2021-06-01,DeKalb,Larceny-Theft,1339,477,100420,1333.3997211710814,0.35623599701269604
2021-06-01,DeKalb,Motor Vehicle Theft,439,96,100420,437.1639115714001,0.21867881548974943
2021-06-01,DeKalb,Aggravated Assault,703,184,100420,700.0597490539733,0.26173541963015645
2021-06-01,DeKalb,Robbery,271,56,100420,269.86656044612624,0.2066420664206642
2021-06-01,DeKalb,Rape,141,44,100420,140.41027683728342,0.3120567375886525
2021-07-01,DeKalb,Violent Crime,822,144,100420,818.5620394343757,0.17518248175182483
2021-07-01,DeKalb,Property Crime,1867,452,100420,1859.191396136228,0.24209962506695232
2021-07-01,DeKalb,Burglary,518,162,100420,515.8334993029277,0.3127413127413127
2021-07-01,DeKalb,Larceny-Theft,1271,447,100420,1265.6841266679944,0.35169158143194335
2021-07-01,DeKalb,Motor Vehicle Theft,409,90,100420,407.2893845847441,0.2200488997555012
2021-07-01,DeKalb,Aggravated Assault,691,246,100420,688.1099382593109,0.35600578871201155
2021-07-01,DeKalb,Robbery,281,106,100420,279.82473610834495,0.37722419928825623
2021-07-01,DeKalb,Rape,132,41,100420,131.4479187412866,0.3106060606060606
2021-08-01,DeKalb,Violent Crime,782,184,100420,778.7293367855009,0.23529411764705882
2021-08-01,DeKalb,Property Crime,1800,589,100420,1792.4716191993625,0.32722222222222225
2021-08-01,DeKalb,Burglary,528,131,100420,525.7916749651464,0.2481060606060606
2021-08-01,DeKalb,Larceny-Theft,1280,219,100420,1274.646484763991,0.17109375
2021-08-01,DeKalb,Motor Vehicle Theft,374,107,100420,372.4357697669787,0.28609625668449196
2021-08-01,DeKalb,Aggravated Assault,669,258,100420,666.2019518024298,0.38565022421524664
2021-08-01,DeKalb,Robbery,280,83,100420,278.82891854212306,0.29642857142857143
2021-08-01,DeKalb,Rape,114,34,100420,113.52320254929298,0.2982456140350877
2021-09-01,DeKalb,Violent Crime,723,188,100420,719.9761003784107,0.2600276625172891
2021-09-01,DeKalb,Property Crime,1689,556,100420,1681.9358693487354,0.32918886915334516
2021-09-01,DeKalb,Burglary,511,177,100420,508.8627763393746,0.34637964774951074
2021-09-01,DeKalb,Larceny-Theft,1181,235,100420,1176.0605457080262,0.19898391193903472
2021-09-01,DeKalb,Motor Vehicle Theft,358,111,100420,356.5026887074288,0.3100558659217877
2021-09-01,DeKalb,Aggravated Assault,596,171,100420,593.5072694682334,0.28691275167785235
2021-09-01,DeKalb,Robbery,230,46,100420,229.0380402310297,0.2
2021-09-01,DeKalb,Rape,127,36,100420,126.46883091017725,0.28346456692913385
2021-10-01,DeKalb,Violent Crime,661,184,100420,658.2354112726549,0.2783661119515885
2021-10-01,DeKalb,Property Crime,1576,564,100420,1569.4084843656642,0.35786802030456855
2021-10-01,DeKalb,Burglary,459,113,100420,457.08026289583745,0.24618736383442266
2021-10-01,DeKalb,Larceny-Theft,1153,306,100420,1148.177653853814,0.2653946227233304
2021-10-01,DeKalb,Motor Vehicle Theft,321,53,100420,319.65743875721967,0.16510903426791276
2021-10-01,DeKalb,Aggravated Assault,565,170,100420,562.6369249153555,0.3008849557522124
2021-10-01,DeKalb,Robbery,225,75,100420,224.05895239992032,0.3333333333333333
2021-10-01,DeKalb,Rape,120,28,100420,119.49810794662419,0.23333333333333334
2021-11-01,DeKalb,Violent Crime,677,127,100420,674.1684923322048,0.18759231905465287
2021-11-01,DeKalb,Property Crime,1458,221,100420,1451.9020115514838,0.15157750342935528
2021-11-01,DeKalb,Burglary,433,117,100420,431.18900617406894,0.2702078521939954
2021-11-01,DeKalb,Larceny-Theft,1041,198,100420,1036.6460864369649,0.19020172910662825
2021-11-01,DeKalb,Motor Vehicle Theft,289,94,100420,287.7912766381199,0.32525951557093424
2021-11-01,DeKalb,Aggravated Assault,530,155,100420,527.7833100975902,0.29245283018867924
2021-11-01,DeKalb,Robbery,212,36,100420,211.11332403903606,0.16981132075471697
2021-11-01,DeKalb,Rape,120,38,100420,119.49810794662419,0.31666666666666665
2021-12-01,DeKalb,Violent Crime,612,181,100420,609.4403505277834,0.2957516339869281
2021-12-01,DeKalb,Property Crime,1411,242,100420,1405.098585939056,0.17150956768249467
2021-12-01,DeKalb,Burglary,423,137,100420,421.23083051185023,0.32387706855791965
2021-12-01,DeKalb,Larceny-Theft,1077,312,100420,1072.4955188209522,0.28969359331476324
2021-12-01,DeKalb,Motor Vehicle Theft,286,88,100420,284.8038239394543,0.3076923076923077
2021-12-01,DeKalb,Aggravated Assault,535,90,100420,532.7623979286994,0.16822429906542055
2021-12-01,DeKalb,Robbery,178,53,100420,177.25552678749253,0.29775280898876405
2021-12-01,DeKalb,Rape,118,19,100420,117.50647281418044,0.16101694915254236
2022-01-01,DeKalb,Violent Crime,606,208,100420,603.465445130452,0.3432343234323432
2022-01-01,DeKalb,Property Crime,1457,304,100420,1450.906193985262,0.20864790665751545
2022-01-01,DeKalb,Burglary,424,74,100420,422.2266480780721,0.17452830188679244
2022-01-01,DeKalb,Larceny-Theft,1004,318,100420,999.8008364867555,0.31673306772908366
2022-01-01,DeKalb,Motor Vehicle Theft,301,54,100420,299.7410874327823,0.17940199335548174
2022-01-01,DeKalb,Aggravated Assault,565,96,100420,562.6369249153555,0.16991150442477876
2022-01-01,DeKalb,Robbery,203,57,100420,202.15096594303927,0.28078817733990147
2022-01-01,DeKalb,Rape,110,34,100420,109.53993228440551,0.3090909090909091
2022-02-01,DeKalb,Violent Crime,658,258,100420,655.2479585739892,0.39209726443769
2022-02-01,DeKalb,Property Crime,1600,419,100420,1593.308105954989,0.261875
2022-02-01,DeKalb,Burglary,454,133,100420,452.1011750647281,0.29295154185022027
2022-02-01,DeKalb,Larceny-Theft,1117,206,100420,1112.3282214698268,0.18442256042972247
2022-02-01,DeKalb,Motor Vehicle Theft,349,73,100420,347.54033061143195,0.20916905444126074
2022-02-01,DeKalb,Aggravated Assault,574,125,100420,571.5992830113523,0.21777003484320556
2022-02-01,DeKalb,Robbery,242,57,100420,240.98785102569207,0.23553719008264462
2022-02-01,DeKalb,Rape,109,22,100420,108.54411471818364,0.2018348623853211
2022-03-01,DeKalb,Violent Crime,720,205,100420,716.9886476797451,0.2847222222222222
2022-03-01,DeKalb,Property Crime,1699,339,100420,1691.894045010954,0.19952913478516773
2022-03-01,DeKalb,Burglary,476,164,100420,474.00916152160926,0.3445378151260504
2022-03-01,DeKalb,Larceny-Theft,1220,480,100420,1214.8974307906792,0.39344262295081966
2022-03-01,DeKalb,Motor Vehicle Theft,334,78,100420,332.603067118104,0.23353293413173654
2022-03-01,DeKalb,Aggravated Assault,581,92,100420,578.5700059749054,0.15834767641996558
2022-03-01,DeKalb,Robbery,224,71,100420,223.06313483369846,0.3169642857142857
2022-03-01,DeKalb,Rape,135,26,100420,134.43537143995218,0.1925925925925926
2022-04-01,DeKalb,Violent Crime,782,178,100420,778.7293367855009,0.22762148337595908
2022-04-01,DeKalb,Property Crime,1854,347,100420,1846.2457677753434,0.1871628910463862
2022-04-01,DeKalb,Burglary,514,127,100420,511.85022903804025,0.24708171206225682
2022-04-01,DeKalb,Larceny-Theft,1293,496,100420,1287.5921131248756,0.38360402165506574
2022-04-01,DeKalb,Motor Vehicle Theft,392,133,100420,390.36048595897233,0.3392857142857143
2022-04-01,DeKalb,Aggravated Assault,659,99,100420,656.2437761402111,0.15022761760242792
2022-04-01,DeKalb,Robbery,264,47,100420,262.8958374825732,0.17803030303030304
2022-04-01,DeKalb,Rape,128,49,100420,127.46464847639912,0.3828125
2022-05-01,DeKalb,Violent Crime,806,292,100420,802.6289583748257,0.36228287841191065
2022-05-01,DeKalb,Property Crime,1884,415,100420,1876.1202947619997,0.220276008492569
2022-05-01,DeKalb,Burglary,579,134,100420,576.5783708424617,0.231433506044905
2022-05-01,DeKalb,Larceny-Theft,1357,521,100420,1351.324437363075,0.38393515106853354
2022-05-01,DeKalb,Motor Vehicle Theft,404,76,100420,402.31029675363476,0.18811881188118812
2022-05-01,DeKalb,Aggravated Assault,681,185,100420,678.1517625970922,0.27165932452276065
2022-05-01,DeKalb,Robbery,287,105,100420,285.79964150567616,0.36585365853658536
2022-05-01,DeKalb,Rape,138,38,100420,137.4228241386178,0.2753623188405797
2022-06-01,DeKalb,Violent Crime,840,215,100420,836.4867556263692,0.25595238095238093
2022-06-01,DeKalb,Property Crime,1859,568,100420,1851.224855606453,0.3055406132329209
2022-06-01,DeKalb,Burglary,531,118,100420,528.779127663812,0.2222222222222222
2022-06-01,DeKalb,Larceny-Theft,1358,441,100420,1352.320254929297,0.3247422680412371
2022-06-01,DeKalb,Motor Vehicle Theft,439,91,100420,437.1639115714001,0.2072892938496583
2022-06-01,DeKalb,Aggravated Assault,749,288,100420,745.8673571001792,0.38451268357810414
2022-06-01,DeKalb,Robbery,266,54,100420,264.8874726150169,0.20300751879699247
2022-06-01,DeKalb,Rape,119,47,100420,118.50229038040231,0.3949579831932773
2022-07-01,DeKalb,Violent Crime,850,303,100420,846.4449312885879,0.3564705882352941
2022-07-01,DeKalb,Property Crime,1865,578,100420,1857.199761003784,0.3099195710455764
2022-07-01,DeKalb,Burglary,575,206,100420,572.5951005775742,0.3582608695652174
2022-07-01,DeKalb,Larceny-Theft,1358,536,100420,1352.320254929297,0.3946980854197349
2022-07-01,DeKalb,Motor Vehicle Theft,385,108,100420,383.38976299541923,0.2805194805194805
2022-07-01,DeKalb,Aggravated Assault,691,174,100420,688.1099382593109,0.25180897250361794
2022-07-01,DeKalb,Robbery,268,41,100420,266.8791077474607,0.15298507462686567
2022-07-01,DeKalb,Rape,136,51,100420,135.43118900617407,0.375
2022-08-01,DeKalb,Violent Crime,731,282,100420,727.9426409081856,0.3857729138166895
2022-08-01,DeKalb,Property Crime,1877,558,100420,1869.1495717984467,0.2972828982418753
2022-08-01,DeKalb,Burglary,503,86,100420,500.8962358095997,0.1709741550695825
2022-08-01,DeKalb,Larceny-Theft,1327,420,100420,1321.4499103764192,0.3165033911077619
2022-08-01,DeKalb,Motor Vehicle Theft,380,109,100420,378.4106751643099,0.2868421052631579
2022-08-01,DeKalb,Aggravated Assault,672,167,100420,669.1894045010954,0.24851190476190477
2022-08-01,DeKalb,Robbery,238,71,100420,237.00458076080463,0.29831932773109243
2022-08-01,DeKalb,Rape,118,44,100420,117.50647281418044,0.3728813559322034
2022-09-01,DeKalb,Violent Crime,725,118,100420,721.9677355108544,0.16275862068965516
2022-09-01,DeKalb,Property Crime,1630,516,100420,1623.1826329416451,0.3165644171779141
2022-09-01,DeKalb,Burglary,491,151,100420,488.9464250149373,0.3075356415478615
2022-09-01,DeKalb,Larceny-Theft,1195,418,100420,1190.0019916351325,0.3497907949790795
2022-09-01,DeKalb,Motor Vehicle Theft,352,129,100420,350.5277833100976,0.3664772727272727
2022-09-01,DeKalb,Aggravated Assault,580,189,100420,577.5741884086835,0.3258620689655172
2022-09-01,DeKalb,Robbery,249,48,100420,247.9585739892452,0.1927710843373494
2022-09-01,DeKalb,Rape,116,33,100420,115.5148376817367,0.28448275862068967
2022-10-01,DeKalb,Violent Crime,652,97,100420,649.273053176658,0.14877300613496933
2022-10-01,DeKalb,Property Crime,1479,576,100420,1472.814180442143,0.3894523326572008
2022-10-01,DeKalb,Burglary,440,99,100420,438.15972913762204,0.225
2022-10-01,DeKalb,Larceny-Theft,1131,254,100420,1126.2696673969328,0.22458001768346597
2022-10-01,DeKalb,Motor Vehicle Theft,296,59,100420,294.761999601673,0.19932432432432431
2022-10-01,DeKalb,Aggravated Assault,519,123,100420,516.8293168691496,0.23699421965317918
2022-10-01,DeKalb,Robbery,224,39,100420,223.06313483369846,0.17410714285714285
2022-10-01,DeKalb,Rape,121,31,100420,120.49392551284603,0.256198347107438
2022-11-01,DeKalb,Violent Crime,635,186,100420,632.3441545508863,0.2929133858267717
2022-11-01,DeKalb,Property Crime,1423,354,100420,1417.0483967337184,0.24877020379479972
2022-11-01,DeKalb,Burglary,418,115,100420,416.2517426807409,0.2751196172248804
2022-11-01,DeKalb,Larceny-Theft,1009,301,100420,1004.779924317865,0.2983151635282458
2022-11-01,DeKalb,Motor Vehicle Theft,283,86,100420,281.81637124078867,0.303886925795053
2022-11-01,DeKalb,Aggravated Assault,511,157,100420,508.8627763393746,0.30724070450097846
2022-11-01,DeKalb,Robbery,204,32,100420,203.1467835092611,0.1568627450980392
2022-11-01,DeKalb,Rape,133,43,100420,132.44373630750846,0.3233082706766917
2022-12-01,DeKalb,Violent Crime,593,217,100420,590.5198167695678,0.36593591905564926
2022-12-01,DeKalb,Property Crime,1376,214,100420,1370.2449711212907,0.1555232558139535
2022-12-01,DeKalb,Burglary,360,126,100420,358.49432383987255,0.35
2022-12-01,DeKalb,Larceny-Theft,1004,348,100420,999.8008364867555,0.3466135458167331
2022-12-01,DeKalb,Motor Vehicle Theft,307,46,100420,305.7159928301135,0.1498371335504886
2022-12-01,DeKalb,Aggravated Assault,516,176,100420,513.841864170484,0.34108527131782945
2022-12-01,DeKalb,Robbery,194,60,100420,193.18860784704242,0.30927835051546393
2022-12-01,DeKalb,Rape,106,22,100420,105.55666201951803,0.20754716981132076
2023-01-01,DeKalb,Violent Crime,660,128,100420,657.239593706433,0.19393939393939394
2023-01-01,DeKalb,Property Crime,1479,354,100420,1472.814180442143,0.23935091277890466
2023-01-01,DeKalb,Burglary,428,71,100420,426.20991834295955,0.1658878504672897
2023-01-01,DeKalb,Larceny-Theft,1059,421,100420,1054.5708026289585,0.3975448536355052
2023-01-01,DeKalb,Motor Vehicle Theft,310,94,100420,308.7034455287791,0.3032258064516129
2023-01-01,DeKalb,Aggravated Assault,493,106,100420,490.93806014738095,0.2150101419878296
2023-01-01,DeKalb,Robbery,204,48,100420,203.1467835092611,0.23529411764705882
2023-01-01,DeKalb,Rape,106,32,100420,105.55666201951803,0.3018867924528302
2023-02-01,DeKalb,Violent Crime,699,193,100420,696.0764787890859,0.2761087267525036
2023-02-01,DeKalb,Property Crime,1576,380,100420,1569.4084843656642,0.24111675126903553
2023-02-01,DeKalb,Burglary,454,110,100420,452.1011750647281,0.2422907488986784
2023-02-01,DeKalb,Larceny-Theft,1117,309,100420,1112.3282214698268,0.2766338406445837
2023-02-01,DeKalb,Motor Vehicle Theft,342,60,100420,340.5696076478789,0.17543859649122806
2023-02-01,DeKalb,Aggravated Assault,547,160,100420,544.7122087233619,0.29250457038391225
2023-02-01,DeKalb,Robbery,243,76,100420,241.98366859191395,0.31275720164609055
2023-02-01,DeKalb,Rape,107,23,100420,106.55247958573989,0.21495327102803738
2023-03-01,DeKalb,Violent Crime,739,146,100420,735.9091814379606,0.1975642760487145
2023-03-01,DeKalb,Property Crime,1670,558,100420,1663.01533559052,0.3341317365269461
2023-03-01,DeKalb,Burglary,471,79,100420,469.03007369049993,0.16772823779193205
2023-03-01,DeKalb,Larceny-Theft,1125,201,100420,1120.2947619996016,0.17866666666666667
2023-03-01,DeKalb,Motor Vehicle Theft,330,99,100420,328.6197968532165,0.3
2023-03-01,DeKalb,Aggravated Assault,613,207,100420,610.4361680940052,0.3376835236541599
2023-03-01,DeKalb,Robbery,226,66,100420,225.0547699661422,0.2920353982300885
2023-03-01,DeKalb,Rape,143,23,100420,142.40191196972714,0.16083916083916083
2023-04-01,DeKalb,Violent Crime,789,174,100420,785.7000597490539,0.22053231939163498
2023-04-01,DeKalb,Property Crime,1821,710,100420,1813.383788090022,0.38989566172432727
2023-04-01,DeKalb,Burglary,485,78,100420,482.9715196176061,0.16082474226804125
2023-04-01,DeKalb,Larceny-Theft,1287,432,100420,1281.6172077275444,0.3356643356643357
2023-04-01,DeKalb,Motor Vehicle Theft,418,128,100420,416.2517426807409,0.3062200956937799
2023-04-01,DeKalb,Aggravated Assault,584,130,100420,581.557458673571,0.2226027397260274
2023-04-01,DeKalb,Robbery,245,44,100420,243.9753037243577,0.17959183673469387
2023-04-01,DeKalb,Rape,144,47,100420,143.39772953594903,0.3263888888888889
2023-05-01,DeKalb,Violent Crime,820,191,100420,816.5704043019318,0.2329268292682927
2023-05-01,DeKalb,Property Crime,1933,740,100420,1924.915355506871,0.3828246249353337
2023-05-01,DeKalb,Burglary,525,120,100420,522.8042222664808,0.22857142857142856
2023-05-01,DeKalb,Larceny-Theft,1397,368,100420,1391.1571400119497,0.2634216177523264
2023-05-01,DeKalb,Motor Vehicle Theft,404,102,100420,402.31029675363476,0.2524752475247525
2023-05-01,DeKalb,Aggravated Assault,681,188,100420,678.1517625970922,0.27606461086637296
2023-05-01,DeKalb,Robbery,274,60,100420,272.85401314479185,0.21897810218978103
2023-05-01,DeKalb,Rape,134,31,100420,133.43955387373035,0.23134328358208955
2023-06-01,DeKalb,Violent Crime,778,225,100420,774.7460665206135,0.2892030848329049
2023-06-01,DeKalb,Property Crime,1948,689,100420,1939.8526190001992,0.35369609856262835
2023-06-01,DeKalb,Burglary,565,117,100420,562.6369249153555,0.20707964601769913
2023-06-01,DeKalb,Larceny-Theft,1389,511,100420,1383.1905994821748,0.36789056875449966
2023-06-01,DeKalb,Motor Vehicle Theft,370,72,100420,368.4524995020912,0.1945945945945946
2023-06-01,DeKalb,Aggravated Assault,743,284,100420,739.892451702848,0.3822341857335128
2023-06-01,DeKalb,Robbery,284,83,100420,282.81218880701056,0.29225352112676056
2023-06-01,DeKalb,Rape,132,34,100420,131.4479187412866,0.25757575757575757
2023-07-01,DeKalb,Violent Crime,810,277,100420,806.6122286397132,0.3419753086419753
2023-07-01,DeKalb,Property Crime,1883,724,100420,1875.1244771957777,0.38449283058948486
2023-07-01,DeKalb,Burglary,484,124,100420,481.97570205138413,0.256198347107438
2023-07-01,DeKalb,Larceny-Theft,1370,294,100420,1364.2700657239593,0.2145985401459854
2023-07-01,DeKalb,Motor Vehicle Theft,419,80,100420,417.24756024696273,0.1909307875894988
2023-07-01,DeKalb,Aggravated Assault,717,172,100420,714.0011949810795,0.2398884239888424
2023-07-01,DeKalb,Robbery,281,75,100420,279.82473610834495,0.2669039145907473
2023-07-01,DeKalb,Rape,123,28,100420,122.48556064528978,0.22764227642276422
2023-08-01,DeKalb,Violent Crime,744,236,100420,740.88826926907,0.3172043010752688
2023-08-01,DeKalb,Property Crime,1762,613,100420,1754.6305516829318,0.347900113507378
2023-08-01,DeKalb,Burglary,517,185,100420,514.8376817367058,0.3578336557059961
2023-08-01,DeKalb,Larceny-Theft,1319,435,100420,1313.483369846644,0.3297952994692949
2023-08-01,DeKalb,Motor Vehicle Theft,373,106,100420,371.43995220075686,0.28418230563002683
2023-08-01,DeKalb,Aggravated Assault,661,109,100420,658.2354112726549,0.1649016641452345
2023-08-01,DeKalb,Robbery,273,82,100420,271.85819557857,0.30036630036630035
2023-08-01,DeKalb,Rape,127,42,100420,126.46883091017725,0.33070866141732286
2023-09-01,DeKalb,Violent Crime,729,145,100420,725.9510057757419,0.19890260631001372
2023-09-01,DeKalb,Property Crime,1676,393,100420,1668.990240987851,0.23448687350835323
2023-09-01,DeKalb,Burglary,483,169,100420,480.9798844851623,0.3498964803312629
2023-09-01,DeKalb,Larceny-Theft,1162,391,100420,1157.1400119498107,0.33648881239242684
2023-09-01,DeKalb,Motor Vehicle Theft,360,96,100420,358.49432383987255,0.26666666666666666
2023-09-01,DeKalb,Aggravated Assault,611,93,100420,608.4445329615614,0.15220949263502456
2023-09-01,DeKalb,Robbery,244,67,100420,242.9794861581358,0.27459016393442626
2023-09-01,DeKalb,Rape,113,33,100420,112.5273849830711,0.2920353982300885
2023-10-01,DeKalb,Violent Crime,674,245,100420,671.1810396335391,0.36350148367952523
2023-10-01,DeKalb,Property Crime,1587,423,100420,1580.3624775941046,0.2665406427221172
2023-10-01,DeKalb,Burglary,488,154,100420,485.9589723162716,0.3155737704918033
2023-10-01,DeKalb,Larceny-Theft,1099,341,100420,1094.4035052778331,0.31028207461328483
2023-10-01,DeKalb,Motor Vehicle Theft,331,112,100420,329.6156144194384,0.338368580060423
2023-10-01,DeKalb,Aggravated Assault,544,148,100420,541.7247560246963,0.27205882352941174
2023-10-01,DeKalb,Robbery,215,80,100420,214.10077673770164,0.37209302325581395
2023-10-01,DeKalb,Rape,107,25,100420,106.55247958573989,0.2336448598130841
2023-11-01,DeKalb,Violent Crime,606,113,100420,603.465445130452,0.18646864686468648
2023-11-01,DeKalb,Property Crime,1506,451,100420,1499.7012547301335,0.299468791500664
2023-11-01,DeKalb,Burglary,416,142,100420,414.2601075482971,0.34134615384615385
2023-11-01,DeKalb,Larceny-Theft,1068,187,100420,1063.5331607249552,0.1750936329588015
2023-11-01,DeKalb,Motor Vehicle Theft,324,112,100420,322.6448914558853,0.345679012345679
2023-11-01,DeKalb,Aggravated Assault,492,118,100420,489.9422425811591,0.23983739837398374
2023-11-01,DeKalb,Robbery,190,46,100420,189.20533758215495,0.24210526315789474
2023-11-01,DeKalb,Rape,108,34,100420,107.54829715196176,0.3148148148148148
2023-12-01,DeKalb,Violent Crime,675,112,100420,672.176857199761,0.16592592592592592
2023-12-01,DeKalb,Property Crime,1421,251,100420,1415.0567616012747,0.17663617171006332
2023-12-01,DeKalb,Burglary,384,86,100420,382.39394542919734,0.22395833333333334
2023-12-01,DeKalb,Larceny-Theft,1005,393,100420,1000.7966540529776,0.39104477611940297
2023-12-01,DeKalb,Motor Vehicle Theft,278,65,100420,276.83728340967934,0.23381294964028776
2023-12-01,DeKalb,Aggravated Assault,502,93,100420,499.90041824337777,0.1852589641434263
2023-12-01,DeKalb,Robbery,216,46,100420,215.09659430392352,0.21296296296296297
2023-12-01,DeKalb,Rape,93,15,100420,92.61103365863374,0.16129032258064516
2024-01-01,DeKalb,Violent Crime,659,166,100420,656.2437761402111,0.251896813353566
2024-01-01,DeKalb,Property Crime,1479,498,100420,1472.814180442143,0.3367139959432049
2024-01-01,DeKalb,Burglary,420,129,100420,418.2433778131846,0.30714285714285716
2024-01-01,DeKalb,Larceny-Theft,1067,248,100420,1062.5373431587334,0.232427366447985
2024-01-01,DeKalb,Motor Vehicle Theft,302,72,100420,300.7369049990042,0.23841059602649006
2024-01-01,DeKalb,Aggravated Assault,526,188,100420,523.8000398327026,0.3574144486692015
2024-01-01,DeKalb,Robbery,183,53,100420,182.23461461860185,0.2896174863387978
2024-01-01,DeKalb,Rape,101,35,100420,100.57757418840869,0.3465346534653465
2024-02-01,DeKalb,Violent Crime,651,243,100420,648.2772356104362,0.37327188940092165
2024-02-01,DeKalb,Property Crime,1577,478,100420,1570.404301931886,0.30310716550412176
2024-02-01,DeKalb,Burglary,447,98,100420,445.1304521011751,0.21923937360178972
2024-02-01,DeKalb,Larceny-Theft,1075,326,100420,1070.5038836885083,0.3032558139534884
2024-02-01,DeKalb,Motor Vehicle Theft,329,69,100420,327.6239792869946,0.20972644376899696
2024-02-01,DeKalb,Aggravated Assault,544,116,100420,541.7247560246963,0.21323529411764705
2024-02-01,DeKalb,Robbery,222,54,100420,221.07149970125477,0.24324324324324326
2024-02-01,DeKalb,Rape,116,18,100420,115.5148376817367,0.15517241379310345
2024-03-01,DeKalb,Violent Crime,723,268,100420,719.9761003784107,0.3706777316735823
2024-03-01,DeKalb,Property Crime,1718,532,100420,1710.8145787691694,0.309662398137369
2024-03-01,DeKalb,Burglary,450,160,100420,448.11790479984063,0.35555555555555557
2024-03-01,DeKalb,Larceny-Theft,1240,267,100420,1234.8137821151165,0.2153225806451613
2024-03-01,DeKalb,Motor Vehicle Theft,362,137,100420,360.48595897231627,0.3784530386740331
2024-03-01,DeKalb,Aggravated Assault,592,225,100420,589.523999203346,0.38006756756756754
2024-03-01,DeKalb,Robbery,229,49,100420,228.0422226648078,0.21397379912663755
2024-03-01,DeKalb,Rape,115,31,100420,114.51902011551485,0.26956521739130435
2024-04-01,DeKalb,Violent Crime,809,146,100420,805.6164110734913,0.18046971569839307
2024-04-01,DeKalb,Property Crime,1780,526,100420,1772.5552678749252,0.2955056179775281
2024-04-01,DeKalb,Burglary,523,176,100420,520.812587134037,0.3365200764818356
2024-04-01,DeKalb,Larceny-Theft,1352,445,100420,1346.3453495319657,0.3291420118343195
2024-04-01,DeKalb,Motor Vehicle Theft,421,134,100420,419.23919537940645,0.3182897862232779
2024-04-01,DeKalb,Aggravated Assault,664,196,100420,661.2228639713205,0.29518072289156627
2024-04-01,DeKalb,Robbery,277,103,100420,275.8414658434575,0.37184115523465705
2024-04-01,DeKalb,Rape,133,40,100420,132.44373630750846,0.3007518796992481
2024-05-01,DeKalb,Violent Crime,808,218,100420,804.6205935072695,0.2698019801980198
2024-05-01,DeKalb,Property Crime,1971,621,100420,1962.756423023302,0.3150684931506849
2024-05-01,DeKalb,Burglary,561,201,100420,558.6536546504681,0.3582887700534759
2024-05-01,DeKalb,Larceny-Theft,1371,502,100420,1365.2658832901811,0.3661560904449307
2024-05-01,DeKalb,Motor Vehicle Theft,372,111,100420,370.444134634535,0.29838709677419356
2024-05-01,DeKalb,Aggravated Assault,682,124,100420,679.147580163314,0.18181818181818182
2024-05-01,DeKalb,Robbery,275,101,100420,273.84983071101374,0.36727272727272725
2024-05-01,DeKalb,Rape,148,22,100420,147.3809998008365,0.14864864864864866
2024-06-01,DeKalb,Violent Crime,764,304,100420,760.8046205935073,0.39790575916230364
2024-06-01,DeKalb,Property Crime,1918,352,100420,1909.978092013543,0.1835245046923879
2024-06-01,DeKalb,Burglary,566,99,100420,563.6327424815773,0.17491166077738515
2024-06-01,DeKalb,Larceny-Theft,1381,377,100420,1375.2240589524,0.27299058653149894
2024-06-01,DeKalb,Motor Vehicle Theft,426,136,100420,424.2182832105158,0.3192488262910798
2024-06-01,DeKalb,Aggravated Assault,701,262,100420,698.0681139215295,0.37375178316690444
2024-06-01,DeKalb,Robbery,272,96,100420,270.86237801234813,0.35294117647058826
2024-06-01,DeKalb,Rape,141,35,100420,140.41027683728342,0.24822695035460993
2024-07-01,DeKalb,Violent Crime,796,306,100420,792.6707827126071,0.3844221105527638
2024-07-01,DeKalb,Property Crime,1899,611,100420,1891.0575582553276,0.32174828857293314
2024-07-01,DeKalb,Burglary,575,167,100420,572.5951005775742,0.29043478260869565
2024-07-01,DeKalb,Larceny-Theft,1384,271,100420,1378.2115116510654,0.1958092485549133
2024-07-01,DeKalb,Motor Vehicle Theft,379,92,100420,377.414857598088,0.24274406332453827
2024-07-01,DeKalb,Aggravated Assault,680,264,100420,677.1559450308704,0.38823529411764707
2024-07-01,DeKalb,Robbery,264,74,100420,262.8958374825732,0.2803030303030303
2024-07-01,DeKalb,Rape,126,49,100420,125.47301334395539,0.3888888888888889
2024-08-01,DeKalb,Violent Crime,739,120,100420,735.9091814379606,0.16238159675236807
2024-08-01,DeKalb,Property Crime,1790,644,100420,1782.513443537144,0.35977653631284917
2024-08-01,DeKalb,Burglary,534,201,100420,531.7665803624776,0.37640449438202245
2024-08-01,DeKalb,Larceny-Theft,1273,341,100420,1267.6757618004383,0.2678711704634721
2024-08-01,DeKalb,Motor Vehicle Theft,418,156,100420,416.2517426807409,0.37320574162679426
2024-08-01,DeKalb,Aggravated Assault,624,208,100420,621.3901613224457,0.3333333333333333
2024-08-01,DeKalb,Robbery,271,41,100420,269.86656044612624,0.15129151291512916
2024-08-01,DeKalb,Rape,121,43,100420,120.49392551284603,0.35537190082644626
2024-09-01,DeKalb,Violent Crime,753,291,100420,749.8506273650668,0.38645418326693226
2024-09-01,DeKalb,Property Crime,1644,335,100420,1637.1240788687514,0.2037712895377129
2024-09-01,DeKalb,Burglary,509,121,100420,506.87114120693093,0.23772102161100198
2024-09-01,DeKalb,Larceny-Theft,1223,300,100420,1217.8848834893447,0.24529844644317253
2024-09-01,DeKalb,Motor Vehicle Theft,354,130,100420,352.51941844254134,0.3672316384180791
2024-09-01,DeKalb,Aggravated Assault,615,129,100420,612.4278032264489,0.2097560975609756
2024-09-01,DeKalb,Robbery,242,78,100420,240.98785102569207,0.32231404958677684
2024-09-01,DeKalb,Rape,118,45,100420,117.50647281418044,0.3813559322033898
2024-10-01,DeKalb,Violent Crime,650,159,100420,647.2814180442143,0.24461538461538462
2024-10-01,DeKalb,Property Crime,1528,344,100420,1521.6092411870145,0.225130890052356
2024-10-01,DeKalb,Burglary,472,151,100420,470.02589125672176,0.3199152542372881
2024-10-01,DeKalb,Larceny-Theft,1110,240,100420,1105.3574985062737,0.21621621621621623
2024-10-01,DeKalb,Motor Vehicle Theft,301,82,100420,299.7410874327823,0.2724252491694352
2024-10-01,DeKalb,Aggravated Assault,508,109,100420,505.875323640709,0.21456692913385828
2024-10-01,DeKalb,Robbery,217,38,100420,216.09241187014538,0.17511520737327188
2024-10-01,DeKalb,Rape,102,17,100420,101.57339175463055,0.16666666666666666
2024-11-01,DeKalb,Violent Crime,616,200,100420,613.4236207926707,0.3246753246753247
2024-11-01,DeKalb,Property Crime,1454,264,100420,1447.9187412865963,0.1815680880330124
2024-11-01,DeKalb,Burglary,402,159,100420,400.31866162119104,0.39552238805970147
2024-11-01,DeKalb,Larceny-Theft,1084,329,100420,1079.466241784505,0.30350553505535055
2024-11-01,DeKalb,Motor Vehicle Theft,301,98,100420,299.7410874327823,0.32558139534883723
2024-11-01,DeKalb,Aggravated Assault,494,152,100420,491.9338777136029,0.3076923076923077
2024-11-01,DeKalb,Robbery,212,73,100420,211.11332403903606,0.3443396226415094
2024-11-01,DeKalb,Rape,114,17,100420,113.52320254929298,0.14912280701754385
2024-12-01,DeKalb,Violent Crime,607,112,100420,604.4612626966739,0.18451400329489293
2024-12-01,DeKalb,Property Crime,1410,378,100420,1404.1027683728341,0.2680851063829787
2024-12-01,DeKalb,Burglary,428,161,100420,426.20991834295955,0.37616822429906543
2024-12-01,DeKalb,Larceny-Theft,1028,356,100420,1023.7004580760805,0.3463035019455253
2024-12-01,DeKalb,Motor Vehicle Theft,281,59,100420,279.82473610834495,0.2099644128113879
2024-12-01,DeKalb,Aggravated Assault,497,186,100420,494.92133041226845,0.37424547283702214
2024-12-01,DeKalb,Robbery,208,71,100420,207.13005377414856,0.34134615384615385
2024-12-01,DeKalb,Rape,95,24,100420,94.60266879107748,0.25263157894736843
2020-01-01,Kankakee,Violent Crime,485,100,107502,451.15439712749526,0.20618556701030927
2020-01-01,Kankakee,Property Crime,1132,358,107502,1053.003665048092,0.31625441696113077
2020-01-01,Kankakee,Burglary,334,78,107502,310.6918941042957,0.23353293413173654
2020-01-01,Kankakee,Larceny-Theft,849,248,107502,789.7527487860691,0.2921083627797409
2020-01-01,Kankakee,Motor Vehicle Theft,237,54,107502,220.4610146787967,0.22784810126582278
2020-01-01,Kankakee,Aggravated Assault,431,144,107502,400.9227735297948,0.33410672853828305
2020-01-01,Kankakee,Robbery,151,57,107502,140.4625030231996,0.37748344370860926
2020-01-01,Kankakee,Rape,81,20,107502,75.34743539655076,0.24691358024691357
2020-02-01,Kankakee,Violent Crime,537,134,107502,499.5255902215773,0.24953445065176907
2020-02-01,Kankakee,Property Crime,1284,252,107502,1194.396383323101,0.19626168224299065
2020-02-01,Kankakee,Burglary,345,101,107502,320.9242618741977,0.2927536231884058
2020-02-01,Kankakee,Larceny-Theft,911,343,107502,847.4260943982438,0.3765093304061471
2020-02-01,Kankakee,Motor Vehicle Theft,240,40,107502,223.2516604342245,0.16666666666666666
2020-02-01,Kankakee,Aggravated Assault,479,79,107502,445.57310561663974,0.1649269311064718
2020-02-01,Kankakee,Robbery,168,59,107502,156.27616230395714,0.35119047619047616
2020-02-01,Kankakee,Rape,94,14,107502,87.44023367007127,0.14893617021276595
2020-03-01,Kankakee,Violent Crime,607,186,107502,564.640657848226,0.30642504118616143
2020-03-01,Kankakee,Property Crime,1254,191,107502,1166.489925768823,0.15231259968102073
2020-03-01,Kankakee,Burglary,383,62,107502,356.2724414429499,0.1618798955613577
2020-03-01,Kankakee,Larceny-Theft,929,162,107502,864.1699689308107,0.1743810548977395
2020-03-01,Kankakee,Motor Vehicle Theft,269,96,107502,250.22790273669327,0.35687732342007433
2020-03-01,Kankakee,Aggravated Assault,465,83,107502,432.55009209131,0.17849462365591398
2020-03-01,Kankakee,Robbery,197,60,107502,183.25240460642593,0.30456852791878175
2020-03-01,Kankakee,Rape,86,31,107502,79.9985116555971,0.36046511627906974
2020-04-01,Kankakee,Violent Crime,629,189,107502,585.1053933880299,0.3004769475357711
2020-04-01,Kankakee,Property Crime,1441,383,107502,1340.4401778571562,0.26578764746703676
2020-04-01,Kankakee,Burglary,393,135,107502,365.5745939610426,0.3435114503816794
2020-04-01,Kankakee,Larceny-Theft,982,213,107502,913.4713772767018,0.21690427698574338
2020-04-01,Kankakee,Motor Vehicle Theft,293,77,107502,272.5530687801157,0.2627986348122867
2020-04-01,Kankakee,Aggravated Assault,573,170,107502,533.0133392867109,0.29668411867364747
2020-04-01,Kankakee,Robbery,212,53,107502,197.20563338356496,0.25
2020-04-01,Kankakee,Rape,107,27,107502,99.53303194359174,0.2523364485981308
2020-05-01,Kankakee,Violent Crime,680,224,107502,632.5463712303027,0.32941176470588235
2020-05-01,Kankakee,Property Crime,1485,232,107502,1381.369648936764,0.15622895622895622
2020-05-01,Kankakee,Burglary,397,88,107502,369.29545496827967,0.2216624685138539
2020-05-01,Kankakee,Larceny-Theft,1146,294,107502,1066.0266785734218,0.25654450261780104
2020-05-01,Kankakee,Motor Vehicle Theft,331,89,107502,307.9012483488679,0.2688821752265861
2020-05-01,Kankakee,Aggravated Assault,515,118,107502,479.0608546817733,0.229126213592233
2020-05-01,Kankakee,Robbery,199,34,107502,185.11283511004444,0.1708542713567839
2020-05-01,Kankakee,Rape,140,22,107502,130.23013525329762,0.15714285714285714
2020-06-01,Kankakee,Violent Crime,611,141,107502,568.3615188554631,0.23076923076923078
2020-06-01,Kankakee,Property Crime,1507,287,107502,1401.834384476568,0.19044459190444593
2020-06-01,Kankakee,Burglary,453,171,107502,421.3875090695987,0.37748344370860926
2020-06-01,Kankakee,Larceny-Theft,1077,316,107502,1001.8418261985823,0.2934076137418756
2020-06-01,Kankakee,Motor Vehicle Theft,388,128,107502,360.9235177019963,0.32989690721649484
2020-06-01,Kankakee,Aggravated Assault,569,167,107502,529.2924782794739,0.29349736379613356
2020-06-01,Kankakee,Robbery,232,38,107502,215.80993841975032,0.16379310344827586
2020-06-01,Kankakee,Rape,115,40,107502,106.9747539580659,0.34782608695652173
2020-07-01,Kankakee,Violent Crime,580,126,107502,539.5248460493758,0.21724137931034482
2020-07-01,Kankakee,Property Crime,1514,271,107502,1408.3458912392327,0.17899603698811095
2020-07-01,Kankakee,Burglary,403,144,107502,374.87674647913525,0.3573200992555831
2020-07-01,Kankakee,Larceny-Theft,1068,310,107502,993.4698889322989,0.2902621722846442
2020-07-01,Kankakee,Motor Vehicle Theft,308,71,107502,286.50629755725475,0.2305194805194805
2020-07-01,Kankakee,Aggravated Assault,554,152,107502,515.3392495023348,0.2743682310469314
2020-07-01,Kankakee,Robbery,195,58,107502,181.3919741028074,0.29743589743589743
2020-07-01,Kankakee,Rape,123,41,107502,114.41647597254004,0.3333333333333333
2020-08-01,Kankakee,Violent Crime,625,198,107502,581.3845323807928,0.3168
2020-08-01,Kankakee,Property Crime,1494,492,107502,1389.7415862030475,0.3293172690763052
2020-08-01,Kankakee,Burglary,417,82,107502,387.899760004465,0.19664268585131894
2020-08-01,Kankakee,Larceny-Theft,975,330,107502,906.959870514037,0.3384615384615385
2020-08-01,Kankakee,Motor Vehicle Theft,291,72,107502,270.6926382764972,0.24742268041237114
2020-08-01,Kankakee,Aggravated Assault,508,81,107502,472.5493479191085,0.1594488188976378
2020-08-01,Kankakee,Robbery,189,32,107502,175.81068259195177,0.1693121693121693
2020-08-01,Kankakee,Rape,103,20,107502,95.81217093635466,0.1941747572815534
2020-09-01,Kankakee,Violent Crime,561,108,107502,521.8507562649997,0.1925133689839572
2020-09-01,Kankakee,Property Crime,1311,442,107502,1219.5121951219512,0.33714721586575136
2020-09-01,Kankakee,Burglary,344,121,107502,319.9940466223884,0.35174418604651164
2020-09-01,Kankakee,Larceny-Theft,973,346,107502,905.0994400104183,0.355601233299075
2020-09-01,Kankakee,Motor Vehicle Theft,267,43,107502,248.36747223307472,0.16104868913857678
2020-09-01,Kankakee,Aggravated Assault,518,196,107502,481.8515004372012,0.3783783783783784
2020-09-01,Kankakee,Robbery,180,67,107502,167.43874532566835,0.37222222222222223
2020-09-01,Kankakee,Rape,112,41,107502,104.18410820263809,0.36607142857142855
2020-10-01,Kankakee,Violent Crime,578,147,107502,537.6644155457573,0.25432525951557095
2020-10-01,Kankakee,Property Crime,1250,423,107502,1162.7690647615857,0.3384
2020-10-01,Kankakee,Burglary,317,57,107502,294.87823482353815,0.17981072555205047
2020-10-01,Kankakee,Larceny-Theft,858,308,107502,798.1246860523524,0.358974358974359
2020-10-01,Kankakee,Motor Vehicle Theft,247,86,107502,229.76316719688938,0.3481781376518219
2020-10-01,Kankakee,Aggravated Assault,438,90,107502,407.4342802924597,0.2054794520547945
2020-10-01,Kankakee,Robbery,174,49,107502,161.85745381481274,0.28160919540229884
2020-10-01,Kankakee,Rape,109,31,107502,101.3934624472103,0.28440366972477066
2020-11-01,Kankakee,Violent Crime,521,118,107502,484.64214619262896,0.22648752399232247
2020-11-01,Kankakee,Property Crime,1154,292,107502,1073.468400587896,0.2530329289428076
2020-11-01,Kankakee,Burglary,321,97,107502,298.59909583077524,0.30218068535825543
2020-11-01,Kankakee,Larceny-Theft,830,144,107502,772.0786590016929,0.17349397590361446
2020-11-01,Kankakee,Motor Vehicle Theft,262,46,107502,243.7163959740284,0.17557251908396945
2020-11-01,Kankakee,Aggravated Assault,420,69,107502,390.6904057598928,0.16428571428571428
2020-11-01,Kankakee,Robbery,159,48,107502,147.9042250376737,0.3018867924528302
2020-11-01,Kankakee,Rape,79,24,107502,73.48700489293223,0.3037974683544304
2020-12-01,Kankakee,Violent Crime,515,181,107502,479.0608546817733,0.35145631067961164
2020-12-01,Kankakee,Property Crime,1130,422,107502,1051.1432345444737,0.3734513274336283
2020-12-01,Kankakee,Burglary,319,97,107502,296.7386653271567,0.30407523510971785
2020-12-01,Kankakee,Larceny-Theft,843,265,107502,784.1714572752136,0.3143534994068802
2020-12-01,Kankakee,Motor Vehicle Theft,260,82,107502,241.85596547040984,0.3153846153846154
2020-12-01,Kankakee,Aggravated Assault,424,106,107502,394.4112667671299,0.25
2020-12-01,Kankakee,Robbery,164,26,107502,152.55530129672007,0.15853658536585366
2020-12-01,Kankakee,Rape,67,14,107502,62.324421871221006,0.208955223880597
2021-01-01,Kankakee,Violent Crime,477,139,107502,443.71267511302113,0.2914046121593291
2021-01-01,Kankakee,Property Crime,1182,320,107502,1099.5144276385556,0.2707275803722504
2021-01-01,Kankakee,Burglary,320,104,107502,297.66888057896597,0.325
2021-01-01,Kankakee,Larceny-Theft,862,284,107502,801.8455470595896,0.3294663573085847
2021-01-01,Kankakee,Motor Vehicle Theft,249,68,107502,231.6235977005079,0.27309236947791166
2021-01-01,Kankakee,Aggravated Assault,415,131,107502,386.03932950084646,0.3156626506024096
2021-01-01,Kankakee,Robbery,156,25,107502,145.1135792822459,0.16025641025641027
2021-01-01,Kankakee,Rape,105,38,107502,97.6726014399732,0.3619047619047619
2021-02-01,Kankakee,Violent Crime,558,124,107502,519.0601105095719,0.2222222222222222
2021-02-01,Kankakee,Property Crime,1186,322,107502,1103.2352886457927,0.2715008431703204
2021-02-01,Kankakee,Burglary,322,93,107502,299.5293110825845,0.2888198757763975
2021-02-01,Kankakee,Larceny-Theft,914,268,107502,850.2167401536715,0.29321663019693656
2021-02-01,Kankakee,Motor Vehicle Theft,260,101,107502,241.85596547040984,0.38846153846153847
2021-02-01,Kankakee,Aggravated Assault,412,129,107502,383.24868374541865,0.3131067961165049
2021-02-01,Kankakee,Robbery,173,38,107502,160.92723856300347,0.21965317919075145
2021-02-01,Kankakee,Rape,80,29,107502,74.41722014474149,0.3625
2021-03-01,Kankakee,Violent Crime,569,140,107502,529.2924782794739,0.2460456942003515
2021-03-01,Kankakee,Property Crime,1274,321,107502,1185.0942308050082,0.2519623233908948
2021-03-01,Kankakee,Burglary,401,67,107502,373.0163159755167,0.16708229426433915
2021-03-01,Kankakee,Larceny-Theft,931,330,107502,866.0303994344292,0.3544575725026853
2021-03-01,Kankakee,Motor Vehicle Theft,271,97,107502,252.08833324031184,0.35793357933579334
2021-03-01,Kankakee,Aggravated Assault,473,115,107502,439.9918141057841,0.24312896405919662
2021-03-01,Kankakee,Robbery,185,70,107502,172.0898215847147,0.3783783783783784
2021-03-01,Kankakee,Rape,92,23,107502,85.57980316645272,0.25
2021-04-01,Kankakee,Violent Crime,608,118,107502,565.5708731000353,0.19407894736842105
2021-04-01,Kankakee,Property Crime,1394,483,107502,1296.7200610221205,0.3464849354375897
2021-04-01,Kankakee,Burglary,400,159,107502,372.0861007237075,0.3975
2021-04-01,Kankakee,Larceny-Theft,1008,308,107502,937.6569738237428,0.3055555555555556
2021-04-01,Kankakee,Motor Vehicle Theft,322,98,107502,299.5293110825845,0.30434782608695654
2021-04-01,Kankakee,Aggravated Assault,493,131,107502,458.5961191419695,0.2657200811359026
2021-04-01,Kankakee,Robbery,230,88,107502,213.9495079161318,0.3826086956521739
2021-04-01,Kankakee,Rape,107,23,107502,99.53303194359174,0.21495327102803738
2021-05-01,Kankakee,Violent Crime,682,269,107502,634.4068017339212,0.3944281524926686
2021-05-01,Kankakee,Property Crime,1455,350,107502,1353.463191382486,0.24054982817869416
2021-05-01,Kankakee,Burglary,418,109,107502,388.8299752562743,0.2607655502392344
2021-05-01,Kankakee,Larceny-Theft,1084,184,107502,1008.3533329612474,0.16974169741697417
2021-05-01,Kankakee,Motor Vehicle Theft,332,95,107502,308.8314636006772,0.286144578313253
2021-05-01,Kankakee,Aggravated Assault,533,154,107502,495.80472921434017,0.28893058161350843
2021-05-01,Kankakee,Robbery,240,53,107502,223.2516604342245,0.22083333333333333
2021-05-01,Kankakee,Rape,103,29,107502,95.81217093635466,0.2815533980582524
2021-06-01,Kankakee,Violent Crime,668,210,107502,621.3837882085915,0.3143712574850299
2021-06-01,Kankakee,Property Crime,1560,421,107502,1451.1357928224593,0.26987179487179486
2021-06-01,Kankakee,Burglary,405,82,107502,376.7371769827538,0.20246913580246914
2021-06-01,Kankakee,Larceny-Theft,1111,171,107502,1033.4691447600976,0.15391539153915393
2021-06-01,Kankakee,Motor Vehicle Theft,306,54,107502,284.6458670536362,0.17647058823529413
2021-06-01,Kankakee,Aggravated Assault,522,178,107502,485.5723614444383,0.34099616858237547
2021-06-01,Kankakee,Robbery,233,59,107502,216.74015367155957,0.2532188841201717
2021-06-01,Kankakee,Rape,122,32,107502,113.48626072073078,0.26229508196721313
2021-07-01,Kankakee,Violent Crime,659,228,107502,613.011850942308,0.34597875569044007
2021-07-01,Kankakee,Property Crime,1492,268,107502,1387.881155699429,0.17962466487935658
2021-07-01,Kankakee,Burglary,405,161,107502,376.7371769827538,0.39753086419753086
2021-07-01,Kankakee,Larceny-Theft,1057,216,107502,983.2375211623969,0.2043519394512772
2021-07-01,Kankakee,Motor Vehicle Theft,340,129,107502,316.27318561515136,0.37941176470588234
2021-07-01,Kankakee,Aggravated Assault,547,157,107502,508.82774273966993,0.2870201096892139
2021-07-01,Kankakee,Robbery,222,79,107502,206.50778590165766,0.35585585585585583
2021-07-01,Kankakee,Rape,119,36,107502,110.69561496530297,0.3025210084033613
2021-08-01,Kankakee,Violent Crime,654,206,107502,608.3607746832618,0.3149847094801223
2021-08-01,Kankakee,Property Crime,1473,299,107502,1370.2070659150527,0.20298710115410726
2021-08-01,Kankakee,Burglary,391,115,107502,363.71416345742404,0.29411764705882354
2021-08-01,Kankakee,Larceny-Theft,999,340,107502,929.2850365574593,0.34034034034034033
2021-08-01,Kankakee,Motor Vehicle Theft,340,62,107502,316.27318561515136,0.18235294117647058
2021-08-01,Kankakee,Aggravated Assault,519,180,107502,482.7817156890104,0.3468208092485549
2021-08-01,Kankakee,Robbery,213,43,107502,198.13584863537423,0.20187793427230047
2021-08-01,Kankakee,Rape,87,30,107502,80.92872690740637,0.3448275862068966
2021-09-01,Kankakee,Violent Crime,574,200,107502,533.9435545385202,0.34843205574912894
2021-09-01,Kankakee,Property Crime,1349,238,107502,1254.8603746907036,0.17642698295033357
2021-09-01,Kankakee,Burglary,397,62,107502,369.29545496827967,0.1561712846347607
2021-09-01,Kankakee,Larceny-Theft,998,204,107502,928.3548213056503,0.20440881763527055
2021-09-01,Kankakee,Motor Vehicle Theft,299,66,107502,278.13436029097136,0.22073578595317725
2021-09-01,Kankakee,Aggravated Assault,482,73,107502,448.3637513720675,0.15145228215767634
2021-09-01,Kankakee,Robbery,182,72,107502,169.2991758292869,0.3956043956043956
2021-09-01,Kankakee,Rape,100,16,107502,93.02152518092687,0.16
2021-10-01,Kankakee,Violent Crime,533,188,107502,495.80472921434017,0.3527204502814259
2021-10-01,Kankakee,Property Crime,1221,289,107502,1135.792822459117,0.23669123669123668
2021-10-01,Kankakee,Burglary,352,117,107502,327.4357686368626,0.33238636363636365
2021-10-01,Kankakee,Larceny-Theft,883,165,107502,821.3800673475843,0.1868629671574179
2021-10-01,Kankakee,Motor Vehicle Theft,263,88,107502,244.64661122583766,0.33460076045627374
2021-10-01,Kankakee,Aggravated Assault,420,103,107502,390.6904057598928,0.24523809523809523
2021-10-01,Kankakee,Robbery,198,45,107502,184.1826198582352,0.22727272727272727
2021-10-01,Kankakee,Rape,83,22,107502,77.2078659001693,0.26506024096385544
2021-11-01,Kankakee,Violent Crime,495,158,107502,460.456549645588,0.3191919191919192
2021-11-01,Kankakee,Property Crime,1181,428,107502,1098.5842123867462,0.3624047417442845
2021-11-01,Kankakee,Burglary,350,101,107502,325.57533813324403,0.2885714285714286
2021-11-01,Kankakee,Larceny-Theft,843,129,107502,784.1714572752136,0.15302491103202848
2021-11-01,Kankakee,Motor Vehicle Theft,226,76,107502,210.2286469088947,0.336283185840708
2021-11-01,Kankakee,Aggravated Assault,409,140,107502,380.4580379899909,0.3422982885085575
2021-11-01,Kankakee,Robbery,159,41,107502,147.9042250376737,0.2578616352201258
2021-11-01,Kankakee,Rape,79,30,107502,73.48700489293223,0.379746835443038
2021-12-01,Kankakee,Violent Crime,502,195,107502,466.9680564082529,0.3884462151394422
2021-12-01,Kankakee,Property Crime,1157,195,107502,1076.259046343324,0.16853932584269662
2021-12-01,Kankakee,Burglary,312,94,107502,290.2271585644918,0.30128205128205127
2021-12-01,Kankakee,Larceny-Theft,786,159,107502,731.1491879220852,0.20229007633587787
2021-12-01,Kankakee,Motor Vehicle Theft,207,49,107502,192.55455712451862,0.23671497584541062
2021-12-01,Kankakee,Aggravated Assault,405,75,107502,376.7371769827538,0.18518518518518517
2021-12-01,Kankakee,Robbery,160,47,107502,148.83444028948298,0.29375
2021-12-01,Kankakee,Rape,80,18,107502,74.41722014474149,0.225
2022-01-01,Kankakee,Violent Crime,487,93,107502,453.01482763111386,0.19096509240246407
2022-01-01,Kankakee,Property Crime,1183,257,107502,1100.4446428903648,0.2172442941673711
2022-01-01,Kankakee,Burglary,330,51,107502,306.9710330970587,0.15454545454545454
2022-01-01,Kankakee,Larceny-Theft,797,246,107502,741.3815556919872,0.3086574654956085
2022-01-01,Kankakee,Motor Vehicle Theft,254,59,107502,236.27467395955426,0.23228346456692914
2022-01-01,Kankakee,Aggravated Assault,434,92,107502,403.7134192852226,0.2119815668202765
2022-01-01,Kankakee,Robbery,186,71,107502,173.02003683652396,0.3817204301075269
2022-01-01,Kankakee,Rape,83,12,107502,77.2078659001693,0.14457831325301204
2022-02-01,Kankakee,Violent Crime,526,181,107502,489.2932224516753,0.344106463878327
2022-02-01,Kankakee,Property Crime,1187,302,107502,1104.1655038976019,0.2544229149115417
2022-02-01,Kankakee,Burglary,323,113,107502,300.4595263343938,0.3498452012383901
2022-02-01,Kankakee,Larceny-Theft,859,335,107502,799.0549013041617,0.389988358556461
2022-02-01,Kankakee,Motor Vehicle Theft,275,90,107502,255.8091942475489,0.32727272727272727
2022-02-01,Kankakee,Aggravated Assault,453,128,107502,421.3875090695987,0.282560706401766
2022-02-01,Kankakee,Robbery,187,28,107502,173.95025208833323,0.1497326203208556
2022-02-01,Kankakee,Rape,97,24,107502,90.23087942549907,0.24742268041237114
2022-03-01,Kankakee,Violent Crime,617,241,107502,573.9428103663188,0.3905996758508914
2022-03-01,Kankakee,Property Crime,1394,472,107502,1296.7200610221205,0.3385939741750359
2022-03-01,Kankakee,Burglary,389,134,107502,361.8537329538055,0.3444730077120823
2022-03-01,Kankakee,Larceny-Theft,912,197,107502,848.356309650053,0.21600877192982457
2022-03-01,Kankakee,Motor Vehicle Theft,302,82,107502,280.9250060463992,0.271523178807947
2022-03-01,Kankakee,Aggravated Assault,479,109,107502,445.57310561663974,0.22755741127348644
2022-03-01,Kankakee,Robbery,159,60,107502,147.9042250376737,0.37735849056603776
2022-03-01,Kankakee,Rape,104,17,107502,96.74238618816395,0.16346153846153846
2022-04-01,Kankakee,Violent Crime,621,196,107502,577.6636713735559,0.31561996779388085
2022-04-01,Kankakee,Property Crime,1418,535,107502,1319.045227065543,0.37729196050775743
2022-04-01,Kankakee,Burglary,394,139,107502,366.50480921285185,0.35279187817258884
2022-04-01,Kankakee,Larceny-Theft,1030,159,107502,958.1217093635466,0.15436893203883495
2022-04-01,Kankakee,Motor Vehicle Theft,288,54,107502,267.90199252106936,0.1875
2022-04-01,Kankakee,Aggravated Assault,541,151,107502,503.24645122881435,0.27911275415896486
2022-04-01,Kankakee,Robbery,204,47,107502,189.7639113690908,0.23039215686274508
2022-04-01,Kankakee,Rape,115,37,107502,106.9747539580659,0.3217391304347826
2022-05-01,Kankakee,Violent Crime,653,199,107502,607.4305594314524,0.30474732006125577
2022-05-01,Kankakee,Property Crime,1505,557,107502,1399.9739539729492,0.37009966777408637
2022-05-01,Kankakee,Burglary,404,90,107502,375.8069617309445,0.22277227722772278
2022-05-01,Kankakee,Larceny-Theft,1088,339,107502,1012.0741939684843,0.3115808823529412
2022-05-01,Kankakee,Motor Vehicle Theft,305,78,107502,283.71565180182694,0.25573770491803277
2022-05-01,Kankakee,Aggravated Assault,499,85,107502,464.17741065282513,0.17034068136272545
2022-05-01,Kankakee,Robbery,217,48,107502,201.8567096426113,0.22119815668202766
2022-05-01,Kankakee,Rape,101,25,107502,93.95174043273613,0.24752475247524752
2022-06-01,Kankakee,Violent Crime,630,114,107502,586.0356086398392,0.18095238095238095
2022-06-01,Kankakee,Property Crime,1613,622,107502,1500.4372011683504,0.38561686298822073
2022-06-01,Kankakee,Burglary,459,173,107502,426.96880058045434,0.3769063180827887
2022-06-01,Kankakee,Larceny-Theft,1049,223,107502,975.7957991479228,0.21258341277407056
2022-06-01,Kankakee,Motor Vehicle Theft,313,91,107502,291.1573738163011,0.29073482428115016
2022-06-01,Kankakee,Aggravated Assault,527,208,107502,490.2234377034846,0.3946869070208729
2022-06-01,Kankakee,Robbery,219,53,107502,203.71714014622984,0.2420091324200913
2022-06-01,Kankakee,Rape,118,46,107502,109.7653997134937,0.3898305084745763
2022-07-01,Kankakee,Violent Crime,637,250,107502,592.5471154025041,0.3924646781789639
2022-07-01,Kankakee,Property Crime,1575,243,107502,1465.089021599598,0.15428571428571428
2022-07-01,Kankakee,Burglary,444,109,107502,413.0155718033153,0.24549549549549549
2022-07-01,Kankakee,Larceny-Theft,1034,347,107502,961.8425703707838,0.3355899419729207
2022-07-01,Kankakee,Motor Vehicle Theft,309,61,107502,287.436512809064,0.19741100323624594
2022-07-01,Kankakee,Aggravated Assault,491,177,107502,456.7356886383509,0.3604887983706721
2022-07-01,Kankakee,Robbery,239,69,107502,222.3214451824152,0.28870292887029286
2022-07-01,Kankakee,Rape,109,43,107502,101.3934624472103,0.3944954128440367
2022-08-01,Kankakee,Violent Crime,561,112,107502,521.8507562649997,0.19964349376114082
2022-08-01,Kankakee,Property Crime,1429,302,107502,1329.277594835445,0.21133659902029392
2022-08-01,Kankakee,Burglary,401,136,107502,373.0163159755167,0.33915211970074816
2022-08-01,Kankakee,Larceny-Theft,1026,262,107502,954.4008483563097,0.2553606237816764
2022-08-01,Kankakee,Motor Vehicle Theft,321,67,107502,298.59909583077524,0.2087227414330218
2022-08-01,Kankakee,Aggravated Assault,520,81,107502,483.7119309408197,0.15576923076923077
2022-08-01,Kankakee,Robbery,206,34,107502,191.62434187270932,0.1650485436893204
2022-08-01,Kankakee,Rape,109,38,107502,101.3934624472103,0.3486238532110092
2022-09-01,Kankakee,Violent Crime,580,131,107502,539.5248460493758,0.22586206896551725
2022-09-01,Kankakee,Property Crime,1301,260,107502,1210.2100426038585,0.19984627209838585
2022-09-01,Kankakee,Burglary,399,82,107502,371.1558854718982,0.20551378446115287
2022-09-01,Kankakee,Larceny-Theft,959,163,107502,892.0764264850887,0.16996871741397288
2022-09-01,Kankakee,Motor Vehicle Theft,260,46,107502,241.85596547040984,0.17692307692307693
2022-09-01,Kankakee,Aggravated Assault,417,111,107502,387.899760004465,0.26618705035971224
2022-09-01,Kankakee,Robbery,192,72,107502,178.6013283473796,0.375
2022-09-01,Kankakee,Rape,94,36,107502,87.44023367007127,0.3829787234042553
2022-10-01,Kankakee,Violent Crime,572,120,107502,532.0831240349016,0.2097902097902098
2022-10-01,Kankakee,Property Crime,1198,230,107502,1114.397871667504,0.19198664440734559
2022-10-01,Kankakee,Burglary,360,83,107502,334.8774906513367,0.23055555555555557
2022-10-01,Kankakee,Larceny-Theft,873,161,107502,812.0779148294916,0.18442153493699887
2022-10-01,Kankakee,Motor Vehicle Theft,273,59,107502,253.94876374393036,0.21611721611721613
2022-10-01,Kankakee,Aggravated Assault,417,81,107502,387.899760004465,0.19424460431654678
2022-10-01,Kankakee,Robbery,165,65,107502,153.48551654852935,0.3939393939393939
2022-10-01,Kankakee,Rape,82,15,107502,76.27765064836004,0.18292682926829268
2022-11-01,Kankakee,Violent Crime,518,87,107502,481.8515004372012,0.16795366795366795
2022-11-01,Kankakee,Property Crime,1179,224,107502,1096.723781883128,0.18999151823579305
2022-11-01,Kankakee,Burglary,342,115,107502,318.1336161187699,0.3362573099415205
2022-11-01,Kankakee,Larceny-Theft,843,164,107502,784.1714572752136,0.19454329774614473
2022-11-01,Kankakee,Motor Vehicle Theft,246,57,107502,228.83295194508008,0.23170731707317074
2022-11-01,Kankakee,Aggravated Assault,420,137,107502,390.6904057598928,0.3261904761904762
2022-11-01,Kankakee,Robbery,169,63,107502,157.20637755576638,0.3727810650887574
2022-11-01,Kankakee,Rape,71,28,107502,66.04528287845807,0.39436619718309857
2022-12-01,Kankakee,Violent Crime,458,151,107502,426.038585328645,0.3296943231441048
2022-12-01,Kankakee,Property Crime,1146,233,107502,1066.0266785734218,0.20331588132635253
2022-12-01,Kankakee,Burglary,331,104,107502,307.9012483488679,0.31419939577039274
2022-12-01,Kankakee,Larceny-Theft,805,181,107502,748.8232777064612,0.2248447204968944
2022-12-01,Kankakee,Motor Vehicle Theft,276,80,107502,256.73940949935815,0.2898550724637681
2022-12-01,Kankakee,Aggravated Assault,448,174,107502,416.73643281055234,0.38839285714285715
2022-12-01,Kankakee,Robbery,142,33,107502,132.09056575691613,0.2323943661971831
2022-12-01,Kankakee,Rape,74,24,107502,68.83592863388589,0.32432432432432434
2023-01-01,Kankakee,Violent Crime,461,81,107502,428.82923108407283,0.175704989154013
2023-01-01,Kankakee,Property Crime,1211,355,107502,1126.4906699410244,0.2931461601981833
2023-01-01,Kankakee,Burglary,305,76,107502,283.71565180182694,0.24918032786885247
2023-01-01,Kankakee,Larceny-Theft,824,306,107502,766.4973674908373,0.3713592233009709
2023-01-01,Kankakee,Motor Vehicle Theft,246,49,107502,228.83295194508008,0.1991869918699187
2023-01-01,Kankakee,Aggravated Assault,419,80,107502,389.7601905080836,0.1909307875894988
2023-01-01,Kankakee,Robbery,154,25,107502,143.25314877862738,0.16233766233766234
2023-01-01,Kankakee,Rape,87,20,107502,80.92872690740637,0.22988505747126436
2023-02-01,Kankakee,Violent Crime,496,116,107502,461.38676489739726,0.23387096774193547
2023-02-01,Kankakee,Property Crime,1246,369,107502,1159.0482037543488,0.29614767255216695
2023-02-01,Kankakee,Burglary,338,71,107502,314.41275511153276,0.21005917159763313
2023-02-01,Kankakee,Larceny-Theft,922,251,107502,857.6584621681457,0.272234273318872
2023-02-01,Kankakee,Motor Vehicle Theft,255,72,107502,237.2048892113635,0.2823529411764706
2023-02-01,Kankakee,Aggravated Assault,464,139,107502,431.61987683950065,0.2995689655172414
2023-02-01,Kankakee,Robbery,171,58,107502,159.06680805938495,0.3391812865497076
2023-02-01,Kankakee,Rape,85,27,107502,79.06829640378784,0.3176470588235294
2023-03-01,Kankakee,Violent Crime,601,93,107502,559.0593663373704,0.15474209650582363
2023-03-01,Kankakee,Property Crime,1278,458,107502,1188.8150918122453,0.35837245696400627
2023-03-01,Kankakee,Burglary,373,140,107502,346.97028892485724,0.3753351206434316
2023-03-01,Kankakee,Larceny-Theft,998,201,107502,928.3548213056503,0.20140280561122245
2023-03-01,Kankakee,Motor Vehicle Theft,296,110,107502,275.34371453554354,0.3716216216216216
2023-03-01,Kankakee,Aggravated Assault,448,135,107502,416.73643281055234,0.3013392857142857
2023-03-01,Kankakee,Robbery,201,33,107502,186.97326561366302,0.16417910447761194
2023-03-01,Kankakee,Rape,101,23,107502,93.95174043273613,0.22772277227722773
2023-04-01,Kankakee,Violent Crime,627,214,107502,583.2449628844115,0.3413078149920255
2023-04-01,Kankakee,Property Crime,1456,581,107502,1354.3934066342952,0.39903846153846156
2023-04-01,Kankakee,Burglary,405,141,107502,376.7371769827538,0.34814814814814815
2023-04-01,Kankakee,Larceny-Theft,1007,395,107502,936.7267585719336,0.39225422045680236
2023-04-01,Kankakee,Motor Vehicle Theft,305,114,107502,283.71565180182694,0.3737704918032787
2023-04-01,Kankakee,Aggravated Assault,495,175,107502,460.456549645588,0.35353535353535354
2023-04-01,Kankakee,Robbery,194,68,107502,180.46175885099814,0.35051546391752575
2023-04-01,Kankakee,Rape,111,19,107502,103.25389295082883,0.17117117117117117
2023-05-01,Kankakee,Violent Crime,599,95,107502,557.198935833752,0.15859766277128548
2023-05-01,Kankakee,Property Crime,1499,433,107502,1394.3926624620938,0.28885923949299536
2023-05-01,Kankakee,Burglary,416,97,107502,386.9695447526558,0.23317307692307693
2023-05-01,Kankakee,Larceny-Theft,1039,330,107502,966.4936466298301,0.3176130895091434
2023-05-01,Kankakee,Motor Vehicle Theft,332,54,107502,308.8314636006772,0.16265060240963855
2023-05-01,Kankakee,Aggravated Assault,502,104,107502,466.9680564082529,0.20717131474103587
2023-05-01,Kankakee,Robbery,208,41,107502,193.4847723763279,0.1971153846153846
2023-05-01,Kankakee,Rape,116,30,107502,107.90496920987516,0.25862068965517243
2023-06-01,Kankakee,Violent Crime,624,207,107502,580.4543171289836,0.3317307692307692
2023-06-01,Kankakee,Property Crime,1510,317,107502,1404.6250302319957,0.2099337748344371
2023-06-01,Kankakee,Burglary,448,175,107502,416.73643281055234,0.390625
2023-06-01,Kankakee,Larceny-Theft,1063,229,107502,988.8188126732526,0.2154280338664158
2023-06-01,Kankakee,Motor Vehicle Theft,303,70,107502,281.8552212982084,0.23102310231023102
2023-06-01,Kankakee,Aggravated Assault,539,107,107502,501.3860207251958,0.19851576994434136
2023-06-01,Kankakee,Robbery,238,80,107502,221.39122993060593,0.33613445378151263
2023-06-01,Kankakee,Rape,119,33,107502,110.69561496530297,0.2773109243697479
2023-07-01,Kankakee,Violent Crime,691,110,107502,642.7787390002046,0.15918958031837915
2023-07-01,Kankakee,Property Crime,1531,541,107502,1424.1595505199903,0.35336381450032656
2023-07-01,Kankakee,Burglary,392,83,107502,364.6443787092333,0.21173469387755103
2023-07-01,Kankakee,Larceny-Theft,1122,404,107502,1043.7015125299995,0.3600713012477718
2023-07-01,Kankakee,Motor Vehicle Theft,292,60,107502,271.62285352830645,0.2054794520547945
2023-07-01,Kankakee,Aggravated Assault,524,95,107502,487.4327919480568,0.18129770992366412
2023-07-01,Kankakee,Robbery,212,77,107502,197.20563338356496,0.3632075471698113
2023-07-01,Kankakee,Rape,82,25,107502,76.27765064836004,0.3048780487804878
2023-08-01,Kankakee,Violent Crime,652,243,107502,606.5003441796431,0.3726993865030675
2023-08-01,Kankakee,Property Crime,1352,466,107502,1257.651020446131,0.34467455621301774
2023-08-01,Kankakee,Burglary,439,165,107502,408.36449554426895,0.37585421412300685
2023-08-01,Kankakee,Larceny-Theft,1010,258,107502,939.5174043273613,0.25544554455445545
2023-08-01,Kankakee,Motor Vehicle Theft,302,72,107502,280.9250060463992,0.23841059602649006
2023-08-01,Kankakee,Aggravated Assault,530,170,107502,493.0140834589124,0.32075471698113206
2023-08-01,Kankakee,Robbery,210,70,107502,195.3452028799464,0.3333333333333333
2023-08-01,Kankakee,Rape,91,25,107502,84.64958791464345,0.27472527472527475
2023-09-01,Kankakee,Violent Crime,572,135,107502,532.0831240349016,0.23601398601398602
2023-09-01,Kankakee,Property Crime,1406,265,107502,1307.8826440438318,0.18847795163584638
2023-09-01,Kankakee,Burglary,389,111,107502,361.8537329538055,0.2853470437017995
2023-09-01,Kankakee,Larceny-Theft,938,242,107502,872.541906197094,0.2579957356076759
2023-09-01,Kankakee,Motor Vehicle Theft,288,114,107502,267.90199252106936,0.3958333333333333
2023-09-01,Kankakee,Aggravated Assault,441,108,107502,410.2249260478875,0.24489795918367346
2023-09-01,Kankakee,Robbery,193,48,107502,179.53154359918884,0.24870466321243523
2023-09-01,Kankakee,Rape,84,24,107502,78.13808115197857,0.2857142857142857
2023-10-01,Kankakee,Violent Crime,503,197,107502,467.89827166006216,0.39165009940357853
2023-10-01,Kankakee,Property Crime,1250,473,107502,1162.7690647615857,0.3784
2023-10-01,Kankakee,Burglary,355,101,107502,330.22641439229034,0.28450704225352114
2023-10-01,Kankakee,Larceny-Theft,846,331,107502,786.9621030306412,0.3912529550827423
2023-10-01,Kankakee,Motor Vehicle Theft,256,65,107502,238.13510446317278,0.25390625
2023-10-01,Kankakee,Aggravated Assault,425,129,107502,395.3414820189392,0.3035294117647059
2023-10-01,Kankakee,Robbery,171,28,107502,159.06680805938495,0.16374269005847952
2023-10-01,Kankakee,Rape,83,22,107502,77.2078659001693,0.26506024096385544
2023-11-01,Kankakee,Violent Crime,529,202,107502,492.0838682071031,0.3818525519848771
2023-11-01,Kankakee,Property Crime,1161,238,107502,1079.9799073505608,0.2049956933677864
2023-11-01,Kankakee,Burglary,353,116,107502,328.36598388867185,0.3286118980169972
2023-11-01,Kankakee,Larceny-Theft,775,176,107502,720.9168201521833,0.2270967741935484
2023-11-01,Kankakee,Motor Vehicle Theft,263,57,107502,244.64661122583766,0.21673003802281368
2023-11-01,Kankakee,Aggravated Assault,421,135,107502,391.6206210117021,0.32066508313539194
2023-11-01,Kankakee,Robbery,131,49,107502,121.8581979870142,0.37404580152671757
2023-11-01,Kankakee,Rape,80,16,107502,74.41722014474149,0.2
2023-12-01,Kankakee,Violent Crime,502,189,107502,466.9680564082529,0.37649402390438247
2023-12-01,Kankakee,Property Crime,1132,196,107502,1053.003665048092,0.17314487632508835
2023-12-01,Kankakee,Burglary,329,64,107502,306.04081784524936,0.1945288753799392
2023-12-01,Kankakee,Larceny-Theft,826,315,107502,768.357797994456,0.3813559322033898
2023-12-01,Kankakee,Motor Vehicle Theft,219,34,107502,203.71714014622984,0.1552511415525114
2023-12-01,Kankakee,Aggravated Assault,402,107,107502,373.94653122732603,0.26616915422885573
2023-12-01,Kankakee,Robbery,163,50,107502,151.62508604491077,0.3067484662576687
2023-12-01,Kankakee,Rape,93,33,107502,86.51001841826198,0.3548387096774194
2024-01-01,Kankakee,Violent Crime,505,123,107502,469.75870216368065,0.24356435643564356
2024-01-01,Kankakee,Property Crime,1155,256,107502,1074.3986158397054,0.22164502164502164
2024-01-01,Kankakee,Burglary,323,63,107502,300.4595263343938,0.19504643962848298
2024-01-01,Kankakee,Larceny-Theft,824,281,107502,766.4973674908373,0.34101941747572817
2024-01-01,Kankakee,Motor Vehicle Theft,258,77,107502,239.99553496679133,0.29844961240310075
2024-01-01,Kankakee,Aggravated Assault,429,153,107502,399.0623430261762,0.35664335664335667
2024-01-01,Kankakee,Robbery,149,22,107502,138.60207251958101,0.1476510067114094
2024-01-01,Kankakee,Rape,85,26,107502,79.06829640378784,0.3058823529411765
2024-02-01,Kankakee,Violent Crime,547,198,107502,508.82774273966993,0.3619744058500914
2024-02-01,Kankakee,Property Crime,1203,377,107502,1119.0489479265502,0.31338320864505403
2024-02-01,Kankakee,Burglary,393,141,107502,365.5745939610426,0.35877862595419846
2024-02-01,Kankakee,Larceny-Theft,855,167,107502,795.3340402969246,0.1953216374269006
2024-02-01,Kankakee,Motor Vehicle Theft,264,53,107502,245.5768264776469,0.20075757575757575
2024-02-01,Kankakee,Aggravated Assault,449,74,107502,417.6666480623616,0.16481069042316257
2024-02-01,Kankakee,Robbery,171,39,107502,159.06680805938495,0.22807017543859648
2024-02-01,Kankakee,Rape,81,15,107502,75.34743539655076,0.18518518518518517
2024-03-01,Kankakee,Violent Crime,562,115,107502,522.7809715168089,0.20462633451957296
2024-03-01,Kankakee,Property Crime,1347,321,107502,1252.9999441870848,0.2383073496659243
2024-03-01,Kankakee,Burglary,369,94,107502,343.2494279176201,0.25474254742547425
2024-03-01,Kankakee,Larceny-Theft,965,178,107502,897.6577179959443,0.1844559585492228
2024-03-01,Kankakee,Motor Vehicle Theft,318,51,107502,295.8084500753474,0.16037735849056603
2024-03-01,Kankakee,Aggravated Assault,461,79,107502,428.82923108407283,0.17136659436008678
2024-03-01,Kankakee,Robbery,194,59,107502,180.46175885099814,0.30412371134020616
2024-03-01,Kankakee,Rape,84,27,107502,78.13808115197857,0.32142857142857145
2024-04-01,Kankakee,Violent Crime,585,110,107502,544.1759223084222,0.18803418803418803
2024-04-01,Kankakee,Property Crime,1397,444,107502,1299.5107067775484,0.3178239083750895
2024-04-01,Kankakee,Burglary,403,65,107502,374.87674647913525,0.16129032258064516
2024-04-01,Kankakee,Larceny-Theft,1059,254,107502,985.0979516660155,0.23984891406987724
2024-04-01,Kankakee,Motor Vehicle Theft,274,86,107502,254.8789789957396,0.31386861313868614
2024-04-01,Kankakee,Aggravated Assault,522,150,107502,485.5723614444383,0.28735632183908044
2024-04-01,Kankakee,Robbery,237,62,107502,220.4610146787967,0.2616033755274262
2024-04-01,Kankakee,Rape,94,26,107502,87.44023367007127,0.2765957446808511
2024-05-01,Kankakee,Violent Crime,629,126,107502,585.1053933880299,0.20031796502384738
2024-05-01,Kankakee,Property Crime,1479,544,107502,1375.7883574259083,0.367816091954023
2024-05-01,Kankakee,Burglary,445,136,107502,413.9457870551246,0.3056179775280899
2024-05-01,Kankakee,Larceny-Theft,1091,220,107502,1014.8648397239122,0.2016498625114574
2024-05-01,Kankakee,Motor Vehicle Theft,342,69,107502,318.1336161187699,0.20175438596491227
2024-05-01,Kankakee,Aggravated Assault,538,210,107502,500.45580547338653,0.3903345724907063
2024-05-01,Kankakee,Robbery,225,41,107502,209.29843165708547,0.18222222222222223
2024-05-01,Kankakee,Rape,89,21,107502,82.78915741102492,0.23595505617977527
2024-06-01,Kankakee,Violent Crime,642,237,107502,597.1981916615505,0.3691588785046729
2024-06-01,Kankakee,Property Crime,1539,373,107502,1431.6012725344644,0.24236517218973358
2024-06-01,Kankakee,Burglary,431,111,107502,400.9227735297948,0.25754060324825984
2024-06-01,Kankakee,Larceny-Theft,1100,395,107502,1023.2367769901956,0.35909090909090907
2024-06-01,Kankakee,Motor Vehicle Theft,354,74,107502,329.2961991404811,0.20903954802259886
2024-06-01,Kankakee,Aggravated Assault,595,184,107502,553.4780748265148,0.3092436974789916
2024-06-01,Kankakee,Robbery,229,38,107502,213.0192926643225,0.16593886462882096
2024-06-01,Kankakee,Rape,97,24,107502,90.23087942549907,0.24742268041237114
2024-07-01,Kankakee,Violent Crime,613,180,107502,570.2219493590817,0.2936378466557912
2024-07-01,Kankakee,Property Crime,1485,442,107502,1381.369648936764,0.29764309764309765
2024-07-01,Kankakee,Burglary,400,140,107502,372.0861007237075,0.35
2024-07-01,Kankakee,Larceny-Theft,1075,372,107502,999.9813956949637,0.34604651162790695
2024-07-01,Kankakee,Motor Vehicle Theft,311,83,107502,289.2969433126826,0.26688102893890675
2024-07-01,Kankakee,Aggravated Assault,576,216,107502,535.8039850421387,0.375
2024-07-01,Kankakee,Robbery,182,59,107502,169.2991758292869,0.3241758241758242
2024-07-01,Kankakee,Rape,97,17,107502,90.23087942549907,0.17525773195876287
2024-08-01,Kankakee,Violent Crime,599,200,107502,557.198935833752,0.333889816360601
2024-08-01,Kankakee,Property Crime,1452,469,107502,1350.672545627058,0.32300275482093666
2024-08-01,Kankakee,Burglary,436,98,107502,405.5738497888412,0.22477064220183487
2024-08-01,Kankakee,Larceny-Theft,1042,393,107502,969.2842923852579,0.3771593090211132
2024-08-01,Kankakee,Motor Vehicle Theft,307,105,107502,285.5760823054455,0.34201954397394135
2024-08-01,Kankakee,Aggravated Assault,497,196,107502,462.31698014920653,0.39436619718309857
2024-08-01,Kankakee,Robbery,211,45,107502,196.2754181317557,0.2132701421800948
2024-08-01,Kankakee,Rape,102,20,107502,94.8819556845454,0.19607843137254902
2024-09-01,Kankakee,Violent Crime,533,147,107502,495.80472921434017,0.275797373358349
2024-09-01,Kankakee,Property Crime,1378,279,107502,1281.8366169931724,0.20246734397677793
2024-09-01,Kankakee,Burglary,390,137,107502,362.7839482056148,0.35128205128205126
2024-09-01,Kankakee,Larceny-Theft,975,243,107502,906.959870514037,0.24923076923076923
2024-09-01,Kankakee,Motor Vehicle Theft,289,112,107502,268.83220777287863,0.3875432525951557
2024-09-01,Kankakee,Aggravated Assault,471,149,107502,438.1313836021655,0.31634819532908703
2024-09-01,Kankakee,Robbery,203,35,107502,188.83369611728153,0.1724137931034483
2024-09-01,Kankakee,Rape,95,36,107502,88.37044892188052,0.37894736842105264
2024-10-01,Kankakee,Violent Crime,526,151,107502,489.2932224516753,0.2870722433460076
2024-10-01,Kankakee,Property Crime,1175,469,107502,1093.0029208758906,0.39914893617021274
2024-10-01,Kankakee,Burglary,335,81,107502,311.622109356105,0.2417910447761194
2024-10-01,Kankakee,Larceny-Theft,921,241,107502,856.7282469163365,0.26167209554831705
2024-10-01,Kankakee,Motor Vehicle Theft,280,48,107502,260.46027050659524,0.17142857142857143
2024-10-01,Kankakee,Aggravated Assault,440,120,107502,409.2947107960782,0.2727272727272727
2024-10-01,Kankakee,Robbery,164,36,107502,152.55530129672007,0.21951219512195122
2024-10-01,Kankakee,Rape,106,20,107502,98.60281669178248,0.18867924528301888
2024-11-01,Kankakee,Violent Crime,494,78,107502,459.52633439377877,0.15789473684210525
2024-11-01,Kankakee,Property Crime,1154,175,107502,1073.468400587896,0.15164644714038128
2024-11-01,Kankakee,Burglary,319,79,107502,296.7386653271567,0.2476489028213166
2024-11-01,Kankakee,Larceny-Theft,788,258,107502,733.0096184257037,0.32741116751269034
2024-11-01,Kankakee,Motor Vehicle Theft,256,47,107502,238.13510446317278,0.18359375
2024-11-01,Kankakee,Aggravated Assault,412,110,107502,383.24868374541865,0.2669902912621359
2024-11-01,Kankakee,Robbery,152,58,107502,141.39271827500883,0.3815789473684211
2024-11-01,Kankakee,Rape,89,19,107502,82.78915741102492,0.21348314606741572
2024-12-01,Kankakee,Violent Crime,516,146,107502,479.99106993358265,0.28294573643410853
2024-12-01,Kankakee,Property Crime,1149,183,107502,1068.8173243288497,0.15926892950391644
2024-12-01,Kankakee,Burglary,307,86,107502,285.5760823054455,0.28013029315960913
2024-12-01,Kankakee,Larceny-Theft,835,322,107502,776.7297352607393,0.38562874251497004
2024-12-01,Kankakee,Motor Vehicle Theft,267,61,107502,248.36747223307472,0.22846441947565543
2024-12-01,Kankakee,Aggravated Assault,409,112,107502,380.4580379899909,0.27383863080684595
2024-12-01,Kankakee,Robbery,174,40,107502,161.85745381481274,0.22988505747126436
2024-12-01,Kankakee,Rape,86,22,107502,79.9985116555971,0.2558139534883721
